0.00030666707830872105 9.9999999999999995e-07 0
0.00065064456880263176 9.9999999999999995e-07 0
0.00065578468126047432 0.000159778121542711 0
0.00040693284478775379 0.00036048361103475706 0
0.00033037148930016932 0.00034094420008047571 0
0.00065264561653456622 9.9999999999999995e-07 1
0.0010331247963769761 9.9999999999999995e-07 1
0.00093117658207324326 0.0003518726293324215 1
0.00085210496432735626 0.00035287513189844074 1
0.00065778690088000844 0.00015981432116154989 1
0.0011758719387338686 9.9999999999999995e-07 2
0.0015822831864116531 9.9999999999999995e-07 2
0.0015758535838554372 0.00017269222468825352 2
0.0012856915297843022 0.00025608901181781656 2
0.0015842845883044944 9.9999999999999995e-07 3
0.0019836281827383994 9.9999999999999995e-07 3
0.0019662424270096702 0.00014129074408310361 3
0.0016672737588425575 0.00029690975027228694 3
0.0015778379685944934 0.00017314664048856493 3
0.0025999539673970565 1.0000000000000002e-06 4
0.0030098262773241235 9.9999999999999995e-07 4
0.0029930077920355233 9.7907999735940703e-05 4
0.002730841430586251 0.00031204175289766201 4
0.0026534075700316764 0.00029595346665137016 4
0.0036308886578304586 9.9999999999999974e-07 5
0.0040497502364250492 9.9999999999999974e-07 5
0.0040146845091823648 0.00017610327887237131 5
0.0037039788003847139 0.00026317892541741428 5
0.0047413234624241992 9.9999999999999995e-07 6
0.0051694528828265572 9.9999999999999995e-07 6
0.005164353803157949 0.00013468048238693558 6
0.005029365261430524 0.00027585820687519083 6
0.0047634506358815581 0.00012237999105917056 6
0.0051714543372461093 9.9999999999999995e-07 7
0.0055348252651984736 9.9999999999999995e-07 7
0.0054343483978866718 0.00032936457418453722 7
0.0051663582389122982 0.00013460232195412541 7
0.005791567010731212 9.9999999999999995e-07 8
0.0062188299753798901 9.9999999999999995e-07 8
0.006208130472028341 0.00017546786230153229 8
0.0060566466040827124 0.00028458418393680464 8
0.0058137922172984951 7.6397937835326332e-05 8
0.0062208337327899557 9.9999999999999995e-07 9
0.0065531654373180591 9.9999999999999995e-07 9
0.0065611297277171849 0.00015307784967562944 9
0.0064140670690619912 0.00030661255473235787 9
0.006210133594618061 0.00017547821378655046 9
0.0065551681780387592 9.9999999999999995e-07 10
0.0069155170221875152 9.9999999999999995e-07 10
0.0068222245904208233 0.00031575824259712026 10
0.0065631224658850565 0.00015288685127534191 10
0.007745739280192108 9.9999999999999995e-07 11
0.008140585140517187 9.9999999999999995e-07 11
0.0080994241155873045 0.00021624419967431559 11
0.0078042991761430583 0.00025916830894214985 11
0.0096290154318803833 9.9999999999999995e-07 12
0.0099609186506929952 9.9999999999999995e-07 12
0.0098626035219019099 0.00032910687539847248 12
0.0097016867580622685 0.00031506089430959126 12
0.010141548857104821 9.9999999999999995e-07 13
0.010552810890569312 9.9999999999999995e-07 13
0.010550760962581436 0.00012012592127104729 13
0.010430203874706747 0.00024965960855197677 13
0.01020458580036666 0.00018975163970698746 13
0.010554811186665297 1.0000000000000002e-06 14
0.010935764725722845 1.0000000000000002e-06 14
0.010927326026109775 0.00015251992799527884 14
0.010759727752919678 0.0002803092744592469 14
0.010552762691159775 0.00012004267650273133 14
0.010937767825105256 9.9999999999999995e-07 15
0.011273182617151345 9.9999999999999995e-07 15
0.011282632508121629 0.00016804819318143603 15
0.011117252054732149 0.00034799608811395688 15
0.010929321528493902 0.00015265633486906345 15
0.011275185814742947 9.9999999999999995e-07 16
0.011625000233610343 9.9999999999999995e-07 16
0.011625760100465551 0.00015050589641493062 16
0.011462650880709266 0.00027450961167299799 16
0.011284623262809658 0.00016782823672202338 16
0.011627000259442194 9.9999999999999995e-07 17
0.011976824751273568 9.9999999999999995e-07 17
0.011961525074735762 0.00016799966367308429 17
0.01177662390188142 0.0002680014107281368 17
0.011627760163770031 0.00015051326925825167 17
0.011978833127045979 1.0000000000000002e-06 18
0.012311868856737785 1.0000000000000002e-06 18
0.012208535497885158 0.00032358534318174039 18
0.012123308847228341 0.00032905128228089984 18
0.011963510453383492 0.00016825068284184822 18
9.9999999999999995e-07 1.0000000000000002e-06 19
0.00030466222189020909 9.9999999999999995e-07 19
0.00032834884321272621 0.00034068907900715811 19
9.9999999999999995e-07 0.00032712780794486886 19
0.00085025458656559172 0.00035385601812551091 20
0.00065608728816573625 0.00053416507793656927 20
0.00040883508205987823 0.00036151883061069992 20
0.00065673087243486492 0.00016158441720449845 20
0.001035207508934641 9.9999999999999995e-07 21
0.0011736944695790851 9.9999999999999995e-07 21
0.0012840607757662469 0.00025735892206461207 21
0.0012508404671846521 0.00037155073405362686 21
0.00099601856116267643 0.00042040609728462156 21
0.0009330485475992599 0.00035259795214090275 21
0.0015901767796137707 0.00046553452288352964 22
0.0013398573108573933 0.00048504700987730937 22
0.0012527319253184401 0.00037220884585301546 22
0.0012859274668937256 0.00025810216821249966 22
0.001576426773288 0.00017460844986878513 22
0.001665976829190797 0.00029852968284605174 22
0.0016678570414188575 0.00037804216083510889 22
0.0019046657474297184 0.00050223137327993367 23
0.001669851934744746 0.00037780256074430532 23
0.0016679836610441279 0.00029879495230472771 23
0.0019667598235248111 0.00014327614906922367 23
0.0020724261519635481 0.00033813397006374738 23
0.0019856434820249638 9.9999999999999995e-07 24
0.0023424958358286745 9.9999999999999995e-07 24
0.002322276890232366 0.00030267621419835858 24
0.0022149136245008753 0.00036967850845824797 24
0.0020743288484977619 0.00033744715936736322 24
0.0019682020318942078 0.00014174015849013013 24
0.002344500322745106 9.9999999999999995e-07 25
0.0025979213894158212 9.9999999999999995e-07 25
0.0026514549334343716 0.00029639457795457619 25
0.002546893809238223 0.00038202059470594286 25
0.0023242887612004576 0.00030256604066138836 25
0.0027325459595335094 0.00031323187264418659 26
0.0029935376788731219 0.0001000575504413898 26
0.0031103782043999961 0.00036961889641547039 26
0.0028784789095552461 0.00047697046339339506 26
0.0030118561738412936 9.9999999999999995e-07 27
0.0033572114482512605 9.9999999999999995e-07 27
0.0033420708032351966 0.00032162746872580828 27
0.0031926581826945302 0.00039956152126597807 27
0.0031124328158915666 0.00036933008783579519 27
0.0029949656571689035 9.8323044087527696e-05 27
0.0033592136769193485 9.9999999999999995e-07 28
0.0036288123938015759 9.9999999999999974e-07 28
0.0037022343434893502 0.00026436913841566378 28
0.0036746997226974674 0.00033897514435709338 28
0.0035484513357431705 0.00040354996301900499 28
0.0033440750337571153 0.00032158507625667956 28
0.0036766807711801621 0.00033938378289087042 29
0.003704045835914045 0.00026523719494419965 29
0.0040150084212706993 0.00017808955843622999 29
0.0041035604784175946 0.00036137862275124655 29
0.0038930336375901614 0.00052623771271862526 29
0.0040517899452532794 9.9999999999999995e-07 30
0.0043811848165069816 1.0000000000000002e-06 30
0.0043861709913695958 0.0003207120874712257 30
0.004226022698975181 0.00040253359665578408 30
0.0041055310623125145 0.00036085992309238627 30
0.0040165911082598428 0.00017676797216805871 30
0.0043831850597220575 9.9999999999999995e-07 31
0.0047392905019309666 9.9999999999999995e-07 31
0.004761499595157823 0.00012282936706773867 31
0.0046076835503570798 0.00038556339150414535 31
0.0043881690026258474 0.00032056897491805636 31
0.0049022685118816677 0.00050291909583368712 32
0.0046096012556357943 0.00038624634651293578 32
0.0047629107312779726 0.00012437759561712445 32
0.0050285351898699026 0.00027768833547441295 32
0.0050263171638949286 0.00040362551458202549 32
0.0052391822006184969 0.00050783335720142075 33
0.005028319733179549 0.00040349724410318054 33
0.0050305383713514992 0.00027752530509599104 33
0.0051654575485245002 0.00013642012550546092 33
0.005433313380259981 0.00033108475521240806 33
0.0055369168014587772 9.9999999999999995e-07 34
0.0057894819298444826 9.9999999999999995e-07 34
0.0058118629623807932 7.6926569895068516e-05 34
0.0057033298986397408 0.00036640828606335267 34
0.0055705043111336757 0.00040476140798507011 34
0.0054360880632582454 0.00033051450986264366 34
0.0057053297840748383 0.00036677119016254939 35
0.0058133511953608651 7.8654164399722808e-05 35
0.0060554838620136787 0.00028622171793038758 35
0.0060309710838644783 0.00039387344351062253 35
0.0058902646705512535 0.00046869125179455296 35
0.0062362153286601189 0.00059153034899848066 36
0.006032944380928813 0.00039421554066410019 36
0.0060574840293402977 0.00028644581009543629 36
0.0062091315018810355 0.0001772116413793957 36
0.0064132695069054144 0.00030847750062029119 36
0.0064207400446320397 0.00038743715465373364 36
0.0068211121424194788 0.00031742127698691937 37
0.0066000643645781846 0.00050218164708005001 37
0.0064227270473862169 0.00038720537930088189 37
0.0064152579199087904 0.00030826063085961241 37
0.0065623091126010098 0.00015473789636876093 37
0.0069176030225329768 9.9999999999999995e-07 38
0.0071355144984463683 9.9999999999999995e-07 38
0.0071508497399539349 0.00032870762635808115 38
0.0069269823713612099 0.00039838135159660584 38
0.0068239597908059035 0.00031694180247375699 38
0.0071375166870674672 9.9999999999999995e-07 39
0.0074547764424345436 9.9999999999999995e-07 39
0.0074516859057111723 0.00032350012634141536 39
0.0072664131619021664 0.00039399188090100281 39
0.0071528580447350089 0.0003288383261104805 39
0.0074567765342673951 1.0000000000000002e-06 40
0.0077436884743913408 9.9999999999999995e-07 40
0.0078024761554022033 0.00026017252663695087 40
0.007763228955034342 0.00034201253059980475 40
0.00759466185219701 0.00039872620902863686 40
0.007453685088804396 0.0003235949540917048 40
0.0077651229844924244 0.00034268827052580039 41
0.0078041996736119487 0.00026120382418511745 41
0.0080997096964380583 0.00021822370690524761 41
0.0081980810464708093 0.00040962007937066848 41
0.0079236929110433497 0.00053877799113386275 41
0.0081426213808700743 9.9999999999999995e-07 42
0.0084504946958512961 9.9999999999999995e-07 42
0.0084467523042589289 0.00030636142293368385 42
0.008199911809675919 0.00040880692209333718 42
0.0081013195197085879 0.00021698067749545587 42
0.0084524948460457175 9.9999999999999995e-07 43
0.00877512703254308 9.9999999999999995e-07 43
0.0087763831803792745 0.00031156915169110693 43
0.008585758120876353 0.00039537808622891474 43
0.0084487508349890064 0.00030649356355154155 43
0.0087771270489023188 9.9999999999999995e-07 44
0.0090942208596286791 9.9999999999999995e-07 44
0.0090934014881854184 0.00032444168891083882 44
0.0089333536306721376 0.0003916968161363296 44
0.0087783833643411101 0.00031161058964544535 44
0.0090962208660462229 9.9999999999999995e-07 45
0.0094029476610357817 9.9999999999999995e-07 45
0.0093869707393456382 0.00032525258371206712 45
0.0092463917980024832 0.00039205492638376605 45
0.0090954014490749087 0.0003244596608212169 45
0.0094049500873998326 9.9999999999999995e-07 46
0.0096269625875362169 9.9999999999999995e-07 46
0.0096997499639733982 0.00031556242426477118 46
0.0095809450791709341 0.00039888493330437504 46
0.00938897452769882 0.0003252249420609768 46
0.0099630065072908898 9.9999999999999995e-07 47
0.010139440270471728 9.9999999999999995e-07 47
0.010202724152042642 0.00019049104755788636 47
0.010103878545309187 0.00037774627005644648 47
0.0099478030933009449 0.00040434574795131868 47
0.0098644681085325626 0.00032985199379706123 47
0.01027326493937482 0.00052884810228027014 48
0.0101057811048489 0.00037842633261592933 48
0.010204320826130478 0.00019175058603181213 48
0.010429595705725865 0.00025156742698231269 48
0.010445570484514685 0.00042422072998327348 48
0.01060331967090241 0.00050174140366944725 49
0.010447568270159198 0.0004241044695180017 49
0.010431564117762073 0.00025113370043119791 49
0.010551864037888558 0.00012187632943545831 49
0.010758693378021471 0.00028203782925008669 49
0.010751582315528141 0.00040124958775328355 49
0.010945764685726464 0.00052144530202916312 50
0.010753584781444701 0.00040126784617897343 50
0.010760693963487963 0.00028208761204498873 50
0.010928196271753779 0.00015437143635255672 50
0.01111587179315732 0.00034944613110756876 50
0.011468194492357524 0.00042839731315260884 51
0.01130506382969643 0.00052944601171798058 51
0.011118665107382082 0.00034941419113344293 51
0.011283839697820403 0.00016969029247101676 51
0.011461741101137513 0.00027629603452099277 51
0.011772398233762155 0.00042854429061467869 52
0.011639622237030073 0.00051975472229490551 52
0.011470193402111433 0.00042832920774904662 52
0.011463738614427997 0.0002761950155894552 52
0.011626751168844098 0.0001522647901153347 52
0.011775511326666984 0.00026967118262645164 52
0.012121579488972318 0.00033014838852376134 53
0.011972067463679566 0.00051588356945405517 53
0.011774400813908981 0.00042843220875360438 53
0.011777509258051752 0.00026979634497825098 53
0.011962289900454739 0.00016985978548000446 53
0.012313968961979237 9.9999999999999995e-07 54
0.012497879119419877 9.9999999999999974e-07 54
0.012542526823484456 0.00035125012258789724 54
0.012331711769311578 0.00041315939862970972 54
0.012210451738137932 0.00032415933159294508 54
0.012499895303501152 9.9999999999999974e-07 55
0.012836319967579694 9.9999999999999995e-07 55
0.01283011476577417 0.00032488112097763113 55
0.012640280174231569 0.00039821610534124756 55
0.012544550445135874 0.00035130846847395797 55
0.012838320334608968 9.9999999999999995e-07 56
0.013198348774852004 9.9999999999999995e-07 56
0.013197873775438984 0.00030144657440381539 56
0.012969181237871712 0.00039932907887868459 56
0.012832113183391052 0.00032498287074984671 56
0.013200348777351493 9.9999999999999995e-07 57
0.013599 9.9999999999999995e-07 57
0.013599 0.0003510647473471875 57
0.01333490968309683 0.00040073509443080187 57
0.013199873533901089 0.00030160093290165237 57
9.9999999999999995e-07 0.00070040571213903955 58
9.9999999999999995e-07 0.00032912952345368112 58
0.00032927824902062412 0.00034272929755133801 58
0.00040578607543876547 0.00036225504722076893 58
0.00028439495840659528 0.00064190758068744479 58
0.00028629519966143934 0.00064255275451153768 59
0.0004076011099786166 0.00036309651443352766 59
0.00065517521738024502 0.00053596753245648953 59
0.00065486782737624526 0.00066842631179510467 59
0.00044389027016932198 0.00079862878814352571 59
0.00065686781161651238 0.00066843542353430246 60
0.00065717541668452615 0.00053588397001504693 60
0.0008520959813928539 0.00035487540652346538 60
0.00093149923816427608 0.00035386869930116653 60
0.00099467967106192504 0.00042190343078256034 60
0.0010062768858303888 0.00068906561132611982 60
0.00084435922863754914 0.00078713754618510955 60
0.0010082728592787952 0.0006889294641846675 61
0.00099669929054980858 0.0004223120116291668 61
0.0012512140546528184 0.0003735155347405937 61
0.0013383377555930684 0.00048635151700094406 61
0.0013043013894079509 0.0006896249472154749 61
0.0011969049098090447 0.00076562948676055134 61
0.0013063317923307013 0.00068960965743308366 62
0.0013402532967217433 0.00048702220969844745 62
0.0015898837949704136 0.00046756342818805472 62
0.001668516411760223 0.00079472682133007399 62
0.0015941025863798232 0.00082105293562741762 62
0.0016690921555142797 0.00037966339786562117 63
0.0019039134287592385 0.00050409616378290693 63
0.0019192647620812828 0.00062997491004900897 63
0.0016703388870786004 0.00079375122951585856 63
0.0015917509769971007 0.0004667738456786781 63
0.001921267900004444 0.00062987913733405132 64
0.0019058953412861479 0.00050382634584248721 64
0.0020739739527735061 0.00033941768363223476 64
0.0022141813043611213 0.00037156250203012985 64
0.0022456232646345243 0.00064082631559907069 64
0.002079529535287014 0.00073048405096677322 64
0.0022476201134690255 0.0006406829547969744 65
0.0022161594027488639 0.00037125856546378258 65
0.0023233596627351169 0.0003043579983526905 65
0.0025460438289392102 0.00038384079209206705 65
0.0025298448532268258 0.0006363977190050117 65
0.0024030025796829132 0.00070451586635784556 65
0.0025318501501672961 0.00063637920889969308 66
0.0025480601428911551 0.0003836505166473218 66
0.0026528079766675395 0.00029787160179192403 66
0.0027305779988914722 0.00031402973171025972 66
0.0028771772220135099 0.00047851588919118406 66
0.0028556666659784661 0.00065031082802018223 66
0.0027259774470804665 0.00072085680485011545 66
0.0028576700523832927 0.00065040850606516178 67
0.0028791492448922138 0.00047886405332508395 67
0.0031117234362363633 0.00037120006109029561 67
0.003191795285581171 0.00040137364432917916 67
0.0032186894722545201 0.00065269605678027539 67
0.0030471622425396316 0.0007593187503995521 67
0.0032206857910711964 0.0006525549505504777 68
0.0031937909464488565 0.00040122638965808837 68
0.0033430972600769202 0.00032334778710923882 68
0.0035474515548894869 0.00040530384791931119 68
0.0035294105404730276 0.00065529156748536611 68
0.0033878395630654741 0.00073325039393341146 68
0.0035314143186517149 0.00065531128853048217 69
0.0035494583829854872 0.00040528130737889302 69
0.00367535862976441 0.00034088455902137158 69
0.0038919843967189626 0.00052797418038420081 69
0.0038871209772950062 0.00065168713224186738 69
0.0037208079912011967 0.00075036506591082998 69
0.0038939835870439609 0.00052803407339673967 70
0.0041049992191341108 0.00036279222139085489 70
0.00422515580985529 0.0004043500147522645 70
0.0042480559957156763 0.00067968971405011778 70
0.0040587048714430382 0.00076487146441973333 70
0.0038891200951027705 0.00065174886990738013 70
0.0042500622596357389 0.00067968200077564184 71
0.0042271505126114401 0.00040420329616952066 71
0.0043872797700585152 0.00032239151214715579 71
0.0046069857325448504 0.00038744260329291481 71
0.0045482442293242782 0.00067220446870199413 71
0.0043841824535077959 0.00075024740425957905 71
0.0046088890377711514 0.000388115485580618 72
0.0049013886223884737 0.00050472139206374862 72
0.0048887537008943573 0.00067897247820779218 72
0.004721036691325925 0.00076637538567285609 72
0.0045502514926032177 0.00067237339233405227 72
0.0050274362653702134 0.00040529154059835894 73
0.0052384134432630867 0.00050968441317133964 73
0.0052562001591819237 0.00067946676742926542 73
0.005055768972803288 0.00078957107538474487 73
0.0048907501511446247 0.00067909384841578931 73
0.0049034047486380171 0.00050457140607483781 73
0.0052582062385928691 0.00067942032220359239 74
0.005240397871894429 0.00050943130133283604 74
0.0054350380034231286 0.0003322193191968993 74
0.0055693874446398721 0.00040642931562581832 74
0.0055711912460120489 0.00068034312736495899 74
0.005397476291759541 0.00076226505236052958 74
0.0055731913050194445 0.00068034550263628487 75
0.005571388531654245 0.00040658779750285849 75
0.00570396970599861 0.000368305249391247 75
0.0058891977258374445 0.00047038686069585741 75
0.00586910801350435 0.00067896034761861547 75
0.005728196276925045 0.00075516993595728453 75
0.0060316707791519021 0.0003957665539277287 76
0.0062348609533240673 0.000593002955487711 76
0.0060614620617644504 0.00077817188841937032 76
0.0058711123736285816 0.00067901117757248242 76
0.005891200028307615 0.00047045905342860247 76
0.0062376766988331972 0.0005928961786061869 77
0.0064219476663843634 0.00038908364219649832 77
0.0065991760953208918 0.00050398931250969958 77
0.0066101919407581967 0.00066442925772271786 77
0.0064232438407354044 0.00075965614226795636 77
0.006612197271784994 0.00066443832178807107 78
0.0066011720898012808 0.00050386239472938307 78
0.006822826264901106 0.00031859517411278633 78
0.0069258094089666173 0.0004000035486142009 78
0.0069433163973412846 0.00064894996360822079 78
0.0067342059108809775 0.00073951669421274443 78
0.0069453253558894234 0.00064900711505721425 79
0.0069278290405581054 0.0004002124689352584 79
0.0071517654480456093 0.0003305172568806074 79
0.0072653126325222302 0.00039566626019867725 79
0.0072594797108210323 0.00064616869599424935 79
0.0070662354983260876 0.000724323516047545 79
0.0072614769331098613 0.00064631127016087002 80
0.0072673102836175946 0.00039579041870898977 80
0.00745261011828551 0.00032528835673916042 80
0.0075935241429368463 0.00040038617609244116 80
0.0075724159291798128 0.00067071775984850327 80
0.0074029390939441657 0.00073717522634067652 80
0.0075744105169946504 0.000670865037390888 81
0.0075955175580561928 0.00040054847227320863 81
0.0077636077738252691 0.00034399524045217021 81
0.0079223384719070682 0.00054028377331458838 81
0.007895653740260437 0.00067797851073834125 81
0.0077301664490835899 0.0007595241986699296 81
0.0080778183093018346 0.0008164591514309322 82
0.0078976404415193498 0.00067823914309366666 82
0.0079242939395560898 0.00054070557287855031 82
0.0081988386214016003 0.0004114739727672135 82
0.00828278773189404 0.00067383671992912806 82
0.0082847713301968488 0.00067347328267748977 83
0.0082006764544737629 0.0004106549813574894 83
0.0084476414034780119 0.00030815783023802268 83
0.0085846494351155579 0.00039704283672653047 83
0.0085780343027373699 0.00060833732967154356 83
0.0084007721528393167 0.00071785267258611294 83
0.0085866463609325216 0.0003971723294365065 84
0.0087773510491433102 0.00031332838587531898 84
0.0089322800901606627 0.00039339330776444763 84
0.0089196951518950678 0.00065374846113824922 84
0.0087750162168629912 0.00072596213045609647 84
0.0085800348305947547 0.00060835176930911612 84
0.0089216963511149616 0.00065377196125061636 85
0.0089342783488470575 0.0003934776411549979 85
0.0090943872116617114 0.00032619687835169276 85
0.0092454285774475464 0.00039381498310964028 85
0.0092555406250854674 0.00066020747716362567 85
0.0090923978316838697 0.00073709095689912453 85
0.0092575415466873458 0.00066019381036608424 86
0.0092474285604014494 0.00039377658850378214 86
0.0093879820975432699 0.00032698631776936342 86
0.0095801153118897711 0.00040070872351233641 86
0.0095908048916743607 0.00062885120724507845 86
0.0093964072530971828 0.00072789630065188502 86
0.009592807314256652 0.00062885608208339077 87
0.0095821082875698765 0.00040051197772829973 87
0.0097011521878990776 0.00031702183775819833 87
0.0098629093230252606 0.0003311411725419759 87
0.0099464169133087598 0.00040578922003227136 87
0.0099054556986562983 0.00064499578061047523 87
0.009741302963864315 0.0007144817014173735 87
0.010104224147595682 0.00037971620755766376 88
0.010272101744237379 0.00053049162564693727 88
0.010258447557268261 0.00066143143176813804 88
0.010084386192067286 0.0007631256160960106 88
0.0099074444111369921 0.00064523169844965653 88
0.0099483621009781309 0.00040627931540267051 88
0.010446671370225317 0.00042589209300187327 89
0.010602425667067063 0.00050353047076287917 89
0.010611175241824691 0.00068822441877158618 89
0.010440527239016471 0.00079184889691545949 89
0.01026044417243359 0.00066156788778012053 89
0.010274092370628875 0.00053068551231268515 89
0.010752573176536124 0.00040299410483555701 90
0.010944930192223857 0.00052328231523238384 90
0.010949099368069475 0.0006562856014349311 90
0.010773143855068156 0.00077552721596279705 90
0.010613174542356343 0.0006881623069396037 90
0.010604422213523168 0.00050341022341001697 90
0.010951099180572946 0.00065624828128414399 91
0.010946925940246727 0.0005231153317387903 91
0.011117284818181675 0.00035086158992583073 91
0.011303885683229358 0.00053108864856698482 91
0.01128909457495671 0.00067925365941961797 91
0.011122931633767794 0.00076693282533359401 91
0.011291088799121675 0.00067941109806015092 92
0.011305874902725891 0.00053129621981007282 92
0.011469252907963154 0.00043009430881354928 92
0.011638694868995814 0.00052152690634341755 92
0.011641675990162829 0.0006999140708832854 92
0.011453966497645726 0.00079601840371384676 92
0.01164367742000931 0.00069998292104128082 93
0.011640693780531695 0.00052144506343592572 93
0.011773493983942909 0.00043021800298463062 93
0.011971506714425283 0.00051782247615596549 93
0.012007804409230081 0.00067064471876099069 93
0.011776697310855132 0.00078980466431089575 93
0.012009833615627959 0.00067053342761833328 94
0.011973451128730666 0.0005173541894024316 94
0.012123422730723719 0.00033104808742806567 94
0.01220898115913252 0.00032556087004361861 94
0.012330467897450239 0.000414727331157843 94
0.012307042237329318 0.00065278782870869091 94
0.012088512137581822 0.00071761228593983091 94
0.012309020477409468 0.00065310712638820773 95
0.012332448005325765 0.00041502764758797857 95
0.01254353553081421 0.00035303835590423329 95
0.012639249825928622 0.00039993843010947128 95
0.012646674932084155 0.00066844435126849414 95
0.012437263534337172 0.00075371911252897228 95
0.01278626534372107 0.00075307930553711062 96
0.012648678357028901 0.00066854055563431429 96
0.012641251872135753 0.00039998477670819877 96
0.012831031073479597 0.00032667119012739403 96
0.01296816478163423 0.00040105300904627546 96
0.012983531151147044 0.00065796437120660791 96
0.01297017005105053 0.00040108135021923335 97
0.013198741253871984 0.00030325077812889571 97
0.013333577560343752 0.0004022382290105878 97
0.013289883462678355 0.00065647399133238107 97
0.013118301684231941 0.0007294129224062302 97
0.012985534322048463 0.00065795762716857687 97
0.013599 0.00035309981435212599 98
0.013599 0.00081695871343161349 98
0.013520081416516339 0.0008181324809654509 98
0.013291869014001256 0.0006567286752861693 98
0.013335535698077973 0.00040265241996851204 98
9.9999999999999995e-07 0.00093533174183544428 99
9.9999999999999995e-07 0.00070244787652387142 99
0.00028478273798117733 0.00064386969996259747 99
0.00044269650728328755 0.00080026136049564313 99
0.0004265831526757244 0.00093962311836851508 99
0.00035629553976531964 0.0010010703977348324 99
0.00044468345535864963 0.00080048948308168418 100
0.00065585976346093202 0.00067016434980664568 100
0.00084333372870166372 0.00078885542361372904 100
0.00083882190676301375 0.00096943226962936256 100
0.00068944012729157988 0.0010708139687258067 100
0.00042860579195325919 0.00093954255360815728 100
0.00084082306660993608 0.00096941083073324183 101
0.00084533359799748734 0.0007888856365004497 101
0.0010073901680690259 0.00069072956347501768 101
0.0011960711134439243 0.000767449467272984 101
0.0012077143383426307 0.00098371966625758673 101
0.001023109248923871 0.0010778240030511279 101
0.0012097180119795775 0.00098373410569010554 102
0.0011980637839681116 0.00076725952644087403 102
0.0013053268590238205 0.00069134939735428572 102
0.001592760835613542 0.0008226388295297319 102
0.0015308716649556681 0.00097159182796051303 102
0.0013167447503666854 0.0010486447294540081 102
0.0016713159424661106 0.00079550244825418997 103
0.001920341820588273 0.00063166033352662909 103
0.0020784615661836561 0.00073217504968540645 103
0.0020692084540877009 0.00092521947825956478 103
0.0018954428139445478 0.0010028525300405423 103
0.0020712028225170522 0.00092538487279246852 104
0.0020804600522432363 0.00073225453954468714 104
0.0022467533590858069 0.00064248907183628897 104
0.002402055984115675 0.00070628918371671559 104
0.002400775575787059 0.00094853727229591244 104
0.0022207841932077072 0.0010322362271272295 104
0.0024027753118771285 0.00094859248847785447 105
0.0024040563771922565 0.00070622010070187059 105
0.002530853022429043 0.00063812645713363014 105
0.0027249868878586867 0.00072260691147897941 105
0.0027110596331771119 0.00095882467691777568 105
0.0025594449045495547 0.001036395014762179 105
0.0027130608443986471 0.00095886304183536624 106
0.0027269918440360513 0.00072258175884640815 106
0.0028565817453441882 0.00065208980698827157 106
0.0030461905988437752 0.0007610671033378792 106
0.0030489320113923977 0.00095249799520760649 106
0.0028877986316292788 0.0010487240495891358 106
0.0030509317252310451 0.00095246369285944047 107
0.0030481903382261824 0.00076103458469230537 107
0.0032198112846561714 0.00065435363601569593 107
0.0033868600794326564 0.00073499840041583563 107
0.0033834920705886617 0.00095538846079970367 107
0.003215550521091183 0.0010426579827331199 107
0.0033854915754748405 0.00095543614036354863 108
0.0033888607277553942 0.00073497125771412029 108
0.003530390420033292 0.00065703516572985089 108
0.0037198364446676744 0.00075211521781809443 108
0.0037158825696849175 0.00096319063728335396 108
0.0035420190365079026 0.0010482526805069381 108
0.0037178814869879909 0.00096326716686285238 109
0.0037218374590251321 0.00075207979731424664 109
0.0038880676700181727 0.00065345097632190003 109
0.0040575794128755692 0.00076652485338893209 109
0.0040459239283523575 0.00097083777287503925 109
0.0038700950030086715 0.0010566665902437317 109
0.0040479204018374704 0.00097095659122815544 110
0.004059574187586552 0.00076667345012675677 110
0.0042490769103417144 0.00068142350146075184 110
0.0043831741429544643 0.00075197682420963577 110
0.0043884922043566721 0.00097591643867208115 110
0.0042082718207723958 0.0010749677334950583 110
0.0043904928154044698 0.00097591842504063679 111
0.0043851750197622308 0.00075199000153302676 111
0.0045490898662154276 0.00067401695915301693 111
0.00472000870155784 0.00076809250751139592 111
0.0047143777307373461 0.00099032103312112754 111
0.0045470939201263843 0.0010674482558882994 111
0.0047163762706959452 0.00099040398882569922 112
0.004722008540206035 0.00076812420990928496 112
0.0048896470840014443 0.00068076219356621428 112
0.0050547178828156403 0.00079127421833551364 112
0.0050547729802146368 0.00097679809648308527 112
0.0048665192038940056 0.0010783596367326558 112
0.0050567729946558344 0.00097684642588236298 113
0.0050567178999743985 0.00079133169829586833 113
0.0052572441905109572 0.00068117514608798026 113
0.0053964307724352692 0.000763970223412942 113
0.0053996400534526753 0.00097042778874260969 113
0.0052157857703071346 0.0010782847336324414 113
0.0054016402271574943 0.00097042341985022131 114
0.0053984318756335088 0.0007640256501407289 114
0.0055721904054313182 0.00068208317543158256 114
0.0057272330368535098 0.00075692578785969999 114
0.0057311481428007644 0.0009810851135089772 114
0.0055745040308085268 0.0010739955912901326 114
0.0057331471237573586 0.00098100930379891585 115
0.0057292325984529806 0.000756883222847884 115
0.0058700611142696261 0.00068071864296782479 115
0.0060607382774562884 0.00078004994857186396 115
0.0060773799671392402 0.00092964129040485678 115
0.0059012890619294664 0.0010602449882312604 115
0.0060793743977588209 0.00092948032192256 116
0.0060627179926389897 0.00077975670374079767 116
0.0062363225259137976 0.00059436817046091357 116
0.0064220409528826291 0.00076126408648986453 116
0.0064034175389754795 0.00094913856524444921 116
0.0062495769009098881 0.0010246727370097802 116
0.0064240272079947635 0.00076150163058670832 117
0.0066111887255038138 0.00066616603628554612 117
0.0067331617065767681 0.00074122246644159882 117
0.0067481414410836002 0.00096741151521184871 117
0.0065725896155548356 0.0010543103104530222 117
0.006405413959567164 0.00094927355917614337 117
0.0067501443049587193 0.0009673886046267404 118
0.0067351698149098645 0.00074127874544163144 118
0.0069442799151166867 0.00065071218212529966 118
0.0070651315090963221 0.00072599211256834544 118
0.0070622271975251689 0.00095130573112504977 118
0.0068866830008195217 0.0010396193592482181 118
0.0070642267823968069 0.00095135082592181803 119
0.0070671300382541677 0.00072611910859665088 119
0.0072603592112837345 0.00064797037103708223 119
0.0074017872215442421 0.00073881239162490692 119
0.0073856563808876088 0.00095625089861925503 119
0.0072287356553447334 0.0010456199709126767 119
0.0073876581541778242 0.00095630107920955645 120
0.0074037792411268408 0.00073899404903447904 120
0.0075732845380742679 0.00067252542176476243 120
0.0077291210354665935 0.00076123044230663045 120
0.0077248636518249631 0.00097466234290839791 120
0.0075908215209214277 0.0010724333807016519 120
0.0078964255146415502 0.00067982784125007257 121
0.0080767939620921235 0.00081819404913801501 121
0.0080781492297079607 0.00096902036314661685 121
0.0079444307803250465 0.0010661736815772392 121
0.0077268668925503294 0.00097451982358371725 121
0.0077311203694845308 0.00076128377472145482 121
0.0080801483154798234 0.0009689096342179156 122
0.0080787942454887025 0.00081821660261032446 122
0.0082841021583112285 0.00067535864183260381 122
0.0083999975714981346 0.00071969770437783508 122
0.0084424348063579183 0.00094507198422967109 122
0.0082654187138291816 0.0010628605959483466 122
0.0084444265368154303 0.00094484141000299605 123
0.0084019866841487292 0.00071945322758774357 123
0.0085790232421672583 0.00061007725888283443 123
0.0087738906852864711 0.00072761889093129247 123
0.008746883406736395 0.00092493870248115109 123
0.0085941617259400124 0.0010126640397401239 123
0.0087488846984599446 0.00092506550043144876 124
0.008775889830146431 0.0007277613742353615 124
0.0089206706582147313 0.00065549684699530027 124
0.0090913742551285044 0.00073881687562681389 124
0.0090849959969534645 0.00098996853796341029 124
0.0089547926626036816 0.0010577226811603034 124
0.0090869974620751866 0.00098993623896456088 125
0.009093374267996784 0.00073884176087104364 125
0.009256557646499259 0.00066193915480016851 125
0.0093954776141191663 0.00072966809955873045 125
0.0094189000412991872 0.0009635802592602822 125
0.0092620594163942971 0.0010663857389563291 125
0.0094208904708847213 0.00096338479896498929 126
0.0093974802213192734 0.00072959425313817835 126
0.009591804523873388 0.00063058652424519872 126
0.0097402153802791103 0.0007161632500900418 126
0.0097323114240237471 0.00095689663574650247 126
0.0095992509521979456 0.0010359144332070644 126
0.0097343143972665296 0.00095683890269449533 127
0.00974221300946208 0.00071626828281892891 127
0.0099062428403981391 0.00064683438726528212 127
0.010083335132846217 0.00076482858870209559 127
0.010078109072186961 0.0009379132487494959 127
0.0099280334032821708 0.0010436970629600008 127
0.010080111497670288 0.00093786310467655035 128
0.010085334249092181 0.00076488804500716263 128
0.010259331414814199 0.00066323136879396728 128
0.010439449500042759 0.00079353771215191944 128
0.010430173609805846 0.0009569200384123036 128
0.010283299253935134 0.0010502683481149874 128
0.010432176005834636 0.00095693456404732707 129
0.010441447483965362 0.00079362995110119391 129
0.010612228703301413 0.00068992457840860277 129
0.010772246950769513 0.00077731621243585191 129
0.010786927332533421 0.00095774737204159513 129
0.010618979288680132 0.0010661795313356918 129
0.010950494038967782 0.0010425721181364642 130
0.010788924685351569 0.00095763360792941986 130
0.01077424391836081 0.00077719771364247289 130
0.01095013011552716 0.00065800307310213794 130
0.011121839420124662 0.00076860829193627403 130
0.011107900156272889 0.00095308471891862199 130
0.011123836946877016 0.00076871647731492946 131
0.011289956528179075 0.00068106019110376881 131
0.0114528540522348 0.00079768169024037935 131
0.011443875248893462 0.0009788307204542429 131
0.011294281759922637 0.0010670873217277093 131
0.011109900178043721 0.00095315988446928652 131
0.01144587669411112 0.00097885109835029924 132
0.011454850001349949 0.00079781295302846318 132
0.011642616191417644 0.00070167959193619827 132
0.011775659654663002 0.00079151725247958177 132
0.011786283431733727 0.00097176538268460544 132
0.011629178916341699 0.0010823589514252154 132
0.011788278463084959 0.00097162219355473268 133
0.011777665392528466 0.00079155571523852508 133
0.012008922029381273 0.00067231866692109548 133
0.012087422416144649 0.0007192909345087212 133
0.012109937935164678 0.00098458988432584445 133
0.011972502977557998 0.0010622172080119877 133
0.01211193200775031 0.0009844353257640482 134
0.012089440809451676 0.00071942294548322302 134
0.012307760713906876 0.00065466084028391477 134
0.012436073658201744 0.0007553276559568589 134
0.012424867622410792 0.00094355372297539046 134
0.012264989131944062 0.00104304040024749 134
0.01242686868004913 0.00094359544030879537 135
0.012438063801576024 0.00075555269851212232 135
0.012647601739289882 0.00067022640870266698 135
0.01278520607335935 0.00075477581750298096 135
0.01278472492329571 0.00095360834941520109 135
0.012621611387347255 0.0010650093691053639 135
0.012786725056164473 0.00095355586202553171 136
0.012787205909036493 0.0007548461428614992 136
0.012984544447556926 0.00065969614004465587 136
0.013117279524597432 0.00073113405944245729 136
0.013129487044742823 0.00098113736063397796 136
0.012992945338531377 0.0010706451702917671 136
0.013289989274033884 0.0010382270179275571 137
0.013131480080550111 0.00098094593743168327 137
0.013119283599957406 0.00073116872020993935 137
0.01329065455980228 0.0006583194075302219 137
0.013518203888554126 0.00081925425259363519 137
9.9999999999999995e-07 0.0012489581821403157 138
9.9999999999999995e-07 0.00093736568810157453 138
0.00035551323144100851 0.0010029595971860349 138
0.00033385026786645976 0.0012480653894410515 138
0.00026925821643704323 0.0012941782692590077 138
0.0003358668570597689 0.0012479659010367966 139
0.00035755014902159318 0.0010026301030648219 139
0.00042768371162990658 0.00094131749852322975 139
0.0006884838094870678 0.0010725716827705801 139
0.00067803163825756589 0.0012791021023190589 139
0.00058450185809987465 0.0013498403567012568 139
0.00068004279022996301 0.0012789323201515958 140
0.00069048902441863028 0.0010725192139830414 140
0.00083984414099579519 0.00097115561032991944 140
0.0010220555498802301 0.0010795243117801055 140
0.0010159104691446199 0.0012927504612990984 140
0.00091922214043740349 0.0013663474297209671 140
0.0010179173398291985 0.0012925408712227333 141
0.0010240545742188085 0.0010795869795010573 141
0.001208705647335735 0.00098545920204597798 141
0.0013156973129200022 0.001050348554513158 141
0.0013424745394056456 0.001281163782822056 141
0.0012585442087478004 0.0013720003164572191 141
0.0013444210028300623 0.0012805866826766407 142
0.0013177189808630798 0.0010504197047813484 142
0.0015311512036815945 0.00097361678595192438 142
0.0016705568324111291 0.0012343961769550392 142
0.0016184447811126476 0.0013068633605023683 142
0.0016722370707884168 0.0012332969892197372 143
0.0015327309137614003 0.00097232954477548933 143
0.0015948077227965472 0.00082292494392996658 143
0.0016694634519925802 0.00079651324892948379 143
0.0018941197456460413 0.001004353123530801 143
0.0018429939915369923 0.0011860502330352685 143
0.0018449410002499098 0.0011865145797809223 144
0.0018960838665175903 0.0010047566549434598 144
0.0020700627405976987 0.00092702833691044636 144
0.002219642987507737 0.0010338788884882845 144
0.0022071167235334461 0.001224921253338847 144
0.00200389835482473 0.0013205946040267013 144
0.0022091096036719487 0.0012250953384678131 145
0.0022216363494028139 0.0010340456261818658 145
0.0024017297880441447 0.00095029921360229768 145
0.0025584032111115869 0.0010381038865594598 145
0.0025512797790560879 0.0012468421611563215 145
0.0023687867396154499 0.0013431098588803602 145
0.0025532786097948058 0.0012469105402886016 146
0.0025604027498562247 0.0010381515189599759 146
0.0027120230674969651 0.00096057832162002891 146
0.0028868405226209854 0.0010504802995457282 146
0.0028887136849219163 0.0012515385834297379 146
0.0027239826402812401 0.0013524862057315362 146
0.0028907132954117259 0.0012514874585408653 147
0.0028888401553009238 0.0010504315564628722 147
0.0030499615536075174 0.00095421265719897825 147
0.0032145377807106003 0.0010443836237407542 147
0.0032144361935553221 0.001261135090232867 147
0.0030759935376247611 0.0013485641912091108 147
0.0032164362432443843 0.0012610295398294961 148
0.0032165377737823123 0.0010443988749645236 148
0.0033844508045448684 0.00095714417257022845 148
0.003540958236082848 0.0010499488357661349 148
0.0035352639711942854 0.0012645970124829601 148
0.0034055633829187626 0.0013428199844292478 148
0.0035372661295443269 0.0012645421760913715 149
0.003542957043976338 0.0010500202965180931 149
0.003716816560177002 0.0009649602185842379 149
0.003869029517831803 0.001058359299347375 149
0.003865246990807804 0.001259108658999391 149
0.0037211737909491655 0.0013504987982104657 149
0.0038672481659352597 0.001259065132042253 150
0.0038710284179341511 0.001058436514378524 150
0.0040468193036133446 0.00097262626562367104 150
0.0042072223239062023 0.0010766708788521454 150
0.0042049375929095571 0.0012533874965215714 150
0.0040513226941595272 0.0013551847867566953 150
0.0042092217550435867 0.0010767278067955388 151
0.0043894911847260258 0.00097764955564591072 151
0.0045460042645140081 0.0010691279378953818 151
0.0045325868855517898 0.0012925507237574927 151
0.004397160434398935 0.0013643036764095149 151
0.0042069381288110472 0.001253358974503353 151
0.0045345888061348516 0.0012925787424110926 152
0.0045480016126167753 0.0010692320963292081 152
0.0047153064451455921 0.00099209518127839325 152
0.0048655238343986006 0.0010800944464932987 152
0.0048742419661841375 0.0012788858960107881 152
0.0047111032930376301 0.0013828550735836261 152
0.0048762402754074672 0.0012788035082021384 153
0.0048675255276755093 0.0010800892221105409 153
0.0050557307732502577 0.0009785538638446608 153
0.0052147804805564042 0.0010800157312398978 153
0.0052203382392442543 0.0012622859209265619 153
0.0050468353784764945 0.0013692778834927103 153
0.0052223382057791246 0.0012622543386321548 154
0.0052167815199420462 0.0010800193337609015 154
0.005400643614718586 0.0009721578062274693 154
0.0055734835940469398 0.0010757157032109529 154
0.0055677949144513628 0.0012578579435493483 154
0.0053779635181918951 0.0013547420870515905 154
0.0055697919187893208 0.0012579850842205341 155
0.0055754838169012264 0.0010757397922398413 155
0.0057322118783556131 0.00098277952143079289 155
0.0059004924124005168 0.0010620805181758175 155
0.00592873004066761 0.0012549333984952114 155
0.005717093130956679 0.0013660688607929411 155
0.0059307419572581389 0.0012548691404451657 156
0.0059024802170071613 0.0010618515839178916 156
0.0060785136836247122 0.00093129048734073025 156
0.0062485090017433687 0.0010263670260851239 156
0.0062351167003739305 0.0012385578604401978 156
0.0060481638071353989 0.0013236062801604302 156
0.0062371117378547964 0.0012386995394749259 157
0.0062505081501618102 0.0010264435704391364 157
0.0064042979406530327 0.00095093436431009279 157
0.0065715007779742077 0.0010559881936654139 157
0.0065602481862352159 0.00126085957128363 157
0.0063974678783328296 0.0013429127046449003 157
0.0065622468565393593 0.0012609386643083198 158
0.0065734980779752544 0.0010560922352432643 158
0.0067491682362075143 0.00096913486488137991 158
0.0068857038326463303 0.0010413639798681185 158
0.0068976862559641753 0.0012606690062860056 158
0.0067330340030503297 0.0013613137658766386 158
0.0068996835493165161 0.0012605648711638759 159
0.0068877057068906233 0.0010413436852683799 159
0.0070631884968578229 0.00095306094994580186 159
0.0072277293103353117 0.0010473483979397652 159
0.0072261080703950971 0.0012428059366215423 159
0.0070743333996741943 0.0013442537044830848 159
0.0072281086929874882 0.0012427391710021732 160
0.0072297293188116679 0.001047355670472126 160
0.0073866133112936881 0.00095800751829336502 160
0.0075898644866013868 0.0010741900129418458 160
0.007583800257820645 0.0012284473660137518 160
0.007418901778540936 0.0013420802731343366 160
0.0075858007253823898 0.0012284747697607179 161
0.0075918677717308142 0.0010741457454922639 161
0.0077259862154492537 0.00097631904472901803 161
0.0079435466947581409 0.0010679714668268764 161
0.0079387450827072843 0.0012738164097706795 161
0.0077757574208069339 0.0013589237942249397 161
0.0079407445560834081 0.0012738623092999753 162
0.0079455504849409563 0.0010678323050022438 162
0.0080792469120185041 0.00097069498690707161 162
0.0082645434422850324 0.0010646592001810401 162
0.0082836536889241748 0.0012658315195543314 162
0.0080969516429577545 0.001364710700773095 162
0.0084122244885438974 0.0013343586885734419 163
0.0082856575263998648 0.0012657771353407196 163
0.0082665389819923055 0.0010645174659007382 163
0.0084436324859984008 0.00094667734366503105 163
0.0085932555556477858 0.0010144491888290938 163
0.0086066354939631131 0.0012263223696144165 163
0.0085952528802652438 0.0010143437359177027 164
0.008747777730700311 0.00092673146060081289 164
0.0089536208320644319 0.0010593468531768192 164
0.0089154029231261703 0.0012438869318223266 164
0.008762924939044835 0.0013170287548962105 164
0.0086086378635599568 0.0012262968046520535 164
0.0089173897323159106 0.0012441555492823295 165
0.0089556221013440684 0.0010595456482367866 165
0.0090860184197606008 0.00099169108157409758 165
0.0092612107657956601 0.0010681975235869124 165
0.0092793754728155119 0.001275363832925115 165
0.00910977129059669 0.0013884801843754681 165
0.0092813697508343229 0.0012752110605342498 166
0.0092632035028025767 0.0010680271761398133 166
0.0094200648615039382 0.00096520810590946648 166
0.0095983426272269502 0.0010377041041607657 166
0.0096012801265823386 0.0012778163015864854 166
0.009458731340775987 0.001360048303400229 166
0.0096032792879976459 0.0012777355219845497 167
0.0096003414168876252 0.0010375929372086728 167
0.0097333573139368416 0.00095860161042433652 167
0.009927185548506641 0.0010455087457050345 167
0.0099403008235328053 0.0012454168715863418 167
0.009770916026281485 0.0013519884701324264 167
0.0099422989313717944 0.0012453224944636387 168
0.0099291785661390405 0.001045336781672621 168
0.010079157632096276 0.00093962105996725693 168
0.010282301397765708 0.0010520019674236574 168
0.010271901565145986 0.0012394106940461264 168
0.010104003121689256 0.0013306426074272859 168
0.01027390002114373 0.0012394939676536386 169
0.010284304632490681 0.0010519991266466854 169
0.010431164584482266 0.00095865997155619872 169
0.01061800914649009 0.001067929079430689 169
0.010619273812664285 0.0012505361629721254 169
0.010442516053951415 0.0013468669859229203 169
0.010621274062176637 0.0012505652649116789 170
0.010620008960954616 0.0010678953641490802 170
0.010788024264977162 0.0009594197797264725 170
0.010949526583742725 0.0010443230490897639 170
0.010954223219366505 0.0012488792891708568 170
0.010773577878248314 0.0013438557612562134 170
0.01095622415257671 0.0012488969769101756 171
0.010951526257960649 0.0010442859029546165 171
0.011108835970655106 0.00095485331099603001 171
0.011293224802207479 0.0010687852277513179 171
0.011279310703035892 0.0012447588956447297 171
0.011105856431167202 0.0013371069718619074 171
0.0112813064221242 0.0012448919829797312 172
0.011295225722369663 0.0010688525363365625 172
0.0114448583057267 0.00098057287030486559 172
0.011628256144080437 0.0010841347162856335 172
0.011633404961103065 0.0012450573328534806 172
0.011451454434790833 0.0013636970802196713 172
0.011635404982353463 0.0012450260095956899 173
0.011630254384223172 0.0010840477257736741 173
0.011787405249796899 0.0009734215288683465 173
0.011971489360531551 0.0010639474977984867 173
0.01195627756571418 0.0012747230001323249 173
0.011803153806504808 0.0013511648755193065 173
0.011958276072785464 0.0012748157631070252 174
0.011973494064549299 0.0010639543955271828 174
0.012111070612128908 0.00098624709764196742 174
0.012264180938029575 0.0010448725428857562 174
0.012293661507535655 0.0012713725333353052 174
0.012130537198549883 0.0013760496590817276 174
0.012295652037557692 0.0012711701648229926 175
0.012266170276081232 0.0010446610164337059 175
0.01242583460827521 0.00094530760220971454 175
0.012620624749081115 0.0010667511038134831 175
0.012617352907404917 0.001224944559741728 175
0.012452278178063166 0.0013362776284679661 175
0.012800233111571318 0.001340518163221605 176
0.012619353363066528 0.0012249432088388104 176
0.012622625432392396 0.0010667387460552469 176
0.012785772431948044 0.00095531487185493067 176
0.012991932671072267 0.0010723700883156907 176
0.012978071072755646 0.0012372639086759556 176
0.01299393842202049 0.0010723855923842802 177
0.013130643974651629 0.00098277037573302564 177
0.013289469045734631 0.0010401656061390116 177
0.013367881231404319 0.0012388469414732863 177
0.013312723225584891 0.001315115759904197 177
0.013146924979622788 0.0013689819986601257 177
0.012980065442371774 0.0012374148019895237 177
0.013599 0.00081895893462982281 178
0.013599 0.0012309109786879503 178
0.013369684495141301 0.0012379680630575211 178
0.013291409990156381 0.001039635583989223 178
0.01352017860143678 0.00082013125671824853 178
9.9999999999999995e-07 0.0015956691826809564 179
9.9999999999999995e-07 0.0012509863986899081 179
0.00026844928849131751 0.0012960701254291704 179
0.00025276019079557805 0.0015571851090566767 179
0.0002547381631805309 0.0015576117474049465 180
0.00027047093648916722 0.0012957698668476323 180
0.00033493758065050125 0.0012497465164710458 180
0.00058360279676600746 0.0013516333523086366 180
0.00057059555709629652 0.0015394121987117324 180
0.00035492878535196696 0.0016424181969618187 180
0.00057258576368410545 0.0015396227672164701 181
0.00058561648368760761 0.0013515049472798333 181
0.00067917536437248657 0.0012807446836457007 181
0.00091838245676921016 0.0013681699324119296 181
0.00091523314359717885 0.0015864696274726405 181
0.00071510885551230835 0.0016585894017292272 181
0.0009172303269274621 0.0015866792952601806 182
0.00092038547124338125 0.0013679754051058072 182
0.0010170828658920372 0.0012943715358944145 182
0.0012579659533067365 0.0013739155892179729 182
0.0012959698276754383 0.0015798305220981867 182
0.0010132081661432407 0.0016581938614974388 182
0.0012979481834018345 0.0015795302321752192 183
0.0012599161273507628 0.0013734626035677917 183
0.0013439188641631633 0.0012825477058413383 183
0.0016180703551771989 0.0013088366302914998 183
0.0016546637657738853 0.0015135715731907126 183
0.0016015994403561168 0.0015725251393878654 183
0.0016566022371013482 0.0015130499985860058 184
0.0016199800514300373 0.0013081540632249242 184
0.0016723386511617107 0.0012353440286457075 184
0.0018435623060067108 0.0011879681317390938 184
0.0020027055744559546 0.0013222049737480835 184
0.0019869719263369552 0.0015161794519790535 184
0.0019122941411574841 0.0015716174709149743 184
0.0019889873475212485 0.001516070308729615 185
0.0020046938370976569 0.0013224306583839993 185
0.0022079617851307812 0.0012267339662033405 185
0.0023676696007936481 0.0013447711614487372 185
0.0023576536021258808 0.0015274397805205083 185
0.002224127483325098 0.0016146612251854084 185
0.0023696651175835293 0.0013449077151909737 186
0.0025522199764032934 0.0012486074068571201 186
0.0027229755336413614 0.0013542149401538852 186
0.0027214466903712946 0.0015362093442261291 186
0.0025545374369176132 0.0016352145027517197 186
0.0023596572204053262 0.0015274285818557955 186
0.0027234466273022141 0.001536225252354526 187
0.002724975533009019 0.0013542234157761651 187
0.0028897575197468291 0.0012532445760217493 187
0.0030750231031373325 0.0013503136282671977 187
0.0030698690988156473 0.0015355889745699918 187
0.0028899311963343265 0.0016384874977593215 187
0.0030718681328957683 0.0015356515100076169 188
0.0030770248589459975 0.0013502783234301181 188
0.0032155235392757222 0.0012628138420083127 188
0.0034046284701770165 0.0013445946821407852 188
0.0034011363282590401 0.0015640796675710133 188
0.0032428452932053587 0.0016490554897245571 188
0.0034031365593342887 0.0015640810538477237 189
0.0034066300346433098 0.0013445122633143033 189
0.0035363088481034253 0.0012663024238510469 189
0.0037202635530528549 0.0013522810336576286 189
0.0037254975262560005 0.0015488619492897502 189
0.0035691847254921503 0.0016504943228759605 189
0.0037274958162950731 0.0015487711051674943 190
0.0037222614991139994 0.0013521772701921573 190
0.0038662851860774127 0.0012608185385599507 190
0.0040503916698777223 0.0013569548797707004 190
0.0040530393868753647 0.0015423254777382448 190
0.0039061220627062509 0.0016388112415421628 190
0.004055038437702151 0.0015422447420698968 191
0.0040523907514085312 0.0013568762937365331 191
0.0042059643751191948 0.0012551063555824647 191
0.0043960593919665242 0.0013659768179753698 191
0.0043702278371093401 0.0015634877950889197 191
0.0042363080953650408 0.0016352614482641236 191
0.0043722287271599058 0.0015636112205429482 192
0.0043980616809833938 0.0013660895467755172 192
0.0045335595707103006 0.0012942987438469963 192
0.0047101828840547455 0.0013846307330681168 192
0.0047182402499405 0.0015786207810729307 192
0.0045644763993696429 0.0016807593676269358 192
0.0047202372720736496 0.0015785075685689905 193
0.004712180838978868 0.001384539978544624 193
0.0048753124506858148 0.0012805753012662244 193
0.0050458941661751357 0.0013710425765117841 193
0.0050528444428292567 0.0015645389856034538 193
0.0048961822500104991 0.0016652394823763413 193
0.0050548427028939509 0.0015644546377969377 194
0.0050478930416718564 0.0013709753623954914 194
0.0052213649650759064 0.0012640024776084937 194
0.0053769432392613828 0.0013564622713227179 194
0.005383179400350541 0.0015705291036488152 194
0.0052324060869008383 0.0016570337509430489 194
0.005385178156615573 0.0015704572846677539 195
0.0053789447991229224 0.0013564866905586106 195
0.0055686814399145326 0.0012596509073514849 195
0.0057160086023208163 0.0013677537251781003 195
0.0057171846287355681 0.0015371467787908936 195
0.0055417176829221718 0.0016446812450890763 195
0.0057191847154128214 0.001537152321144695 196
0.0057180092963324096 0.0013678467470450437 196
0.0059297957798550311 0.0012566327400608858 196
0.006047143223564453 0.0013253263234264622 196
0.0060610307584648684 0.0015350852658432992 196
0.0058886938358995262 0.0016447617095500312 196
0.0060630282693627463 0.0015349815354322547 197
0.0060491495069245078 0.0013253550933044588 197
0.0062359918292434063 0.0012403569743943341 197
0.0063963604813332946 0.0013445782706821383 197
0.006380913406688401 0.0015375292348515273 197
0.0062365127877216783 0.0016246786746986562 197
0.0065814792331655107 0.0016506036494365157 198
0.0063829168602635355 0.0015375660250289598 198
0.0063983567864567591 0.0013447043528888893 198
0.0065611782599848401 0.0012626304690534452 198
0.0067320475083810618 0.0013630538235801363 198
0.0067331340222661689 0.0015449285387136495 198
0.0067340474515228668 0.0013630383320061854 199
0.0068987752533727154 0.0012623473926374638 199
0.0070734434546352665 0.0013460450193556704 199
0.0070823991232786335 0.0015431191469344014 199
0.0069305764857610702 0.0016481293460647816 199
0.0067351335523087299 0.0015448438972573506 199
0.0070843951449793153 0.0015429861826863733 200
0.0070754398279878634 0.0013459197933901976 200
0.0072271670467185575 0.0012445037429322518 200
0.0074179909689257089 0.0013438609009249092 200
0.0074236414318982402 0.0015406529898129553 200
0.0072657908583180896 0.0016307924591084501 200
0.0074256412229387111 0.0015406170053123608 201
0.0074199888964855279 0.0013437600158573667 201
0.0075847808041293917 0.0012302005481332565 201
0.007774618235145709 0.0013605676701108529 201
0.0077511577199925125 0.0015452336343809287 201
0.0075809924372459815 0.0016241304735638226 201
0.0077531465294650888 0.0015454482534209145 202
0.0077766132897947532 0.0013607331311708548 202
0.0079397050447383415 0.0012755713923774583 202
0.0080959443535655162 0.0013664385237979334 202
0.0081015284005025359 0.0015730374869547751 202
0.0079155290486005499 0.0016638428152263237 202
0.0081035303415854278 0.0015730822797748864 203
0.0080979453294566447 0.0013664476063850422 203
0.0082847070212652765 0.0012675368361603273 203
0.0084113143290872432 0.0013361402510954406 203
0.0084413376589725416 0.001539532815052785 203
0.0082372510121139983 0.0016543826751031052 203
0.0084433445776816336 0.0015394328684739205 204
0.0084133208346684335 0.0013360375057882776 204
0.0086076592669425411 0.0012280415165185916 204
0.0087618325175207231 0.0013187065294918317 204
0.0087461312831241967 0.0015240146535264623 204
0.008570677151447036 0.0016102328069782213 204
0.008748126978199728 0.0015241473093298894 205
0.0087638302387482662 0.0013188126914885901 205
0.0089161670941202455 0.0012457385661295774 205
0.0091086963194812222 0.0013901739810586594 205
0.0090974841898100664 0.001529401991340925 205
0.008915271826913403 0.0016335668928957852 205
0.009099478168844129 0.0015295571579931493 206
0.0091106952243355868 0.0013902679807265936 206
0.0092805050534366662 0.0012770144744920619 206
0.0094577598972402244 0.0013618006575539057 206
0.0094526412094624469 0.0015786027871998176 206
0.0092671149750856267 0.0016628117630927736 206
0.0094546389698383203 0.0015787212531894069 207
0.0094597613425698793 0.0013617630472477799 207
0.0096023467903252717 0.0012795098962853945 207
0.0097700632751595018 0.0013537981673376169 207
0.0097934795255744667 0.0015785899217361124 207
0.0095951761023194346 0.0016705666635770456 207
0.0097954887373289147 0.0015785744653345134 208
0.0097720569501894283 0.0013536335612002158 208
0.0099413816012012875 0.0012470998047804016 208
0.010103025371607387 0.0013323880383372586 208
0.010108451968937069 0.0015444586430197545 208
0.0099077378942662025 0.0016407521011856557 208
0.01011045405106956 0.0015445144279954762 209
0.010105025393692339 0.0013323633169661571 209
0.010272828920944759 0.0012411829787321636 209
0.010441459420342762 0.0013485652091827589 209
0.010435576609099301 0.0015384911236359243 209
0.010248190962264717 0.0016297847859557317 209
0.010437573998575873 0.0015386063709141938 210
0.010443458336055197 0.0013486311821039806 210
0.010620248715063462 0.0012522825814899985 210
0.010772549815535151 0.0013455714144509302 210
0.010776033616787613 0.0015474062225508366 210
0.010587326641925307 0.0016400332103064426 210
0.010919984114111948 0.0016355595789734763 211
0.010778034873966672 0.0015474617981311549 211
0.010774550673862949 0.0013456038824938568 211
0.010955209352130874 0.0012506203982407828 211
0.011104837524921658 0.0013388279727751104 211
0.011106937112558975 0.0015384673970023103 211
0.011106837869732824 0.0013388502425587768 212
0.011280193900646806 0.0012465544704046538 212
0.011450436545570992 0.001365425644199849 212
0.011450797413173194 0.0015153601991885566 212
0.011262036428731602 0.0016322701921394663 212
0.011108937647479753 0.0015385077433706126 212
0.011452797489960665 0.0015153896962898899 213
0.0114524365961936 0.0013654442702299827 213
0.011634430568927049 0.0012467761938859019 213
0.011802046431190235 0.0013528309315058399 213
0.011784959830161095 0.0015477925602089212 213
0.011618714602685327 0.0016295794464809869 213
0.011786955420633023 0.0015479303470236326 214
0.011804043111098787 0.0013529562876248226 214
0.011957195120688643 0.0012765003091876283 214
0.012129562278714498 0.0013777965178801668 214
0.012130201859030744 0.0015542283964409139 214
0.011953917515351397 0.0016565572926932053 214
0.012132201956810232 0.0015542517443987108 215
0.012131562189521827 0.0013777682885026288 215
0.012294834453706285 0.0012729962196724083 215
0.012451470153917813 0.0013381076571637165 215
0.012477536119861158 0.0015489393871692837 215
0.012291663036333561 0.0016553760683277743 215
0.012479537644213839 0.0015488285516207709 216
0.012453458922326818 0.0013378936465523834 216
0.012618356798382614 0.0012266798548294646 216
0.012799191240986441 0.0013422258605461936 216
0.012793752576154505 0.0015192564531290628 216
0.012619744742308429 0.0016207423021043492 216
0.012795752343661889 0.0015192947352159049 217
0.012801190679317457 0.0013422748574479966 217
0.012978938344662105 0.0012390730294458872 217
0.01314559970860248 0.0013704839683000936 217
0.013097612794760134 0.0015640899297795919 217
0.012971223093920807 0.0016279309600676891 217
0.013099617346270926 0.0015643157310001805 218
0.013147562627327383 0.0013708777393878046 218
0.013312809605775451 0.0013171906020895366 218
0.013449967520805021 0.0016116702964283321 218
0.013315798740297695 0.0017008723596334968 218
0.013599 0.001232911925537525 219
0.013599 0.0016150302788967336 219
0.013451882256466045 0.0016110443124873689 219
0.013314496852038815 0.0013160761956738365 219
0.013369534628801841 0.0012399736219781481 219
9.9999999999999995e-07 0.0018524002692387035 220
9.9999999999999995e-07 0.0015976924139507688 220
0.00025341119941375454 0.0015591088271210344 220
0.00035377421191696646 0.0016440611966418617 220
0.00035309362754919194 0.0017975292189671864 220
0.00023596082297984731 0.0018917775626718899 220
0.00035509408605799409 0.0017974302624368607 221
0.00035577347781537151 0.0016442311671802871 221
0.00057140473470301172 0.0015412421314100317 221
0.0007138261802126769 0.0016601239198794431 221
0.00068047420997235464 0.0018564639330106985 221
0.00055869370204335441 0.001913488416581659 221
0.0006824696880573857 0.00185665921351152 222
0.00071579646492261255 0.0016604675114863679 222
0.00091605650719496588 0.0015882988148253625 222
0.0010120383655237764 0.0016598163757656425 222
0.0010265655244385578 0.0018641057023196204 222
0.00086708687845360704 0.0019737176337080715 222
0.001028559391699859 0.0018639484391554505 223
0.0010140588549422307 0.0016600334888018096 223
0.0012963324369977553 0.0015818054136299538 223
0.0013438466898304229 0.0018417108541341322 223
0.001222750882017519 0.0019546768817600029 223
0.0013458060993391582 0.0018413075108584492 224
0.0012983138314202084 0.0015815223289786546 224
0.0016011954997123968 0.0015745349902425774 224
0.0016445115333272409 0.0018639516608650185 224
0.001592570972089781 0.0019236222866599307 224
0.0016464155500379848 0.0018631615094012049 225
0.0016031127657567068 0.0015738333643820707 225
0.0016560840982102027 0.0015149831117921659 225
0.0019114857344098295 0.001573484096858987 225
0.0019003652901744361 0.0018353821709277006 225
0.0019023476698627681 0.0018358395895080987 226
0.0019134990099232629 0.0015732138864958355 226
0.0019880706745301832 0.0015178546475384106 226
0.0022232088246835042 0.0016164447314391634 226
0.0022164989737738666 0.001827984744630212 226
0.0020106750955926323 0.0019286295705239587 226
0.0022184970372751346 0.0018280775072938445 227
0.0022252131223170013 0.0016163409519691747 227
0.0023586672224763551 0.0015291665510587451 227
0.0025535453909421623 0.0016369513392046149 227
0.0025503066319574716 0.0018404048886876607 227
0.0023816114998721424 0.0019307691040892144 227
0.0025523064637063718 0.0018404313758497723 228
0.0025555457968906782 0.0016369417560847528 228
0.002722432895965533 0.0015379497388185138 228
0.0028889267605317175 0.0016402176939547995 228
0.002893655253006134 0.0018306356389432843 228
0.0027202661687552297 0.0019356372260114758 228
0.0028956548350875864 0.0018305939808741279 229
0.0028909274764400208 0.0016402216954653503 229
0.0030708142259645789 0.0015373524243881939 229
0.0032417481557073529 0.0016507277305775492 229
0.0032275887672400618 0.0018310286464452033 229
0.0030568905784871081 0.0019201202144130216 229
0.0032295839558435569 0.0018311683244316423 230
0.0032437453164167311 0.0016508422964274245 230
0.0034021341159497895 0.001565813991093076 230
0.0035682759651374349 0.0016522760137874539 230
0.0035793348796755286 0.0018388638658325854 230
0.0033915256484857779 0.0019448370677556102 230
0.0037203023493308099 0.0019237185580199656 231
0.0035813373893217241 0.0018388469917519389 231
0.003570273316659954 0.001652172110983146 231
0.0037265752567557753 0.001550546798849774 231
0.0039051927240091946 0.0016405825099141782 231
0.0039066084566620326 0.0018236684636053408 231
0.003907192155172632 0.0016405012141043793 232
0.0040541090094424054 0.0015440157588998513 232
0.004235274104396532 0.0016369788097891293 232
0.0042201439716635248 0.0018509564441288504 232
0.0040624363535737311 0.0019248620119170596 232
0.0039086089304062703 0.0018237219968537798 232
0.0042221411391073537 0.0018510671242875656 233
0.0042372767928570906 0.0016370114090664724 233
0.0043711209609631164 0.0015652782592258179 233
0.0045634736930813095 0.0016824904256733018 233
0.0045561627187347478 0.0018432909005213101 233
0.0043798490371238022 0.0019444730444549102 233
0.004558160372371901 0.0018433879500099563 234
0.0045654754712788357 0.0016824967579421777 234
0.0047193367499827263 0.0015802934541496163 234
0.0048952721887602236 0.0016670206656372048 234
0.0049034732146154723 0.001869269596621932 234
0.0047208168776393866 0.0019598632688410571 234
0.0049054760467972542 0.001869298909728709 235
0.0048972696710618919 0.0016669180431114585 235
0.0050539166484444651 0.001566227326630514 235
0.0052314101676343185 0.0016587700132192169 235
0.0052252764451132198 0.0018576363841083206 235
0.0050420704902521896 0.0019516832280215724 235
0.0052272746948642231 0.0018577239664500746 236
0.0052334113413436186 0.0016587627955479331 236
0.0053842404838907064 0.0015722261168797942 236
0.0055408487471974013 0.0016464826692764156 236
0.0055650047124268824 0.001855743568777949 236
0.0053904493844296906 0.0019634348142897307 236
0.0055670000510718463 0.0018555881352134529 237
0.0055428450992776662 0.0016463360150084901 237
0.0057181791991945587 0.0015388829629761919 237
0.0058877041168293289 0.001646502379876968 237
0.0058905628237365696 0.001809123147732492 237
0.0057174101120826097 0.0019250195827728903 237
0.0058925624655344214 0.0018090851933789541 238
0.0058897041971989464 0.0016464893741731637 238
0.0060621193856570058 0.0015367631214954402 238
0.0062355381210267413 0.0016264262488165735 238
0.0062315101245198458 0.0018257747278213568 238
0.006067447711148229 0.0019163986632187934 238
0.0062335097794375413 0.0018258120099389186 239
0.0062375391555789953 0.0016263952518156312 239
0.0063818840526384257 0.0015392794415543208 239
0.0065805200953829865 0.0016523590047435028 239
0.00657675902071541 0.0018221558162163506 239
0.0063959376823807717 0.0019232624117859628 239
0.0065787577656285174 0.0018222346258742917 240
0.0065825215606087938 0.0016523150036455837 240
0.0067342087853401195 0.001546617291336032 240
0.0069296474865922792 0.0016499005035586593 240
0.0069300832266905518 0.0018289040447230732 240
0.0067383866226506019 0.001933079619850253 240
0.0069320833869910576 0.0018289674624761992 241
0.0069316472977509888 0.0016498204926522029 241
0.007083512440210344 0.0015447808943987779 241
0.0072648212182328427 0.0016325450889751974 241
0.0072619236316440218 0.0018581328055014346 241
0.0070848297618837097 0.001932727938287132 241
0.0072639224616577579 0.0018582367372941772 242
0.0072668218747071241 0.0016325068241326835 242
0.007424672869957287 0.0015423671140454679 242
0.0075799606393832522 0.0016258464756946473 242
0.007580442077971118 0.0018573787983816954 242
0.0074015300097109256 0.001940321907112843 242
0.0075824421816542481 0.0018574265820752935 243
0.0075819607259783785 0.0016258860414642144 243
0.0077519665992666414 0.0015470631122010766 243
0.0079143888477283941 0.0016654866410172329 243
0.0079013074277787358 0.0018449868243073568 243
0.007730477767882965 0.0019393360466947553 243
0.0079033055675930362 0.0018450851297501089 244
0.0079163821032301775 0.0016656519678533187 244
0.0081024929581655445 0.0015747922035343001 244
0.0082362890773817529 0.0016561384706645945 244
0.0082562770323230776 0.0018451886928741307 244
0.0080755694659454501 0.0019576039340319321 244
0.0082582764390253163 0.001845077646890387 245
0.0082382951055253225 0.0016560900516458736 245
0.0084424302913516033 0.0015412128762677866 245
0.0085696795307407207 0.0016119664788774943 245
0.0085812363333129787 0.0018277216415046966 245
0.008404555394691475 0.0019241535265609776 245
0.0085832372037473476 0.0018276843656703423 246
0.0085716824384924981 0.0016119672379360671 246
0.00874701414303505 0.0015258092451734707 246
0.0089142107321197681 0.0016352627000186574 246
0.0089056812712933007 0.0018165730047586459 246
0.0087314021615683499 0.0019077933150552964 246
0.0089162095635022341 0.0016353345587037781 247
0.0090983467131280325 0.0015312126541378744 247
0.0092659108716666022 0.0016644095115317167 247
0.0092442923940664577 0.001841225849067309 247
0.0090724736915099025 0.0019268805500911442 247
0.008907678650784033 0.0018166757262307967 247
0.0092462838273658452 0.0018414177272539026 248
0.0092678959117884555 0.0016646536791652083 248
0.0094535390426707024 0.0015803916448191406 248
0.0095940877224774904 0.0016722446017451698 248
0.009591935918045455 0.0018740451166123103 248
0.0094187375564747152 0.0019666325391448172 248
0.0095939356210397054 0.0018740836331285202 249
0.0095960867234292663 0.0016723489572061897 249
0.0097945080064764847 0.0015803175498456121 249
0.0099067737779844085 0.0016425043889259886 249
0.00993268489770106 0.0018559565915593271 249
0.0097539196190114998 0.0019695265544516249 249
0.0099346808881454075 0.001855802614592275 250
0.009908784095567523 0.0016424684369366564 250
0.010109407233830973 0.0015462186059112908 250
0.010247139834783984 0.0016314862954808641 250
0.010249549841856378 0.0018372740961894311 250
0.010084770053326683 0.0019291915151993595 250
0.010251549881516489 0.0018372657719964935 251
0.010249140680745984 0.0016315468205016011 251
0.0104364755010225 0.0015402779207114093 251
0.010586231641787664 0.0016417071288887157 251
0.010580982145018724 0.0018325477681831633 251
0.010410945090344228 0.0019259757382829481 251
0.010582981377874678 0.0018326031590266416 252
0.010588229346838788 0.0016418180616753397 252
0.010776987780552378 0.0015491658152964572 252
0.010918958513773938 0.001637276935360052 252
0.01092554367288566 0.0018348501907437997 252
0.010756209420214817 0.001940732321859128 252
0.010927542418239787 0.0018347792268826742 253
0.010920960595921736 0.0016373060846742011 253
0.011107903037597875 0.0015402193852570921 253
0.011261071015793076 0.0016340242123832581 253
0.011271129336954287 0.0018091535923096631 253
0.011100760441880228 0.0019262080715078836 253
0.011273126591339262 0.0018090484009538755 254
0.011263071854390077 0.0016339814271506519 254
0.01145176993732208 0.0015171103925420309 254
0.011617586065168968 0.0016312306415359533 254
0.01160190714333742 0.0018213253511337589 254
0.011456683807863724 0.001909740077463002 254
0.011603911698473598 0.0018213524633853343 255
0.011619580334227124 0.0016313824644682297 255
0.011785838069811072 0.0015495894246407406 255
0.011952871395800993 0.0016582627139757867 255
0.011947365219142147 0.001843313470515285 255
0.011801000022227975 0.0019302862222632554 255
0.011949366047869879 0.0018433153671288365 256
0.011954870679461774 0.0016583165369669084 256
0.012131181009354649 0.0015559725563316701 256
0.012290646599390583 0.0016570997406611481 256
0.012294184106966526 0.0018526576951103295 256
0.012124921294902693 0.0019413526154539104 256
0.012296184777635097 0.0018526766827029635 257
0.012292647242015172 0.0016571171779465742 257
0.012478636400759661 0.0015506140285258898 257
0.012618830585210279 0.0016225211554605676 257
0.012638033500021505 0.0018294308273012587 257
0.012437500631267613 0.0019351642047324563 257
0.012640039524569654 0.0018294031320518693 258
0.012620830212194584 0.0016224245270388704 258
0.012794719710110177 0.0015210076946251031 258
0.012970113267659556 0.0016295961284659188 258
0.012949933917062336 0.0018214525603094248 258
0.01277508849551863 0.0019093304615673571 258
0.01312985550144819 0.0019422067288974766 259
0.012951928478580099 0.0018216091571557013 259
0.012972110939072993 0.0016297231577854815 259
0.013098418121663919 0.001565923808504307 259
0.01331470349883998 0.0017025461208120501 259
0.01328810596617319 0.0018429130030023916 259
0.013598999999999998 0.0016170310128315326 260
0.013599 0.0020629102415472928 260
0.013290109004380208 0.0018430847838595652 260
0.013316716814013677 0.001702663665594446 260
0.013451526628573353 0.0016130354111409265 260
9.9999999999999995e-07 0.0022023035126202983 261
9.9999999999999995e-07 0.0018544281614512271 261
0.00023542489189554771 0.0018937156377170287 261
0.00030392782316803629 0.0021709465973939733 261
0.00030591388175634627 0.0021706467404223762 262
0.00023736189694555535 0.0018932172613646333 262
0.00035418786635000503 0.0017992158058496906 262
0.0005575296045011442 0.0019151269615569439 262
0.00051625863323021166 0.0021266829055269416 262
0.00051821824574558965 0.002127083194125903 263
0.00055953278569741561 0.0019153039160997843 263
0.00068129995242723973 0.0018582856796286772 263
0.00086611012867113474 0.0019754664644782739 263
0.00086640650748762398 0.0021324380764721545 263
0.00068421730072403084 0.002244615941336103 263
0.00086840655091611476 0.0021324591894740113 264
0.00086811008457201818 0.0019754412200859045 264
0.001027698587951293 0.0018657537821549011 264
0.0012220047892259108 0.001956535819005306 264
0.0012387743102292811 0.0021137621954351255 264
0.0010323763932335705 0.0022413988766379106 264
0.0012407804606249107 0.002113713503016102 265
0.0012239866320989019 0.0019562592259978456 265
0.0013451762021231242 0.0018432057308968794 265
0.0015919793475873479 0.001925533273547241 265
0.0016140276548282642 0.0020894494850232279 265
0.0013628462494257242 0.0021962030251774125 265
0.0016802775344083468 0.0021531018717908025 266
0.0016160659656184358 0.0020896003965945992 266
0.0015939387009206588 0.0019250971828124951 266
0.0016460663377894618 0.0018652116398174738 266
0.0019010062579701028 0.0018373239864207793 266
0.0020095070269442921 0.0019302624479921563 266
0.0020036882191428592 0.0020910110194047211 266
0.0019266951673462386 0.0021590598989675589 266
0.002011501483260336 0.0019304517824209331 267
0.0022174181141070949 0.0018297616018484418 267
0.0023805411356293588 0.0019324585870666856 267
0.002369689916487804 0.002136207784896631 267
0.0022364313134041035 0.0022082704351781123 267
0.0020056944779728342 0.0020908743012608257 267
0.0023716898358678447 0.0021362625186823652 268
0.0023825395902830281 0.0019325408234601303 268
0.0025512834977038218 0.0018421504807787572 268
0.0027193016812008895 0.0019373894787146622 268
0.0027253130391164697 0.0021218802786631837 268
0.0025469469685655065 0.0022378217508262866 268
0.0027273122562732834 0.0021218236780492544 269
0.0027213014057228674 0.0019373484493254546 269
0.0028946911041134969 0.0018323464903443132 269
0.0030558808141122034 0.0019218471638125607 269
0.0030576946936419487 0.0021389633529794246 269
0.0029004672133079328 0.0022219441260928614 269
0.0030596946542197196 0.0021389502799784741 270
0.0030578809854279552 0.0019218593155449824 270
0.0032284657484213581 0.0018328269472607705 270
0.003390460577102271 0.0019465329873836342 270
0.0033881938182385618 0.0021157013278725718 270
0.0032127598156724735 0.0022175175885203644 270
0.0033901934752810299 0.0021157403216381329 271
0.0033924597729327747 0.0019466064014238399 271
0.0035803500328780986 0.0018405874782302387 271
0.0037193032481324922 0.001925451871497776 271
0.0037306092271993919 0.0021151573611607275 271
0.0035530927678515422 0.0022204331385112467 271
0.0037326093682359574 0.002115100182938453 272
0.0037213066480828272 0.0019254493753007209 272
0.0039075614290544252 0.0018254268441646162 272
0.0040613020231010264 0.0019265097699364625 272
0.0040434965566386255 0.0021146489206570755 272
0.0038842765086306696 0.0021997374317840458 272
0.0040454937829294078 0.002114772657602937 273
0.0040632959962866137 0.0019266678803961995 273
0.0042210455090100005 0.0018527426797790862 273
0.0043788502651542875 0.0019462059662715811 273
0.0043818579181759323 0.0021322009486687719 273
0.004227116434067855 0.002234120888714811 273
0.0043838568254758277 0.0021321172059127758 274
0.0043808504991011445 0.0019462042641221948 274
0.0045570770678092917 0.001845072112169869 274
0.0047196809308159534 0.0019615097348504021 274
0.0047048492730352295 0.0021459098660180924 274
0.0045686451818070743 0.0022266382059467995 274
0.0047068526932363105 0.0021459476453503327 275
0.0047216744666083617 0.0019616704057894038 275
0.0049044517622217022 0.001871016740649601 275
0.0050410572361579793 0.0019534077117656888 275
0.0050501607918898503 0.0021490228663905162 275
0.0049002107428824477 0.0022544625808360768 275
0.005052156270632195 0.0021488792017050431 276
0.0050430601278008136 0.0019534233338158622 276
0.0052261997038680966 0.0018594105647560147 276
0.0053894338995236048 0.0019651599629324093 276
0.0053887087562750303 0.0021275317752332884 276
0.0052420162252010899 0.0022390837957483377 276
0.0053907091994262191 0.0021274370121238183 277
0.0053914338413482213 0.001965177455303585 277
0.0055661392831068864 0.0018573935976777701 277
0.0057165850381753749 0.0019268415221276526 277
0.0057439466860058231 0.0021235763696444967 277
0.0055969169280972496 0.002239871045778068 277
0.0057459251966617648 0.0021232834449619914 278
0.0057185769867252705 0.0019266452181616431 278
0.0058915956950021187 0.0018108384757026797 278
0.0060663926619399971 0.0019180977757868394 278
0.0060562737836789291 0.0021188035262859387 278
0.0059304909376150542 0.0021941335198090205 278
0.0060582773993471768 0.0021187821947795077 279
0.0060683919685051982 0.0019181619144025728 279
0.0062324776613886237 0.0018275251199905025 279
0.0063949218496165737 0.0019249852923727277 279
0.0063955706097255181 0.0021267294220193816 279
0.0062409243284443543 0.0022092420889409273 279
0.0063975706539803404 0.0021267399681382786 280
0.0063969219184890408 0.0019250034938099354 280
0.0065776888851026482 0.0018239273002916482 280
0.0067373153758248797 0.0019347706511280297 280
0.0067349294256862473 0.0021095925903242686 280
0.0065509017295583647 0.0022122674287608896 280
0.0067393144566663234 0.0019348516464267112 281
0.0069310267896875695 0.0018306675235441802 281
0.0070836655649227157 0.0019343549070040325 281
0.0070636142536114445 0.002144612592073361 281
0.0068969064585167311 0.0022173515975425565 281
0.0067369287350461035 0.0021096568417557295 281
0.0070656062261736548 0.0021447919172080886 282
0.0070856560256638765 0.0019345500850667461 282
0.007262837213048553 0.0018599181725224231 282
0.00740047685071662 0.0019420224843251282 282
0.0074025437889938808 0.0021555196486377349 282
0.0072237604108976467 0.0022497536142099756 282
0.0074045441111844018 0.0021555432470699298 283
0.0074024775699237559 0.0019420870912007344 283
0.0075814034477717186 0.0018591375803853054 283
0.0077295001596512074 0.0019410808663949948 283
0.0077373680209236835 0.0021418332395589852 283
0.007561184750782767 0.0022472251367825435 283
0.0077393677129163974 0.0021417862037670038 284
0.0077315007140894756 0.0019410558363280751 284
0.0079022222154242257 0.0018467663499147054 284
0.0080745550706655504 0.0019593301952455342 284
0.0080741396227654375 0.0021340830845749626 284
0.0078987242421838175 0.0022304442079545258 284
0.0080761395238648937 0.0021341270631756054 285
0.0080765550381857246 0.0019593462348140665 285
0.0082573725953015049 0.0018468625702050367 285
0.0084035919479698452 0.0019259062295233422 285
0.0084160202248959801 0.0021382768738465868 285
0.0082296969124588705 0.0022317472530710572 285
0.0084180234817371469 0.0021382740541525309 286
0.0084055929984897214 0.0019258657088771338 286
0.0085822708619647872 0.0018294355022258359 286
0.0087304074108184616 0.0019095290916190677 286
0.0087351651670082315 0.0021285063381912312 286
0.0085540672900724316 0.0022154237850927857 286
0.0087371663713005816 0.00212854004152309 287
0.0087324077800041058 0.001909524358898227 287
0.0089065908864527452 0.0018183542981619998 287
0.0090713630892956202 0.0019285438494458084 287
0.0090584822140784144 0.0021165446161086191 287
0.008879796391266211 0.0022096215203455472 287
0.0090604783531764814 0.0021166694020838305 288
0.009073358859331658 0.0019286740220072541 288
0.0092451230449456991 0.0018430464986558287 288
0.0094176114249084342 0.0019682864697600079 288
0.0094032702083866101 0.0021329309708766927 288
0.0092273315870023721 0.002230562724783414 288
0.0094052655059114892 0.0021330718972355557 289
0.0094196059600547902 0.0019684361486142789 289
0.0095929025704062226 0.0018757962047917978 289
0.0097529679660948061 0.0019712876861957729 289
0.0097623055275519142 0.0021349159253326285 289
0.0095817157802149285 0.0022617279586454732 289
0.0097643037257362595 0.0021348273316044264 290
0.0097549679303210977 0.0019712300399837 290
0.0099338173161405453 0.0018576066436523681 290
0.010083830654853528 0.0019309584674915303 290
0.010094196904435594 0.0021424711838255095 290
0.009937949197991099 0.0022383021532847011 290
0.010096194264657622 0.0021423683411983 291
0.010085829725748957 0.0019308905294047917 291
0.010250557301128395 0.0018390022359208304 291
0.010409950755503576 0.0019277112257825334 291
0.010413006235144118 0.0021317432116172395 291
0.01026516298447948 0.0022229320409811568 291
0.01041500538606102 0.002131671538791409 292
0.010411950888242679 0.0019277051148838432 292
0.010581933787523307 0.0018343069008188756 292
0.010755204882743667 0.0019424629373135766 292
0.010753685479573623 0.0021115235160857888 292
0.010589558096271427 0.0022183179252178416 292
0.010936492823475015 0.0022249505517891789 293
0.010755685600536963 0.0021115190439148978 293
0.010757204912144424 0.0019424686531056634 293
0.010926604496065379 0.0018365456713539076 293
0.011099871387350529 0.0019280003095553334 293
0.011113956388185249 0.0021209380818285836 293
0.011101867490573578 0.0019278740252992349 294
0.011272218840361231 0.0018108316008505713 294
0.011455692517406831 0.0019114774511571628 294
0.011450322857370555 0.0020961180441482759 294
0.011258736606171342 0.0021993653496029425 294
0.011115956847721263 0.0021208714707900153 294
0.011452320818392186 0.0020962172317957641 295
0.011457693674004385 0.0019114667560504385 295
0.011602886172391485 0.0018230708039255182 295
0.011799970293648888 0.0019320022400184905 295
0.011784595186491638 0.0021262550409112428 295
0.011613868354190858 0.0022103613688636064 295
0.011786590838388194 0.0021263890023088534 296
0.011801974043199772 0.0019320338937041989 296
0.011948363931229241 0.0018450464700650493 296
0.012123884037832679 0.0019430640945334791 296
0.012115943647146682 0.0021560366056432882 296
0.011949713750039892 0.002233246062000645 296
0.012117941400934858 0.0021561341229154427 297
0.012125883858533174 0.00194310617429332 297
0.012295169002744704 0.0018543995517451208 297
0.012436527371558684 0.0019369118903247531 297
0.012455875830965992 0.0021470200187089197 297
0.012273714095089263 0.002250184891918887 297
0.012457876115585945 0.0021469312157474923 298
0.012438532976899936 0.0019368808659580093 298
0.01263906280062304 0.0018311490940560776 298
0.012774068960460966 0.0019110510862605471 298
0.012781052603423236 0.0021123354138112295 298
0.01260575876356815 0.0022223324039202146 298
0.012783051469081817 0.0021122680345569776 299
0.012776070995480155 0.0019110750551211194 299
0.012950795991024257 0.0018232576803786016 299
0.013128803658001485 0.0019439099120791645 299
0.01312000616573788 0.0020977452377027479 299
0.012956457636813312 0.0022056526176880923 299
0.013309514813798967 0.0022224081453804914 300
0.013122006984588952 0.0020977880600955966 300
0.013130803310972765 0.0019439731213609706 300
0.013288972241517427 0.0018447305538152007 300
0.013598118508382604 0.002064737677913236 300
9.9999999999999995e-07 0.0024504107203305791 301
9.9999999999999995e-07 0.0022043141989760155 301
0.00030431437636890487 0.0021729172705352447 301
0.00033956002642709259 0.0024314494307189414 301
0.00023917653928812627 0.0024956295956968704 301
0.00034155043118301771 0.002431243345939975 302
0.00030629113758841097 0.0021726111083584395 302
0.0005168909269371864 0.0021285939683867139 302
0.00068315918513959866 0.0022463173202631596 302
0.00067707251589011874 0.0024080788963570681 302
0.0005218577690454285 0.0025058643566918232 302
0.00067907305064633812 0.0024081022985793735 303
0.00068515803796768201 0.0022463854220304892 303
0.0008673870710578257 0.0021341830352293893 303
0.0010313750753672476 0.0022431347890129491 303
0.0010372074112005838 0.0024149299618049544 303
0.00086242222447034634 0.0025225557703789656 303
0.0010392073262024014 0.0024148935185477338 304
0.0010333761383494316 0.0022431321602497923 304
0.001239811318976136 0.0021154724351798064 304
0.001361783287016476 0.0021978985552218479 304
0.0013805798858284601 0.0024077537711418968 304
0.0012226951979932039 0.002522820469959846 304
0.0013825665876327463 0.0024075159125820718 305
0.0013637978475557317 0.0021979717263807914 305
0.0016148941390304293 0.002091254360134858 305
0.0016788262535542007 0.0021544794714532718 305
0.0016588811723350365 0.0024328713841248861 305
0.0015925499249583917 0.002487291055743932 305
0.001660912440455896 0.002432506498290883 306
0.0016807858662137853 0.002155114747047463 306
0.0019261508141226564 0.0021610473218004757 306
0.0019553814985644223 0.0024722929386689226 306
0.0019573852433326594 0.0024722391036217347 307
0.0019281064964702574 0.0021604817225560169 307
0.0020048247076086974 0.0020926757558068819 307
0.0022353480068423434 0.0022099632450684266 307
0.0022033979565253608 0.0024195602229377501 307
0.0022053546661425444 0.002419995774409326 308
0.002237359035667112 0.0022100424546364059 308
0.0023706418020649992 0.0021379667374877985 308
0.0025460137304777449 0.0022395924922576343 308
0.0025568054240103851 0.0024056338840288396 308
0.0023529390190532851 0.0025466216970186505 308
0.0025588045537040267 0.0024055555679601093 309
0.0025480128675084983 0.0022395142890779666 309
0.0027263614587170865 0.0021235841788329744 309
0.0028994127172732665 0.0022236446670677286 309
0.0028878872484719297 0.0024318383697473967 309
0.0027332955819856274 0.002513729902485942 309
0.0028898874142351612 0.002431890692438498 310
0.0029014123417473781 0.002223706767494376 310
0.0030587061664408945 0.00214069097946986 310
0.0032118371306696022 0.0022192920641300531 310
0.0032283877896829281 0.002424936430962526 310
0.0030576847179418498 0.0025260889287163379 310
0.0032303865006003758 0.0024248400618826728 311
0.0032138365972038578 0.0022192050836999126 311
0.0033891595572629798 0.0021174532685567927 311
0.0035520786747508006 0.0022221588265928945 311
0.00355424712683944 0.0023903068232469216 311
0.0033886042490617607 0.0025051111328714994 311
0.0035562463755939525 0.0023902356739601625 312
0.0035540790302228458 0.0022221734953589566 312
0.0037316588945771187 0.0021168601157975572 312
0.0038832717305678157 0.0022014670602849076 312
0.003885252534722934 0.0024087825306827351 312
0.0037455078758395679 0.0024963221556991749 312
0.0038872517064604817 0.0024086862885266541 313
0.0038852718802888219 0.0022014731761031445 313
0.0040443888536104413 0.0021164397489414465 313
0.0042260867109561581 0.0022358373997030719 313
0.0042176104846261562 0.0023886187791958666 313
0.004064946501276632 0.0024895184925169457 313
0.0042280876424761089 0.0022358760461625203 314
0.0043829300714241888 0.0021338896191488758 314
0.0045676477190304586 0.0022283744509982331 314
0.0045568543835422665 0.0024317006766167116 314
0.0044098024828751834 0.0025123770158179282 314
0.0042196116419767381 0.0023886533551274497 314
0.0045588550900919405 0.0024317404130340275 315
0.0045696509303834879 0.0022283670016116216 315
0.0047058181804446328 0.0021476604974899525 315
0.0048992704250728778 0.0022562282963678603 315
0.0048992041263246433 0.0024220413739499723 315
0.0047329417133850776 0.002528974207901193 315
0.0049012041312655654 0.0024220294165519058 316
0.0049012704515897865 0.0022561623774555199 316
0.0050512831358932838 0.0021506786200251242 316
0.0052411719588784161 0.0022408969297767851 316
0.0052509424515019346 0.0024140858419751071 316
0.0050783739001848439 0.0025313350607218811 316
0.0052529404422619608 0.0024139938563561823 317
0.0052431653027750005 0.0022407225752072248 317
0.005389796388074959 0.0021292172809991654 317
0.0055960276984711402 0.002241664172505525 317
0.0055984411843638809 0.0024004639162041349 317
0.0054205616635243214 0.0025090139549768706 317
0.0056004415998176143 0.0024004760543258766 318
0.0055980260989298711 0.0022415437303245781 318
0.0057451895174631985 0.0021251433339661454 318
0.0059295825876805389 0.0021959271249269948 318
0.005928015353168099 0.0024370327776657087 318
0.0057589519171397366 0.0025049709856782452 318
0.0059300147689402474 0.0024371291562638323 319
0.0059315833880074186 0.0021958105015971968 319
0.0060572910466004772 0.0021205255370416324 319
0.0062399225438093389 0.0022109777882221887 319
0.0062332381116122822 0.0024336181486074204 319
0.0060580068590796211 0.0025094883109200942 319
0.0062352359512429833 0.0024337201213559846 320
0.006241923503223161 0.0022109758494315416 320
0.0063965619026311888 0.0021284673879416911 320
0.0065499377043572501 0.0022140197966307685 320
0.0065618649995123554 0.0024053537151396084 320
0.0063833676133887574 0.002520427065279661 320
0.0065638631044164543 0.0024052610374613315 321
0.0065519390378580835 0.0022139789110861385 321
0.0067358724121418939 0.0021113566977722844 321
0.0068957448204122552 0.002218980556845948 321
0.0068736515224677858 0.0024252988932692838 321
0.0067428655228053604 0.0025021526142485553 321
0.0068756595616149925 0.0024253305979757499 322
0.0068977357715730324 0.0022191718377705919 322
0.0070644546173032037 0.002146428010617847 322
0.0072226865979842002 0.002251441338221109 322
0.0072174061710814997 0.002439097900167568 322
0.0070812335895053041 0.002531121979086354 322
0.0072194086993991411 0.0024390361816690096 323
0.0072246849763186955 0.0022515271024135843 323
0.0074035242150419555 0.0021572636935650162 323
0.007560212998815174 0.0022489737621010871 323
0.0075677413241112736 0.0024369052015473305 323
0.0074129635053246145 0.0025380248086246137 323
0.0075697394612355461 0.0024368186552870571 324
0.0075622132668035367 0.0022489404091261657 324
0.0077384086040602007 0.0021435412934180053 324
0.0078977280716814209 0.0022321786783588665 324
0.0079002128196259541 0.0024431572915950771 324
0.0077407405514071763 0.002527771233927069 324
0.0079022128904040392 0.0024431515244824177 325
0.0078997281625990141 0.0022321746212809481 325
0.0080751010734607179 0.0021358368278392003 325
0.0082286371617334916 0.0022334434765991867 325
0.0082280819898410996 0.0024296654167996171 325
0.0080592459528998125 0.0025269931642337082 325
0.0082300820040189706 0.0024296632350218001 326
0.0082306369724203278 0.0022335132174210698 326
0.0084170281240383855 0.0021400088062019651 326
0.0085530442209719101 0.0022171428221514676 326
0.0085588778697820132 0.0024344737279125023 326
0.0084105383262886926 0.0025322337341976407 326
0.0085608748954037542 0.0024343360808985045 327
0.0085550457407240366 0.0022171726026702257 327
0.0087361397517766223 0.0021302570111890917 327
0.0088787981977084141 0.0022113546494383941 327
0.0088870012822332249 0.0024191967234728825 327
0.008750694143752194 0.0025157702275270914 327
0.0088889961574558762 0.0024190274241486969 328
0.0088807997273778055 0.0022113539542542612 328
0.0090593723906853916 0.0021183359944607649 328
0.0092262537144204241 0.0022322484912153735 328
0.0092182917269370314 0.0024121196204967507 328
0.0090850169552237348 0.0025025901906532001 328
0.0092282516458317906 0.0022323394664803533 329
0.0094041471400435235 0.0021347316446782478 329
0.0095807067394353129 0.002263467418830671 329
0.0095812239142325038 0.0024012845517896995 329
0.0094137166010400362 0.0025127211080795005 329
0.0092202957757261672 0.0024120723966437746 329
0.0095832239354503284 0.0024012864533287546 330
0.0095827067853946277 0.0022634759135012096 330
0.0097633801640360351 0.0021366051534006136 330
0.0099369459170304195 0.0022400324706101228 330
0.0099336455501729277 0.0024155776617702726 330
0.0097489034812154422 0.0025132216684526365 330
0.0099356441666065554 0.0024156700521182038 331
0.0099389461876004878 0.0022400368781033474 331
0.010095284560538148 0.0021441503004170975 331
0.010264237166736937 0.0022247063172803417 331
0.01026836630313278 0.002426092274150258 331
0.010083156712436207 0.0025181313186262112 331
0.010270367842449189 0.002426146848142493 332
0.01026623582056181 0.002224620160277481 332
0.01041406717486049 0.0021334386685206625 332
0.010588654110707795 0.002220102044243665 332
0.010598019558846735 0.0024159008929694379 332
0.010408038287796311 0.0025129376263702896 332
0.010600023073287284 0.0024159265630006935 333
0.010590651171758435 0.0022199927964049017 333
0.010754690441254345 0.0021132557211661299 333
0.010935452227073955 0.0022266587235372855 333
0.010927984648948839 0.0024085297961287579 333
0.010736263192772343 0.0025008705817817583 333
0.010929980295177865 0.002408676873620029 334
0.010937451946030791 0.0022267066107203434 334
0.011115014857258389 0.0021226359131642993 334
0.011257791100034107 0.0022011278592178468 334
0.011280591302654916 0.0024213467248099924 334
0.01107539171714488 0.0025145604967039665 334
0.011282602643446509 0.0024213530030853937 335
0.011259795454833211 0.0022010666623323285 335
0.011451234616956327 0.0020978986243129468 335
0.01161272930885905 0.002212005423634515 335
0.011597216608014273 0.0023844780607519146 335
0.011390293620569293 0.0024845005857117536 335
0.011599205415666881 0.0023846922608189072 336
0.011614722573515946 0.0022121700700299062 336
0.011785476890737785 0.0021280502019927583 336
0.011948578937448698 0.0022348935936706564 336
0.011929476005900375 0.0024386070990497851 336
0.011750358682667685 0.0025078604293753818 336
0.011931462267582932 0.0024388471726225392 337
0.011950572834074476 0.0022350522482715066 337
0.012116858799459432 0.0021578167496597101 337
0.012272706963657032 0.0022519130851575767 337
0.012275645415500505 0.0024348921936831673 337
0.012068135367839626 0.0025396067822312691 337
0.012277647256462689 0.0024349907735590551 338
0.012274707346130186 0.0022519208440717879 338
0.012456955725161412 0.0021487069016651239 338
0.012604879191771617 0.0022241289021041459 338
0.012627797556390194 0.0024188799190156918 338
0.012427531480735795 0.0025451976531812642 338
0.012629797451807123 0.0024187617546092572 339
0.012606876874850561 0.0022239919381419867 339
0.01278211038178239 0.0021140328069786931 339
0.01295553074978199 0.0022074250373932611 339
0.012962285739804449 0.0023960410239637921 339
0.012778148960610183 0.0025005319261019896 339
0.013106957111110719 0.0024812127261393696 340
0.012964286690085376 0.0023960317561736388 340
0.012957529051253133 0.0022073418082990811 340
0.013120973863527891 0.0020995028593293824 340
0.013308427809955671 0.0022240871334327098 340
0.013297638728405439 0.002385453163575536 340
0.013598999999999998 0.0020665351061905802 341
0.013599 0.0025497884843964105 341
0.013507545701964763 0.0025483404358411363 341
0.013299631443165651 0.0023856289110433318 341
0.013310425419809098 0.0022241896678326552 341
9.9999999999999995e-07 0.0028245684556351177 342
9.9999999999999995e-07 0.002452446445961781 342
0.00023837563517211947 0.0024975132661193169 342
0.00023665882812330487 0.0027957747647165015 342
0.00023865694006885266 0.0027961085330861575 343
0.00024037726574406727 0.002497235742274275 343
0.00034073657294874066 0.0024330710367331154 343
0.00052099758503676321 0.0025076728753528157 343
0.00053591072361763663 0.0027271838186581944 343
0.00030574929830559265 0.0028380618832124526 343
0.00053791729499762296 0.0027272126849580626 344
0.00052299140022522969 0.0025075139794577331 344
0.00067805441108082203 0.0024098241129621258 344
0.00086140908040515253 0.0025242810152603561 344
0.00085841694855397514 0.0026990147283483274 344
0.00066678050784853347 0.0028074462217770962 344
0.00086041626857426984 0.0026990715603183724 345
0.00086340910257086162 0.0025242968435308689 345
0.0010382383588189003 0.0024166438986899029 345
0.0012217742617860968 0.0025245991018790419 345
0.0012270262110564993 0.0026701677053766566 345
0.0010353479166950773 0.0028145673928698573 345
0.0012290255145207113 0.0026701123323242025 346
0.0012237723566302409 0.0025245102294292397 346
0.0013817776294054213 0.0024093556480486783 346
0.0015917641988776063 0.0024891320191410796 346
0.001599884827102485 0.0026872402103606859 346
0.0015241538506999231 0.0027807385844712844 346
0.0014291006050809356 0.00280699972022294 346
0.0016018663679166431 0.0026867489124266087 347
0.0015937559007903022 0.0024888886080448691 347
0.0016601455160721061 0.0024344210500621944 347
0.0019555112351979562 0.0024743286405207688 347
0.0019594918465020627 0.0026841719544066097 347
0.0018888784546059589 0.0027437744925760074 347
0.0019614883973867788 0.0026839711618856545 348
0.0019575102488135006 0.0024742576741895207 348
0.0022040073705466056 0.0024214750667534883 348
0.0023518754107492916 0.0025483443902678997 348
0.0023523816280211405 0.0026600663705720756 348
0.0021965448605614688 0.0027874246003255975 348
0.0023538757085888535 0.0025484055923369366 349
0.0025578699913311196 0.0024073293429553409 349
0.002732208856017096 0.0025154093448621398 349
0.0027161547827012199 0.0027071119609385335 349
0.0025544023486548046 0.0027963037663748147 349
0.002354381386422954 0.0026600085189129341 349
0.0027181537444569506 0.0027072079570321719 350
0.0027342074140472841 0.0025155101618657815 350
0.0028888406052250577 0.0024335966323358934 350
0.0030567166277981868 0.0025278390598981984 350
0.0030629545050563857 0.0027243648501596301 350
0.0029001614619551114 0.0028222607943750992 350
0.0030649535191206124 0.0027243020552551412 351
0.0030587164686940349 0.0025278023145184269 351
0.0032294719640964206 0.0024266187523893307 351
0.0033877477732885417 0.0025069192802316645 351
0.0034066782194270193 0.0026819751135704309 351
0.0032310700581436071 0.0028105578577406467 351
0.0034086716925409901 0.0026818069322256189 352
0.0033897417901124316 0.0025067561267447464 352
0.0035553099959999756 0.0023920035709589721 352
0.0037445029334162651 0.0024980516212719851 352
0.0037338936417701616 0.0026878404061710143 352
0.0035838224062227524 0.0027749432891360599 352
0.0037358949355815753 0.0026878731181972869 353
0.0037465057513389093 0.0024980570685921898 353
0.0038863331171829101 0.0024104656338223185 353
0.0040640691403337741 0.002491316592313355 353
0.0040750288796576077 0.0027017342080966336 353
0.0039151171148708794 0.0027902894211606754 353
0.0040770282305548277 0.002701669695501997 354
0.0040660645744089929 0.0024911768800882704 354
0.0042185854610681311 0.0023903717432004826 354
0.0044086898411252488 0.0025140391590594813 354
0.004386225910292813 0.0026961060541780594 354
0.0042294899512009352 0.0027771287030702997 354
0.0043882218739359014 0.0026962616850719351 355
0.0044106886061887349 0.0025141720848481119 355
0.0045578191304104596 0.0024334526108044717 355
0.004731992554451581 0.0025307348870883249 355
0.0047366525290815096 0.0027167626369839354 355
0.0045662467599781077 0.0028147228910143521 355
0.0047386528103344761 0.0027167488187353596 356
0.0047339917274037292 0.0025306768250994279 356
0.0049002149922995602 0.0024237691694863916 356
0.0050774135895046641 0.0025330925993901944 356
0.0050814455828867419 0.0026988542855054388 356
0.004894470751304416 0.0028072227709375645 356
0.0050834466941382939 0.0026988756503909966 357
0.0050794130712095865 0.0025330469710118137 357
0.0052520204808288477 0.0024157713505508428 357
0.0054195964310091828 0.0025107657861758417 357
0.0054249786719434544 0.0027041602292207671 357
0.0052337912475990608 0.0027981232145227993 357
0.0054269809367788677 0.0027042137841929124 358
0.0054215960895071585 0.0025107256903464828 358
0.0055994290744169331 0.0024022040498792889 358
0.0057577786226462452 0.0025065929972452484 358
0.0057346179003096905 0.0027194399758378052 358
0.005566816217794807 0.0027925771112591508 358
0.0057366102993604735 0.0027196183222908351 359
0.0057597680714060523 0.0025067984568647502 359
0.0059289375390285167 0.0024388176400145785 359
0.0060569606733149846 0.002511194345194769 359
0.006062071315961353 0.0027399377802397426 359
0.005907026769581436 0.0028292224064359797 359
0.0060640700445546052 0.0027398585348343244 360
0.006058962504367685 0.0025112539604532913 360
0.0062341508255148378 0.0024354023862128908 360
0.0063824421909260314 0.0025222028103681292 360
0.0063978078760283897 0.0026961314370120603 360
0.0062260949704563695 0.0028136608187901767 360
0.0065595152592921443 0.0027851372466614968 361
0.0063998050190250703 0.0026960109247020155 361
0.0063844421290273727 0.0025221139366548486 361
0.0065629439673489066 0.0024070377162804298 361
0.0067418440628804407 0.0025038739070953218 361
0.0067291754938737713 0.0026887197338917729 361
0.0067438472777580543 0.002503895454711148 362
0.0068746241913826348 0.0024270470729564056 362
0.0070802735467582218 0.0025328772186852095 362
0.0070719778578929235 0.0027087978454266837 362
0.0069062461605174765 0.0028084775950385954 362
0.0067311732316706245 0.0026888211970466916 362
0.007073977522872095 0.002708852079645828 363
0.0070822779934127788 0.0025328300514000247 363
0.0072184618785694791 0.0024407983336337371 363
0.0074120253382704646 0.0025397913863402389 363
0.0074122154329350669 0.0027305178456502651 363
0.0072525346277284523 0.0028244464940985082 363
0.0074142154169682204 0.0027305008290488069 364
0.00741402526824854 0.0025397201350028267 364
0.0075688154149241103 0.0024385924738562163 364
0.0077397272897015909 0.0025294976003417185 364
0.0077351989377814311 0.0027452230626889497 364
0.0075920129377385183 0.002829311130667954 364
0.0077372003694726041 0.0027451758475332474 365
0.0077417274344495903 0.0025295116936744481 365
0.00790121846112379 0.0024448877983463463 365
0.0080582949292134151 0.0025287526128106898 365
0.0080687244189302249 0.0027313864789719434 365
0.0079199836208455783 0.0028317081753071473 365
0.0080707198642955905 0.002731246551691028 366
0.0080602947195344728 0.0025286971033866498 366
0.0082290838573719164 0.0024313963915559562 366
0.008409572236892815 0.0025339851119180316 366
0.0084082469077806678 0.0026987336008570564 366
0.0082563441634916201 0.002817523707921672 366
0.0084102477100507587 0.0026986419170126766 367
0.0084115726051777247 0.0025339473757321641 367
0.0085599930608492233 0.002436134046005001 367
0.0087498435616392197 0.0025175816002091125 367
0.0087588378909193732 0.0027216665384381823 367
0.0086261414067855761 0.0028200811877047679 367
0.0087608308066576771 0.002721461743578975 368
0.0087518379807961406 0.0025174109185212333 368
0.0088881439189930373 0.0024208382648674216 368
0.0090841343336614845 0.00250438807919608 368
0.0090865041744675155 0.002715877234778054 368
0.0089625309817661855 0.0028012396708375379 368
0.0090885026167128319 0.0027157270126074761 369
0.0090861329111442835 0.0025042499258790415 369
0.0092193363966012222 0.0024138277467884647 369
0.0094127901389635341 0.0025144935869821985 369
0.0094166036756729021 0.0027180685583663138 369
0.0092829819520133215 0.0027961370088973826 369
0.0094186026201015394 0.0027179934784534012 370
0.0094147889217374037 0.0025144098775823922 370
0.0095822216290419818 0.0024030229538911144 370
0.0097478332641160077 0.0025149122876855826 370
0.00974532658275876 0.0026977158052974249 370
0.0095876206108491038 0.0027967843302363401 370
0.0097473272294151189 0.0026976823586978096 371
0.0097498323467885353 0.0025149928969650293 371
0.009934563586014562 0.0024173546142543458 371
0.010082058830248155 0.0025198038631849022 371
0.010077412921637901 0.0027049368618496106 371
0.0099310524240148104 0.0027972790279304381 371
0.010079414412506055 0.00270490254385517 372
0.010084056609156296 0.0025199174616359799 372
0.010269321025131072 0.0024278511719930808 372
0.010406997218852786 0.0025146455741352439 372
0.010410862524068894 0.0027102642905319778 372
0.010261565976299172 0.0028011874481314561 372
0.010412861725253936 0.0027102041059573205 373
0.010408998545154721 0.0025146929393180121 373
0.010599000276490793 0.002417645755417106 373
0.010735208229415731 0.0025025697187482979 373
0.010737758851713762 0.0027034276398960914 373
0.010582062424906068 0.0027975834918063775 373
0.010739758433136759 0.0027033819794179043 374
0.010737209217459669 0.0025026348276926151 374
0.010928854150061177 0.0024103308988796175 374
0.011074251038423901 0.0025162039390900903 374
0.011065683869586097 0.0027046507537831837 374
0.010913567134024523 0.0027956957800641087 374
0.011067684948157465 0.0027046724676359863 375
0.011076245586545576 0.0025163692992823286 375
0.011281601574834939 0.0024230844800080214 375
0.011389324024877226 0.002486250517651114 375
0.01141663331071416 0.0026839391353278329 375
0.011262198741779786 0.0028175774544080762 375
0.011418608151228091 0.002683619518762918 376
0.011391338383732276 0.0024862169695786455 376
0.011598023763568967 0.0023863092994893267 376
0.011749091663791277 0.0025094079064017106 376
0.011712824412021806 0.0027174386020939328 376
0.011631378109625829 0.002765791942868627 376
0.011751065422041379 0.0025097314615014519 377
0.011930262381754087 0.0024404473407902178 377
0.012067044273520271 0.002541287154843017 377
0.01206969035106124 0.002722125278688222 377
0.011934552172338483 0.0028146310667761785 377
0.011714849933664957 0.0027174652398883137 377
0.012071689133867249 0.0027220274617499114 378
0.012069045955845762 0.0025413874967472982 378
0.012276557667653646 0.0024366720684303716 378
0.012426502188444348 0.0025469232828789347 378
0.012430051901396497 0.0026757735428597686 378
0.012250594454453433 0.0028123642473791778 378
0.012432051742304476 0.0026757402241052021 379
0.012428503657476169 0.0025469490630383863 379
0.012628898633145518 0.0024205500252482788 379
0.012777192822333354 0.0025022886026250879 379
0.012789373728309397 0.0026942119294742807 379
0.012619726157106435 0.0028126554229720162 379
0.012791369013541373 0.0026940742394348351 380
0.012779193677043421 0.0025022386657269609 380
0.012963294025745 0.0023977684365638361 380
0.013105946899790838 0.0024829389301552532 380
0.013118103537009998 0.0026996191314959802 380
0.012980058413175333 0.0027889866253621325 380
0.013120096987277341 0.0026994463289279338 381
0.01310795076439664 0.002482951753012403 381
0.013298480988080539 0.0023872682197279135 381
0.013505665825372961 0.0025494089068820672 381
0.013281505780814273 0.00276275989138318 381
9.9999999999999995e-07 0.0032341357770502631 382
9.9999999999999995e-07 0.0028265833292100795 382
0.00023742367754604559 0.0027976961860832305 382
0.00030477491719465189 0.0028398114166799495 382
0.00033852893774853236 0.0030407988611125701 382
0.00034053682321238585 0.0030406790417104421 383
0.0003067971560544359 0.0028397770642035287 383
0.00053689270870935669 0.0027289307331715973 383
0.00066578625481835156 0.0028091831562540226 383
0.00067575895205930513 0.0029899173572079645 383
0.00047737938379213679 0.0031164383274616793 383
0.00067775941205951336 0.0029898705568778858 384
0.00066778877442692027 0.0028091736820015614 384
0.00085936678948622658 0.002700775246899496 384
0.0010344191217204798 0.0028163507592133784 384
0.0010426806849763574 0.0029478677107769831 384
0.00084287721981723919 0.0030921814070765815 384
0.0010446813750555196 0.0029478159406109237 385
0.0010364177075290039 0.0028162654908762078 385
0.0012280724333049949 0.0026718835586347547 385
0.0014276848503214316 0.0028084543945195379 385
0.0013349378668491001 0.0030324075151061938 385
0.0012235529613114319 0.003074619583151117 385
0.0013369277884274218 0.0030328296067912786 386
0.0014296562858333226 0.002808921123907212 386
0.0015243220285866181 0.0027827670467340804 386
0.0017096432785621892 0.0030419663754930018 386
0.0016468589324810823 0.0031678625884062144 386
0.0015725589950672705 0.0031973559227659707 386
0.0015259854502235491 0.0027816548579752648 387
0.0016012966038322287 0.0026886748021342451 387
0.0018880681500390709 0.0027456525900086885 387
0.001864732946827167 0.0029735179142546682 387
0.001711148834330234 0.0030406333878389992 387
0.001866728041769318 0.0029736679523020911 388
0.0018901093132652135 0.0027453527770574331 388
0.0019606689254961867 0.0026857956326080891 388
0.0021957236750052545 0.002789248316826691 388
0.0022016682557917588 0.002975319057069313 388
0.0020312599370179638 0.0030717215321102468 388
0.0022036688572552332 0.0029753059436052826 389
0.0021977183129206121 0.0027890485389278894 389
0.0023534380848061623 0.0026617859242814563 389
0.0025532977141652646 0.0027979712387464677 389
0.0025368749054890294 0.0029778204475892672 389
0.0023661293946345419 0.0030698365583406752 389
0.0025388716055362924 0.0029779477107411611 390
0.0025552946763961349 0.0027980956306772843 390
0.0027170718842881025 0.00270889016471079 390
0.0028991209181143097 0.0028239691194120124 390
0.0028901857748086998 0.0030056730920537717 390
0.0027139329981246234 0.003095981426277677 390
0.0028921825664229382 0.0030057874818769014 391
0.0029011209519274892 0.0028240175762772077 391
0.0030640084093134985 0.0027260648558299319 391
0.0032302358180393157 0.0028123782272682011 391
0.0032535859137840998 0.0029917842307628328 391
0.0030467563294967401 0.0031106764430724491 391
0.003255593335719478 0.0029917116500950531 392
0.0032322280313103781 0.0028121887937312463 392
0.0034078189581272698 0.002683618668877715 392
0.0035828261348122099 0.0027766787000188514 392
0.0035769966985348465 0.0029781747629241974 392
0.0033847426194910601 0.0030698507689522442 392
0.0037319746203638396 0.0030801023413309305 393
0.0035789942270191572 0.0029782891162604668 393
0.0035848271482878599 0.0027766725936741407 393
0.0037348658698967046 0.0026895885821322241 393
0.00391408530030634 0.0027920033142515683 393
0.0039054531567989637 0.0030021613277142348 393
0.0039160855069584255 0.0027920393403326827 394
0.0040760860792872751 0.0027034349478300625 394
0.0042285144779497736 0.0027788774631024452 394
0.0042339886152529763 0.0030081534059141 394
0.0040504878823817972 0.0030899272757573433 394
0.0039074502012991751 0.0030022743394890611 394
0.0042359905070530153 0.0030082087687329493 395
0.004230514405244884 0.0027788505456103276 395
0.0043870899685238942 0.0026979108112815688 395
0.0045651736287959238 0.0028164111267344476 395
0.0045538835464336664 0.0029937019599680812 395
0.0043715594449137618 0.0030860427268351114 395
0.0045558791973264933 0.0029938338717357071 396
0.0045671721585169179 0.0028164978315825527 396
0.0047376646264550735 0.002718487737456221 396
0.0048934976661897042 0.0028089704565880005 396
0.0049029682798482303 0.0030053446374580426 396
0.0047143324226845713 0.0031030007225743804 396
0.0049049712641808657 0.0030053583185354902 397
0.0048954984622707146 0.0028089387640353848 397
0.0050824254804682284 0.0027005979906971904 397
0.0052327143553563471 0.0027998087995054224 397
0.0052312491060038336 0.0029994985893520617 397
0.0050519372940277894 0.003094496766616322 397
0.0052332489112453589 0.0029995324693115446 398
0.0052347137523146622 0.0027998983218633852 398
0.0054259350162064075 0.0027059187054209884 398
0.0055657097636292582 0.0027942437806980813 398
0.0055578335698958491 0.0030108726111981203 398
0.0053937265391485458 0.0030936523215817631 398
0.0055598327020610237 0.0030109328263523269 399
0.0055677064666957571 0.0027943708063984914 399
0.0057354583471657776 0.0027212553774275511 399
0.0059059634503788871 0.0028309164662619537 399
0.0058955183241948695 0.0029983820813490919 399
0.0057238974571368331 0.0031051954611431279 399
0.005897517834194798 0.00299845224869258 400
0.0059079626646869835 0.0028309913744016648 400
0.0060631377428779897 0.0027416315795894914 400
0.0062252704262375277 0.0028154829470209441 400
0.0062504265079180469 0.0030185334393605825 400
0.006083740782145703 0.0031250856935907956 400
0.0062524192011479138 0.0030183510428565432 401
0.0062272613308747334 0.0028152861136652042 401
0.0063989091103264732 0.0026978013076435136 401
0.0065585425897985022 0.0027868847932305645 401
0.0065662449524772461 0.0029823179537262494 401
0.0064051318494842214 0.0030859021450895291 401
0.0065682426617503032 0.0029822204343242422 402
0.006560542914463157 0.002786853634537212 402
0.00673008766707153 0.002690501749901614 402
0.0069051802014469584 0.0028101715476061147 402
0.0068955556113538003 0.0029739669514314594 402
0.0067395167237173127 0.0030680486990878747 402
0.0068975554782592808 0.0029740279256882615 403
0.0069071790176915889 0.0028102504024600447 403
0.0070729320812720582 0.0027105578020899463 403
0.0072514718051317076 0.0028261409644216957 403
0.007239833434771855 0.0029971588557433943 403
0.0070716436169007352 0.0030865132382793914 403
0.0072418292540170097 0.002997288263989319 404
0.0072534713346937389 0.0028262158520991169 404
0.0074132300995467379 0.0027322413456392688 404
0.0075910000287175037 0.0028310363133310355 404
0.0075829628960972471 0.0030111301515101732 404
0.0074106413363045302 0.0031164074488187138 404
0.0075849626807551274 0.0030111795821100608 405
0.0075930014078154154 0.0028310500161610355 405
0.0077362372354817304 0.002746932686183074 405
0.00791909503693616 0.0028335003070816766 405
0.0079268630432781442 0.0030318606551442669 405
0.0077743116352836693 0.0031343271252931592 405
0.0079288594643321161 0.0030317301186917763 406
0.0079210915951366812 0.0028333732727423675 406
0.0080698429595026395 0.002733044449732581 406
0.0082555385467388779 0.002819354740253343 406
0.0082724452235501591 0.0029913511785958032 406
0.0081075241066086139 0.0031147969480434076 406
0.0084495188020163228 0.0030824760610308468 407
0.0082744378065923267 0.0029911776634044531 407
0.0082575268571607203 0.002819137758478548 407
0.0084093338239646289 0.0027004225507698799 407
0.0086251786186245689 0.0028218343142563502 407
0.0086152448633273412 0.0029787880645491031 407
0.0086271849663309367 0.0028217972479455174 408
0.0087600094792070812 0.0027232876458709787 408
0.0089616692239727173 0.002803049581824868 408
0.0089648964669382693 0.0030158938398274814 408
0.008801402479811123 0.0031072647177341323 408
0.0086172439902182079 0.0029788650874259582 408
0.0089668962983991199 0.0030158675626840172 409
0.0089636669695798334 0.0028028857377256468 409
0.0090876298826530928 0.0027175303797616328 409
0.0092820370135819515 0.0027979105222203028 409
0.0092744602306299388 0.0030396552459940151 409
0.0091370253776847828 0.0031055824758440295 409
0.0092764609727644647 0.00303966290184961 410
0.0092840403638363659 0.0027978349634415903 410
0.0094176666979398482 0.0027197638192601055 410
0.0095867447681236197 0.0027985826781796366 410
0.0096041903651605514 0.0030014709766785054 410
0.0094357658116490575 0.0031130183705060173 410
0.009606185071407921 0.0030013235836844564 411
0.009588740132663684 0.0027984429409789336 411
0.0097463561647672444 0.002699430914876527 411
0.0099300808548741758 0.0027990273106257139 411
0.0099268991757657868 0.0029921123543411097 411
0.0097827861202218792 0.0030864877360898104 411
0.0099289006395880518 0.0029920399970614561 412
0.0099320816678775611 0.0027989944492813304 412
0.010078443408981515 0.0027066514986601497 412
0.010260588794607868 0.0028029331371714704 412
0.010256448411583671 0.0030100918412255448 412
0.01012349937372924 0.0030873578722996689 412
0.010258449742295497 0.0030100452453134265 413
0.010262589743064682 0.0028029056668940761 413
0.010411914005730888 0.0027119656306330469 413
0.010581114037824609 0.0027993446717385884 413
0.010585478940891206 0.0030006741138178649 413
0.010437670835281316 0.0030943578239833063 413
0.010587477321326564 0.0030005777341799182 414
0.010583113220732958 0.0027992853058526855 414
0.010738798032288057 0.0027051364781498642 414
0.010912589933875495 0.0027974413563010858 414
0.010910406379028202 0.0029990384182107489 414
0.010768938136810917 0.0030866563528102586 414
0.01091240710503737 0.0029989822202596797 415
0.01091459034503338 0.0027974142270465853 415
0.011066666222309136 0.0027063936552985065 415
0.01126135713305188 0.0028194014492071281 415
0.011271228634906217 0.0029471749503240958 415
0.011095952023032263 0.0030900436885331456 415
0.011273224291202904 0.0029470415839679106 416
0.011263349572757632 0.002819226448346728 416
0.011417898300509358 0.0026854893431425978 416
0.011630372628376023 0.0027675475938116019 416
0.011598699790059312 0.0029982525072399882 416
0.011464408500993355 0.0030675809994642612 416
0.011600704919127616 0.0029983517934775747 417
0.011632396068276095 0.002767513503974234 417
0.011713797642499054 0.0027191867175860298 417
0.011933646602950118 0.0028164174338574672 417
0.011930301531568814 0.0030218072744999198 417
0.011797335137349655 0.0031043558632358643 417
0.011932303042736578 0.0030217307730590068 418
0.011935648713134425 0.0028163041523606791 418
0.012070775102338446 0.0027238064345215004 418
0.012249781823376049 0.0028141944214834748 418
0.012273688709272283 0.0029908615231390157 418
0.012117290482923666 0.0031060678435889826 418
0.012275675114466556 0.0029906263524762666 419
0.012251771298281635 0.0028139819353728891 419
0.012431078311310356 0.0026775057308349188 419
0.012618696969325622 0.0028143802531313757 419
0.012614571245404167 0.0029430661520938196 419
0.01243359462462988 0.0030603765538019514 419
0.012774589902215389 0.003066338270328998 420
0.012616569752473127 0.0029431447704519683 420
0.012620696820423983 0.0028144169497237473 420
0.012790490784883047 0.0026958712482866099 420
0.012979099479505657 0.0027907430389011957 420
0.012972286396799737 0.0029888875937589161 420
0.012981102371410147 0.0027906933080310723 421
0.013119247114093905 0.0027012613230287018 421
0.0132809676100679 0.0027646971526249383 421
0.013357566382924634 0.002954470596060319 421
0.013311023743503793 0.0030186966344544681 421
0.013081482461823297 0.0030743772937450488 421
0.012974279936652334 0.0029891098481617793 421
0.013599 0.0025517887350828207 422
0.013599 0.0029544987637717987 422
0.013359376546024567 0.0029536118656578012 422
0.013282915378821395 0.0027641793401998048 422
0.013507587110605533 0.0025503413421743967 422
1.9301314452997336e-06 0.003235907862105218 423
0.00033963886878657639 0.0030424679567794752 423
0.00047649923825139557 0.003118237101951693 423
0.00050348363223259765 0.0032992462759458088 423
0.0003281743280099073 0.0034444305157770223 423
0.00050546469206195414 0.0032989709684904133 424
0.00047850024625101825 0.003118095605239837 424
0.00067679732938865755 0.0029916272417072208 424
0.00084197565476715945 0.0030939755900372058 424
0.00085869248986108625 0.0032555777444756248 424
0.00068072504475111999 0.0033785036297195614 424
0.00086068990214685699 0.0032554495598427539 425
0.00084397399374518936 0.0030938563637666534 425
0.0010437187304997374 0.0029495850857160803 425
0.0012222867361864819 0.0030761735173176299 425
0.0011775303527459845 0.0032741262089129022 425
0.0010191324057696883 0.0033457024176608936 425
0.0011795119046695769 0.0032744310812310375 426
0.0012242660853294131 0.003076488132298761 426
0.0013355569275134947 0.0030343117118908579 426
0.0015711495134213083 0.0031988110614596457 426
0.0014827875685032275 0.0033770891845186536 426
0.0013697762973688102 0.0034214753548840885 426
0.0018675843840059276 0.003351332205325395 427
0.0016488305544228772 0.0031683905294815004 427
0.0017115396374416158 0.0030426452353102327 427
0.0018655977964764608 0.0029753226058073911 427
0.0020302248796215464 0.0030734329133034286 427
0.0020219483516641401 0.0032896093032351872 427
0.0020322247888902266 0.0030734735551081857 428
0.002202680053272748 0.0029770445222506731 428
0.0023651050817737624 0.0030715544755002193 428
0.002363189567559181 0.003269629966961824 428
0.0021609480851852848 0.0033748046017934791 428
0.0020239442853225006 0.0032897537848494683 428
0.0023651889085454262 0.0032697077832801887 429
0.0023671049015259998 0.0030715827845852737 429
0.0025377641547336678 0.0029796131587642343 429
0.0027128203895083465 0.0030976433966869803 429
0.002697935068124374 0.0032848508631306257 429
0.0025260276582430761 0.0033767184085117803 429
0.0026999327930217918 0.0032849588634540059 430
0.0027148161446646718 0.0030977761697532453 430
0.0028910849188619218 0.0030074596387293035 430
0.0030457363798173376 0.0031124013232973532 430
0.0030536183095698625 0.0032844695742525309 430
0.0028781901011473076 0.0033999990731864872 430
0.0030556170394903611 0.0032843960645019981 431
0.0030477392552381898 0.003112418312830322 431
0.0032546508227810729 0.0029934789739422957 431
0.0033837151678403989 0.0030715667023779626 431
0.0033946280813473549 0.003281592567001244 431
0.0032283717914709164 0.003382912639469153 431
0.0033966263460203797 0.0032815072447134742 432
0.0033857196287887218 0.0030716006312944068 432
0.0035778968983735662 0.0029799612517164 432
0.0037308323627566324 0.0030817445751610329 432
0.0037124135521576875 0.0032912550734123711 432
0.0035642935927820908 0.0033668837150538653 432
0.003714412664676175 0.0032913529126791085 433
0.0037328252934510486 0.0030819127315111793 433
0.0039063548805347006 0.003003948781689384 433
0.0040494116241888622 0.00309161339942758 433
0.0040483902482227885 0.003317034917748578 433
0.003890615936415708 0.0033951975365646416 433
0.0040503901802438017 0.0033170544519039321 434
0.0040514112278484055 0.0030917054041946805 434
0.0042349470706528067 0.0030099158882280438 434
0.0043705521324429782 0.0030877705860988701 434
0.0043786861052302738 0.003295175897460258 434
0.0041999113066766899 0.003395708895782305 434
0.0043806866690049139 0.0032951510702543671 435
0.0043725540729162553 0.0030877808628473197 435
0.0045547670613907435 0.002995496370843224 435
0.0047132413418332249 0.0031046777276488992 435
0.0047066695382347251 0.0032991679795815118 435
0.0045370623610618485 0.0033833916993833333 435
0.0047086677387123193 0.0032992550160713886 436
0.0047152389072896593 0.0031047835573700848 436
0.0049039593443684013 0.0030070836855447367 436
0.0050509115235782658 0.003096213732879534 436
0.0050535528034477487 0.0032918352518972079 436
0.0048615361288884829 0.0033945593452431146 436
0.0050555536455711928 0.0032918841208409264 437
0.0050529121099382483 0.0030962436591744063 437
0.0052322199479074485 0.0030012475873119177 437
0.0053926719022998103 0.0030953523821122711 437
0.0053856882090367927 0.0033120288150758357 437
0.0052097551871574848 0.0033926328871815067 437
0.0053876859959439954 0.0033121297012202199 438
0.0053946708901700079 0.0030954160071158528 438
0.005558780598196175 0.0030126349462454688 438
0.0057229431020257389 0.0031069537421238363 438
0.0057310374656633642 0.0032909745857492884 438
0.0055372241801126517 0.0034033284286748727 438
0.0057330389114016488 0.0032909634889343301 439
0.005724942700331556 0.0031069006449619438 439
0.005896460158706025 0.0030001516246550815 439
0.0060826899549954652 0.003126789726491178 439
0.0060726784405077281 0.0032859992302744579 439
0.0058845793096192738 0.0033846540771245194 439
0.006084689947800816 0.0031268526615082465 440
0.0062515828050819207 0.0030201680004442858 440
0.0064042982713984169 0.0030877203491861227 440
0.0064310596747673265 0.00330004560430989 440
0.0062336428428398866 0.0034063747405457543 440
0.0060746729096532569 0.0032861500060613258 440
0.0064330650772648629 0.0032999629247495769 441
0.006406290705405336 0.0030875347774851737 441
0.0065673281536385662 0.0029839992267164236 441
0.0067385699760811602 0.0030698113357212342 441
0.0067415185664806351 0.0032777663017205805 441
0.0065595373867741681 0.0033676142440337751 441
0.0067435192604146437 0.003277801064468313 442
0.0067405692999253312 0.0030697494702680338 442
0.0068965046758036946 0.0029757301337660093 442
0.0070705587849744381 0.0030881934585544075 442
0.0070581732018368025 0.0032819508604949115 442
0.0068891497234905919 0.0033617842074800406 442
0.007060169251231126 0.003282076520902618 443
0.0070725565055351257 0.0030882929755945169 443
0.0072407193945139732 0.0029989528995996158 443
0.0074095863976206084 0.0031181108383091494 443
0.0074051539735201875 0.0032682796590034488 443
0.0072175485488259437 0.0033820817800825098 443
0.0074071525620021108 0.0032683569905404106 444
0.0074115853925476559 0.0031181743996418548 444
0.0075839215076439811 0.003012888209986778 444
0.0077732814053364891 0.0031360428703137784 444
0.0077630529299661964 0.0032804893462140936 444
0.0075767679024549067 0.0033927530579151623 444
0.0077650485523655518 0.0032806218896482497 445
0.0077752835291058486 0.0031360836014346213 445
0.007927973729322484 0.0030335239066523038 445
0.0081067170936042748 0.0031166273363480014 445
0.008129256913240979 0.003307326178492026 445
0.0079402957163118796 0.0034194671664221216 445
0.0081312580015621225 0.0033072176003238686 446
0.0081087054363805106 0.0031164109241024005 446
0.0082735910707062241 0.0029929917138904749 446
0.0084485813639006459 0.0030842428135894077 446
0.0084542692475629514 0.003280626720529943 446
0.0082662415190456109 0.0033791071776162326 446
0.0084562708071810096 0.0032806516119967249 447
0.0084505801291939343 0.0030841712262166076 447
0.0086161806066914603 0.0029805618023740054 447
0.0088002930984329032 0.0031089293618982742 447
0.0087841595120255276 0.0032782616679162143 447
0.0086010720171755661 0.003369057129198575 447
0.0087861502927552484 0.0032784534924634101 448
0.008802289707264193 0.0031090600167927103 448
0.0089659192545198073 0.0030176133792317451 448
0.0091359474510565013 0.0031072750934495134 448
0.0091153586241350497 0.0033322101282428256 448
0.0089501032768138714 0.0034040310408477879 448
0.0091173522950557112 0.0033323706154869681 449
0.0091379482235617749 0.0031073579951571909 449
0.0092754494004923336 0.0030413989498212462 449
0.0094349369674247424 0.003114838559685655 449
0.0094628219433027932 0.0033190500545224734 449
0.0092754132451452233 0.0034315577341479777 449
0.0094648219685864853 0.0033189143208433467 450
0.0094369293213028473 0.0031146466456027878 450
0.0096053155135909386 0.0030031246583707249 450
0.009781874499515588 0.0030882685263534221 450
0.0097861193819802333 0.0032843162520881999 450
0.0096086276735560597 0.0033921337341471357 450
0.0097881191199218308 0.0032842824993008514 451
0.0097838727660753116 0.0030881668185467979 451
0.0099279617964039332 0.0029938071702016785 451
0.010122500369184759 0.0030890955773497384 451
0.01010857413938415 0.0033145419079576026 451
0.0099688428001750741 0.0033870303180719963 451
0.010110576449092192 0.0033145662299943163 452
0.0101245047220002 0.0030890868243135254 452
0.010257485935698536 0.0030118020935948225 452
0.010436768327338265 0.0030961435095376699 452
0.010445567235252487 0.003307081991089195 452
0.010292265500260366 0.0034041602622743141 452
0.010447563843561852 0.0033069589861998328 453
0.010438765413085834 0.0030960319503970943 453
0.010586560546126632 0.0030023564625033454 453
0.010768000279250265 0.0030884250804044172 453
0.010767530247669419 0.0033070236990849567 453
0.01062971484951895 0.0033888828132482654 453
0.010940060419576125 0.0033835721739812891 454
0.010769530416783612 0.003306947198976477 454
0.010770000443292486 0.0030883509391290689 454
0.010911454113123486 0.0030007420298936169 454
0.01109516217343421 0.0030918844373670307 454
0.01111849751766239 0.003270391418499329 454
0.011097148381216065 0.003091648760527609 455
0.011272340636866827 0.0029488487814475633 455
0.011463287699240618 0.0030692386782623128 455
0.01143959397868978 0.0032583691310748052 455
0.011261051890553106 0.0033441718677348375 455
0.011120496114349347 0.0032702505123231081 455
0.011441583334048941 0.0032585788892364066 456
0.011465285765686816 0.0030693789018891473 456
0.011599609775034311 0.0030000335176698684 456
0.011796328678920406 0.0031060853981939923 456
0.011782900771123997 0.003301688632234818 456
0.011609443370266872 0.0033830017280253185 456
0.011784895178389383 0.0033018386691533431 457
0.011798333041295602 0.0031060904198425957 457
0.01193136497092198 0.0030235011452219959 457
0.012116462619408942 0.0031078884604883181 457
0.012132638232014291 0.0033015365104465616 457
0.011935828201639803 0.0034039938954347339 457
0.012134643912898856 0.003301521133969853 458
0.012118453443147121 0.003107695220118869 458
0.012274885490139685 0.0029924639866501599 458
0.012432771089318163 0.0030621992101050439 458
0.012462572312567505 0.0032770255801991676 458
0.0122623849395114 0.0033778102554935835 458
0.012464580537467943 0.0032769468092416847 459
0.012434762973087224 0.0030620026417703377 459
0.012615500554624574 0.0029448471870867944 459
0.012773363942957782 0.0030679184747860835 459
0.012749362778217347 0.0032672682133001226 459
0.012584418221999226 0.0033389667937481866 459
0.012751354988198405 0.0032674528800213649 460
0.012775345672600125 0.0030681901894820608 460
0.012973091591419284 0.0029907201501992863 460
0.013080217496625319 0.0030759266532937504 460
0.013069428129580857 0.0032839743964469957 460
0.012912207981121556 0.0033703606753967379 460
0.013071428798230263 0.0032840133283360967 461
0.013082202868748491 0.0030762605429637403 461
0.013310902176426687 0.0030207841243535742 461
0.013385171865764399 0.0033003172459694298 461
0.013259871193262026 0.0033894129137356853 461
0.013599 0.0029564987774707507 462
0.013599 0.0033283646264211531 462
0.013387111405536126 0.003299828526804599 462
0.01331270580209646 0.0030197838574290894 462
0.013359209713132871 0.0029556112618722183 462
9.9999999999999995e-07 0.0037318334099245313 463
9.9999999999999995e-07 0.0032376869858210039 463
0.00032724126946283831 0.0034462077686027359 463
0.0003257195742200615 0.0035381163338095408 463
8.6228490880874348e-05 0.0037304288904473535 463
0.0005197329566398077 0.0036915292836749505 464
0.00032771966284166087 0.0035381275366574809 464
0.00032924262250345768 0.0034461426020603527 464
0.00050471207669007382 0.0033008257323560428 464
0.0006798986634587625 0.003380324918815378 464
0.00070382430891916155 0.0035884260893524183 464
0.00070582564147389124 0.0035883230859083178 465
0.00068188943710783395 0.0033801300758164897 465
0.00085979929881450402 0.0032572439646493295 465
0.0010180661975489049 0.0033473967934811474 465
0.0010128759869080469 0.0035669467065148953 465
0.00085083164514342406 0.0036614095470748156 465
0.0010148772008637045 0.0035669189921832501 466
0.0010200648894439519 0.0033474757642584646 466
0.0011782599845152632 0.0032759912193897935 466
0.0013684453972197771 0.003422974454002423 466
0.0013104128286343579 0.0036018894420181292 466
0.0012040454943994439 0.003661683637813802 466
0.0013124235183647305 0.00360217273380008 467
0.0013704191591241118 0.0034233715946405288 467
0.0014833552246691765 0.003379014961931541 467
0.0017500926743911713 0.0035813341904052365 467
0.0015799815500538109 0.0037884485829332891 467
0.001751174784309925 0.0035796447344719051 468
0.0014847754928959775 0.0033775819976459235 468
0.0015731533308164214 0.0031992718090338799 468
0.0016473985746815318 0.0031698001852592927 468
0.0018661497149951522 0.0033527396120936171 468
0.0017528675567309027 0.0035807288445609412 469
0.0018681225746355367 0.003353270964947511 469
0.0020228247475971833 0.0032914128304378019 469
0.0021599512421419964 0.0033765398152176798 469
0.0021767667665514409 0.0035710131203696505 469
0.0020034451375835782 0.0037088478214966848 469
0.0021787546891881412 0.0035707871384065507 470
0.0021619581669871687 0.0033765335957904735 470
0.0023641213134344349 0.0032713996991515014 470
0.0025249471610376889 0.0033784017402502856 470
0.0025163981956330688 0.0035681293552457288 470
0.0023830116140631085 0.0036614012642624456 470
0.0025184032511507875 0.0035680621941929979 471
0.0025269449484774673 0.0033784958800132719 471
0.0026988408417766905 0.0032866344891086877 471
0.0028771961108397253 0.0034017379189521212 471
0.0028773448812069117 0.003569730667331723 471
0.0027274601316176882 0.0036724332333715991 471
0.0028793448274083066 0.0035696690319184212 472
0.0028791961057657712 0.0034017313038248358 472
0.0030546808790739709 0.0032861645536816542 472
0.0032273943576470003 0.0033846575917289849 472
0.0032292646154219915 0.0035745025234452947 472
0.003061484261570685 0.0036709826299478445 472
0.0032312647396973014 0.0035745052870407986 473
0.003229394199556603 0.0033846316931266411 473
0.0033957013780753663 0.0032832806080520384 473
0.0035632689232975158 0.0033686063101851633 473
0.0035538529929055899 0.0035996367620318424 473
0.0033929880809711035 0.0036705615724906431 473
0.003555850610915982 0.0035997359461483361 474
0.0035652695771278111 0.0033686310070428342 474
0.0037133267505176366 0.0032930344233281584 474
0.0038895283463719712 0.0033968780595381152 474
0.0038728762407660997 0.0036066796290036072 474
0.0037054163735582169 0.0036858690588549114 474
0.0038748720887965293 0.0036068111862177709 475
0.0038915266781542378 0.0033969783237106747 475
0.0040493738001871199 0.0033187796341435484 475
0.0041989758850539656 0.0033974766655863152 475
0.0042159703014673991 0.0036029986136652211 475
0.0040374794871851005 0.0037088718014429037 475
0.0042179696202447698 0.0036029078271068399 476
0.0042009767274411944 0.0033974043048013605 476
0.0043797084560037334 0.003296895526645536 476
0.0045360133321917778 0.0033850961953641534 476
0.0045290889258296826 0.0035983884454129445 476
0.0043756867733567243 0.0036851637569593407 476
0.0045380125458139974 0.0033851528739891759 477
0.0047075935358685955 0.0033009421582155382 477
0.0048605172699131916 0.0033962809909903213 477
0.0048673060726462814 0.0035885873714449775 477
0.0047136293971255889 0.0036935913878854004 477
0.0045310900468599298 0.0035983863702143291 477
0.0048693031761037455 0.00358847003007606 478
0.0048625192438940716 0.0033963016169134366 478
0.0050545100873314666 0.0032935913425683029 478
0.0052086310832206873 0.0033942874837565636 478
0.0051936437018432775 0.0036058949168146894 478
0.0050614004463779873 0.0036832676288719537 478
0.0051956482176306277 0.0036059018959794949 479
0.0052106257186942768 0.0033944339634638643 479
0.0053866009412711175 0.003313810557022713 479
0.005536249186739799 0.003405076407470467 479
0.0055491988375442414 0.0035926940545009845 479
0.0053914439637586953 0.0037058141681857049 479
0.0055511926912265004 0.0035925360656873712 480
0.0055382517430749975 0.0034050445047800913 480
0.0057320465867196999 0.0032927013526541865 480
0.005883545401243969 0.0033863662315237225 480
0.0058859614560673032 0.0035844576783515365 480
0.0057349817526107004 0.0036821180589700965 480
0.0058879605715602013 0.0035843729617288942 481
0.0058855460282168726 0.0033864054405911047 481
0.0060735438907746275 0.0032878037072860593 481
0.0062325356100747242 0.0034080449180289509 481
0.0062273550644624661 0.0035689621050838884 481
0.0060755955609298603 0.0036772543644631437 481
0.0062293573833295578 0.0035689222623703394 482
0.0062345327127649531 0.0034081670992740475 482
0.0064321391983577355 0.0033017358151604011 482
0.0065585615480230801 0.003369360410418065 482
0.006574538789629319 0.0035896750286170749 482
0.0064395148612882069 0.0036902713036502431 482
0.0065765258141159385 0.003589423680645598 483
0.00656056512492311 0.0033693373082683878 483
0.0067424908625361313 0.0032795167388847556 483
0.0068880941644113422 0.0033634842183947839 483
0.0068843069436571426 0.0035976613145468203 483
0.0067896125738938634 0.0036644266939826978 483
0.0068863106388698837 0.0035974489980347799 484
0.0068900933560209349 0.0033635503754061466 484
0.0070590623348083473 0.0032837427697099235 484
0.0072165588410627469 0.0033838225080783666 484
0.0072242897889783662 0.0035700432620444592 484
0.0071032622645024624 0.0036636485557334101 484
0.0072262827886462712 0.003569833143053354 485
0.0072185599395107559 0.0033838074700726318 485
0.007406084877092641 0.0032700541727635687 485
0.007575694515385584 0.0033944460581683436 485
0.0075695523639375557 0.0035590735744332655 485
0.0074286302021568905 0.0036518149870778008 485
0.0075715543488320582 0.003559057669900648 486
0.007577692744734757 0.0033945308131692613 486
0.0077639361472578838 0.0032822921865527689 486
0.0079391742578163154 0.0034211302904850393 486
0.0079269082299964211 0.0035723872130449157 486
0.0077578236988015093 0.0036654243105624438 486
0.0079289030040103955 0.0035725326177163757 487
0.0079411691279550264 0.0034212745098068588 487
0.0081303528227147075 0.0033090014782247365 487
0.0082652926989436847 0.0033808678130398109 487
0.0082863230004967311 0.0036032915978093851 487
0.0080917637108661126 0.0036937232021174516 487
0.0084012700834525927 0.00366748000917176 488
0.0082883316243813291 0.0036032884667930799 488
0.0082672963799106727 0.0033808124040074247 488
0.0084552492042206471 0.0032823711783719288 488
0.0086000242166703687 0.003370760701180496 488
0.0086008655068148913 0.0035759782396610784 488
0.0086020244651846996 0.003370817222276867 489
0.0087849885797277212 0.0032800829468875733 489
0.0089488835194968409 0.0034056160370413472 489
0.0089217257677494839 0.0035815000610241333 489
0.0087380005474342118 0.0036651179494959327 489
0.0086028659348625965 0.0035760785546830333 489
0.0089237067778689724 0.0035817765444169591 490
0.0089508664507355375 0.003405880078528828 490
0.0091162155175679924 0.003334018434891933 490
0.0092744173849395178 0.0034332939825998648 490
0.0092795067595418754 0.0036108418362630055 490
0.0090865755661413781 0.003715942217191718 490
0.0092815087156614025 0.0036108814185033199 491
0.0092764180137931557 0.0034332872618603291 491
0.0094639417965987332 0.0033207104930898946 491
0.0096077333677470223 0.0033939227100859819 491
0.0096292301263396409 0.0035965610210972783 491
0.0094278453819526768 0.003708529046975152 491
0.0096312355767606481 0.0035965066116895859 492
0.0096097318966626398 0.0033938030553923187 492
0.0097871484078167065 0.0032860312519760217 492
0.0099677578254318555 0.0033887141083868665 492
0.0099450955560692559 0.0036035982420840043 492
0.0097726831935812698 0.0036795916531499138 492
0.009947086896282438 0.0036037855254813993 493
0.0099697590016232119 0.0033888081268241233 493
0.010109548765931649 0.0033162894075279277 493
0.010291348908649871 0.0034059382209841002 493
0.010299008871192467 0.0036157156805001651 493
0.010113425987495806 0.0037155904030467036 493
0.010301009860242245 0.0036157062642962513 494
0.010293346758612871 0.0034058428370425586 494
0.010446670924616921 0.0033087503614268178 494
0.010628773621855141 0.0033906524612544228 494
0.010627065374991184 0.0036098428633155296 494
0.010458937921379899 0.0037050897871971494 494
0.010629065599784968 0.0036098218126542217 495
0.010630774249182238 0.0033905797603073248 495
0.01076859304224671 0.0033087186296447244 495
0.010939203823540855 0.0033853799011989254 495
0.010960790608687454 0.0036020315127537937 495
0.010807950628673388 0.0037022583737369064 495
0.010962780163099083 0.0036018272854550747 496
0.010941197714263181 0.0033852191944473446 496
0.011119618587010298 0.0032720487305256192 496
0.011260070257730856 0.0033459153345878701 496
0.011274927178916606 0.0035735353606994175 496
0.011136860369932427 0.0036699675982977873 496
0.011276917330223535 0.0035733192694289047 497
0.011262073504194696 0.0033458998716925474 497
0.011440407743534487 0.0032601970218198249 497
0.011608258598437723 0.0033846130551459016 497
0.011582048697945303 0.0035821837636061892 497
0.011473279121962197 0.0036457906259006307 497
0.011584059489647481 0.0035822344978288668 498
0.011610246818105536 0.0033848339377757436 498
0.011783768127874961 0.0033034908828628189 498
0.011934764435189359 0.003405688941373608 498
0.011935891485018751 0.0035955006705478848 498
0.011789578381862795 0.003688425115329466 498
0.011937891142732826 0.0035954370869034544 499
0.01193676489857985 0.0034057610454591354 499
0.012133656714000983 0.0033032610839722224 499
0.012261386420566114 0.0033795434449704139 499
0.012276609158337056 0.0035780823867646995 499
0.01211756918369555 0.0036881867225353982 499
0.012278602668782774 0.0035779211868398422 500
0.012263392203828712 0.0033795423103447951 500
0.012463654884138742 0.003278719721484608 500
0.012583401572829863 0.0033406926126196114 500
0.012591608984346643 0.0035790011731856872 500
0.012462515360358382 0.0036645066682013221 500
0.012593603810131514 0.0035788165057705091 501
0.012585403674743697 0.0033407192132536598 501
0.012750197048629196 0.00326908634918258 501
0.012911159666418303 0.0033720642784924796 501
0.012907829785216434 0.0035642698917320382 501
0.012787843488001927 0.0036493516658720345 501
0.012909832308673576 0.0035641415573734931 502
0.01291315899856001 0.0033721201515284627 502
0.013070393623770925 0.0032857259181739242 502
0.01325890588214255 0.0033911645795312076 502
0.013250315885915643 0.003565761462969344 502
0.013097660152958062 0.0036455673727540734 502
0.013599 0.0033303826822773056 503
0.013599 0.0036304571860120601 503
0.0133872964269015 0.003660612164634923 503
0.01325231243825619 0.0035658807080265263 503
0.013260910088130344 0.0033911282595659119 503
0.013386574119511847 0.0033017742236574267 503
8.8150581763919741e-05 0.0037314504502094057 504
0.0003267132645476014 0.0035398834039343332 504
0.00051857430660555176 0.003693163515191744 504
0.00049759146246570194 0.0038652347101588986 504
0.00032689793019184904 0.0039373047400712647 504
0.00049957496819737148 0.0038654914653128373 505
0.00052056575004915664 0.0036933551766163068 505
0.00070491853660347272 0.0035901055620055846 505
0.00084991922548128662 0.0036631893443911439 505
0.00086847907055793571 0.0038730176984827233 505
0.00065479530238675096 0.0039870728358779462 505
0.00118334217600658 0.0038735311011641482 506
0.0010059592574245344 0.0039551853185693514 506
0.00087048496538063853 0.0038729960622328084 506
0.00085191834222683803 0.0036630910785806518 506
0.0010138985219117246 0.0035686656409454004 506
0.0012030131097378089 0.0036634033824767048 506
0.0015784285327406008 0.0037898043300564625 507
0.0013273365821149339 0.0039677908784365853 507
0.0011853355313125825 0.0038736954907053018 507
0.0012050193101121797 0.00366343055916617 507
0.0013111868118717478 0.0036037486988186223 507
0.001715374263140837 0.0039794091244411828 508
0.0015814247788081288 0.003789842521668879 508
0.0017517868784703179 0.0035824225606358624 508
0.0020025952659620022 0.0037106595477717163 508
0.0020092009070585876 0.0038354402499306784 508
0.001808920555746915 0.0040074959826811359 508
0.0023826627804980137 0.003865635055146048 509
0.0022038794962599101 0.0039625872653959336 509
0.0020111974426961442 0.0038353219070843612 509
0.0020045892645893402 0.0037104932807478768 509
0.0021779575486768495 0.0035726214769550594 509
0.0023821238055467871 0.0036631953799297779 509
0.0027241035895993432 0.003865078221928902 510
0.0025493395742088067 0.0039666113122639622 510
0.0023846628769608187 0.00386566862430486 510
0.0023841234635286947 0.0036630642551072562 510
0.002517460556415801 0.003569826951549874 510
0.0027265320472110201 0.0036742052848923691 510
0.0027261036478195941 0.0038650863682959499 511
0.0027285332638462868 0.0036741223816667097 511
0.0028784000761442408 0.0035714321064425846 511
0.0030604907898673451 0.0036727186041187925 511
0.0030599156958358562 0.0038776430554872004 511
0.00290086610970639 0.0039664924702845225 511
0.0030619157488790223 0.0038776269608709708 512
0.003062490819326419 0.0036727109132712998 512
0.0032302621653714459 0.0035762359866011277 512
0.0033918723004575024 0.0036722250327409322 512
0.0033732808371794033 0.0038978716414877694 512
0.0032357437865850151 0.0039687907214866845 512
0.0033752837398290125 0.0038979186643051367 513
0.0033938680084150759 0.0036723593783168423 513
0.0035547666994655129 0.0036014196747569454 513
0.0037043632907674874 0.0036875705413155855 513
0.0037015627239278493 0.0039039547482944245 513
0.0035638126974894533 0.0039935793963968048 513
0.0037035641609981557 0.0039038566558969173 514
0.003706362637832999 0.0036876339319520395 514
0.0038737596071424839 0.0036084742456374769 514
0.0040364736182771036 0.003710601776406185 514
0.004039371258394148 0.0038908389197373208 514
0.0039034688548583276 0.0039930631764452246 514
0.0040413691046816205 0.0038906888801171608 515
0.0040384739653456627 0.0037106072887597061 515
0.0042170497133122492 0.0036046837219194305 515
0.0043747149199519471 0.0036869125595673504 515
0.0043777050443654323 0.0038928737850959455 515
0.0042455671891609252 0.003985449865176449 515
0.0043797032331124022 0.0038927345079705217 516
0.0043767146597881298 0.0036868801222220975 516
0.0045300895494942636 0.0036001202324611628 516
0.0047127128189433645 0.003695369018926913 516
0.0047171503010558589 0.0038823887609140142 516
0.0045759053970122277 0.0039798299221507072 516
0.0047191482446879169 0.0038822783703259195 517
0.0047147111402089095 0.0036952745438772945 517
0.0048684064624358592 0.0035902577865375529 517
0.0050604004463130365 0.0036850044147891175 517
0.0050468997895678569 0.0038973312774808659 517
0.0049041166824249777 0.0039742759157665591 517
0.0050489003403155781 0.0038973861359593341 518
0.0050624049514149429 0.0036849970825435356 518
0.0051946367246544327 0.003607631088492021 518
0.0053905552490561672 0.0037076060130108689 518
0.0053973713495709163 0.0038837133941043924 518
0.0052235868617834776 0.0039960736852335341 518
0.0053993708492993189 0.003883661778856832 519
0.0053925518982741233 0.0037074807492118484 519
0.0055503328867673816 0.0035943419096479568 519
0.0057340716087485987 0.0036838993666278904 519
0.0057405397613480812 0.0038776687681444221 519
0.0055733872383806867 0.0039870043301366096 519
0.0057425380635856083 0.0038775845361214345 520
0.0057360692899508488 0.0036837965299674441 520
0.0058870339348560223 0.003586145889889039 520
0.0060747179183896034 0.0036790515452783299 520
0.0060832701884491426 0.0038585918392555324 520
0.0059188267450788869 0.0039707351160642038 520
0.0062608488847183414 0.0039548973118592665 521
0.0060852678855089423 0.0038584958856863073 521
0.0060767136119952315 0.0036789135326127016 521
0.0062283957598628405 0.0035706764725425061 521
0.0064385607192774747 0.0036920298337615341 521
0.0064320630350034455 0.0038506180544592128 521
0.0064405642960272853 0.0036919834913148285 522
0.0065757461774289096 0.0035912695372175645 522
0.0067887418087765987 0.0036662404748551915 522
0.0067808541463851742 0.0038891071269676605 522
0.0066058037049983283 0.003970176010047761 522
0.006434061916691893 0.0038506863038264756 522
0.0067828513501125461 0.0038892215166879771 523
0.0067907490033719481 0.0036660725716492039 523
0.0068854748440666993 0.0035992850032628507 523
0.0071025171359951587 0.0036655122264314583 523
0.0071190994452428697 0.0038946105743678204 523
0.0069333723672369112 0.0039855146668679522 523
0.0071211028179348091 0.0038945848847097169 524
0.0071045011279370057 0.0036652187756454368 524
0.0072254675318214716 0.0035716607539381029 524
0.0074277558763005264 0.0036536186659139585 524
0.0074325677420308883 0.0038749583803788243 524
0.0072601614185198024 0.0039675557474274951 524
0.0074345674799540656 0.0038749245880152642 525
0.0074297531219666441 0.0036534702328897945 525
0.0075705695312335451 0.003560798416378283 525
0.0077567903275393866 0.0036671373311147424 525
0.0077481367202993957 0.0038762795580704426 525
0.0076043062479030756 0.0039597704053728729 525
0.0077501395199818185 0.0038762532537156592 526
0.0077587904750336337 0.0036671751254099393 526
0.0079277802883579856 0.0035741901454675539 526
0.0080906058815895174 0.0036953546005418121 526
0.0080760305728286887 0.0038868436685611041 526
0.0079446283879360171 0.0039698835415404058 526
0.0080780376762488327 0.003886826350170174 527
0.0080925974670667464 0.0036955411554598842 527
0.0082873390791812634 0.0036050248072428933 527
0.0084002750772070815 0.0036692149508216936 527
0.0084213784796682428 0.0038906048198227416 527
0.0082815277295245054 0.0039884821819871881 527
0.0084233659291672799 0.0038903780492469614 528
0.0084022841727472916 0.0036692152627852683 528
0.0086017808952073647 0.0035777587413421711 528
0.0087369057159247046 0.0036667916843603579 528
0.0087346092152261572 0.003870475054812487 528
0.0086035467874331119 0.0039594339139290575 528
0.0089279441916163896 0.0039571671087860532 529
0.0087366105514741794 0.0038703678135609361 529
0.0087389045778275901 0.0036669039000230344 529
0.0089224776646605487 0.0035833552512589623 529
0.0090854153779417069 0.0037175777020712346 529
0.0090706370147462818 0.0038737160951253474 529
0.0090726358050329109 0.0038738233142526987 530
0.0090874063873360427 0.0037177671289507878 530
0.0092804715890615497 0.0036125937462137205 530
0.0094268179215907608 0.0037102478247792621 530
0.0094334700132444379 0.0038865819911234369 530
0.0092522449927016082 0.0039948595249813292 530
0.0094354710591997258 0.0038865720064511326 531
0.0094288203805973601 0.0037102752973817072 531
0.0096302807173450529 0.0035982652428614551 531
0.009771596794849912 0.0036812730193260946 531
0.0097632295407428776 0.0039083617959098206 531
0.0095926884222657938 0.0039857574600446104 531
0.0097652269223968396 0.003908469691533978 532
0.0097735943688133479 0.0036813756956367381 532
0.0099459285498521028 0.0036054167442518131 532
0.010112349723750169 0.0037172767937219665 532
0.010105890704380553 0.0038998681211917033 532
0.0099184398046119962 0.0040024119830922656 532
0.010278946848294801 0.0040181151123632472 533
0.010107888684800483 0.0038999605762354813 533
0.010114347835834099 0.0037173655267294273 533
0.010300018748266604 0.0036174434299563771 533
0.010457959061874699 0.0037068338874638573 533
0.010465014181145914 0.0039014884261810261 533
0.010459959498110637 0.00370680969103439 534
0.010628082724708061 0.0036115651618245444 534
0.010807022930373436 0.0037040302348042005 534
0.010810921811858118 0.0038940519904848603 534
0.010634823119929646 0.0039994973172318713 534
0.010467013856178322 0.0039014432277363694 534
0.010812921885559072 0.0038940350665650847 535
0.010809021657978002 0.0037039477055050207 535
0.010961962228919868 0.0036036548806756955 535
0.011136059516998215 0.003671801879639705 535
0.011156630125528932 0.0038792829817600374 535
0.010977691469688076 0.0039916729685830019 535
0.01115862745853528 0.0038791571796473827 536
0.011138047148715921 0.0036715782275263207 536
0.011276105860144138 0.0035751516456351143 536
0.011472336942775881 0.0036475747612235323 536
0.011458816203919342 0.0038927218609785888 536
0.011320993923168586 0.0039617222004419443 536
0.011460818217153963 0.0038927404703320702 537
0.011474344977081663 0.0036474842013852994 537
0.011583005505957217 0.0035839411082495679 537
0.011788610701526321 0.0036901763182756158 537
0.011782705271581746 0.003881827457354868 537
0.011629956634801384 0.0039729139240813859 537
0.012129066113033033 0.0038689700599362641 538
0.011966607410597227 0.0039840683990802379 538
0.011784706113845902 0.0038818309291637921 538
0.011790612850349448 0.0036901373878349478 538
0.011936946228323076 0.0035972000663790664 538
0.01211668560901002 0.0036899813655189208 538
0.012462116448089368 0.0038621634576667583 539
0.012309371553757047 0.0039598612213456669 539
0.012131061062206608 0.0038688279519496138 539
0.012118681256097887 0.0036898493474904945 539
0.012277745508806163 0.0035797282038674202 539
0.012461600145072322 0.0036662863529829774 539
0.012794362712269325 0.0038608599692788771 540
0.012649914216479274 0.0039608487690493627 540
0.012464116309210951 0.0038621081335717677 540
0.01246359989080506 0.0036661872522049058 540
0.012592759850723022 0.0035806378194150343 540
0.012787018815466103 0.0036511799832485794 540
0.012796358545019274 0.0038607059740572033 541
0.012789012836969567 0.0036509742740462332 541
0.012908939872643679 0.0035659345220130302 541
0.013096678114454335 0.0036473214935548843 541
0.013088256610228116 0.0038981200473072906 541
0.013004318776520385 0.0039512445811506376 541
0.013090267398737403 0.0038978323269111873 542
0.01309868026940305 0.0036472908869055846 542
0.013251210371527055 0.003567550654857133 542
0.013385878984688702 0.0036620607816674855 542
0.013304255488597098 0.0039316288839235936 542
0.013599 0.0036324773731798207 543
0.013599 0.0039835125345966081 543
0.013356245389931198 0.0039938187515958495 543
0.013306071753601947 0.003932531837683711 543
0.013387818089753083 0.0036625580463391168 543
9.9999999999999995e-07 0.0041581067822506774 544
9.9999999999999995e-07 0.0037338336814786866 544
8.622303497252858e-05 0.0037324292519119312 544
0.00032554691961445817 0.0039387806465738815 544
0.00025157506463930441 0.0041510548655336868 544
0.00030392209324993255 0.0042129962841340376 545
0.00025342202996212864 0.0041518325147252514 545
0.0003275131912272713 0.0039392159270424647 545
0.00049836073142930828 0.0038670808720770522 545
0.00065369347805222433 0.0039887502933335182 545
0.0006543713205378641 0.0041551928497145759 545
0.00053032391469611992 0.0042571695150712503 545
0.00087618991824109827 0.0042622932719026188 546
0.00065637070535088152 0.004155037719548756 546
0.00065569394242327283 0.0039888602459889656 546
0.00086950179756877302 0.0038747388763430393 546
0.0010049000105005162 0.0039568819771650847 546
0.0010069137682102772 0.0041738911229954679 546
0.0010089126164387751 0.0041737577249163198 547
0.0010069007616690798 0.0039569536461584419 547
0.0011841961385889057 0.0038753397265788476 547
0.0013264427152107061 0.0039695978092130803 547
0.00135923303876428 0.0041616073090052063 547
0.0012109613643905303 0.0042606892739320643 547
0.0013612151436744036 0.0041613329739589519 548
0.0013284472910595514 0.003969455056695945 548
0.0015799293854077403 0.003791191954908311 548
0.0017134510165802102 0.0039801530557596809 548
0.0014856453717224491 0.0042056875983423562 548
0.0014871620560104137 0.0042070003980739226 549
0.0017150379161446773 0.0039813963402240632 549
0.0018084141861437705 0.0040094321499325675 549
0.0018705174411926483 0.0041598694686694557 549
0.0017332704889041512 0.0043662555091605612 549
0.0015862507186179609 0.0043729482863927921 549
0.0018103574887563965 0.0040088982215649074 550
0.0020103044039447076 0.003837128935268907 550
0.0022028013964532547 0.0039642720618465604 550
0.0021924835045520042 0.0041687618080540004 550
0.0020800392381807309 0.0042345105349489839 550
0.0018724008217601811 0.0041591903866896388 550
0.0021944866349822797 0.0041687501909198578 551
0.0022047993217708868 0.0039643636045607333 551
0.0023836337732142886 0.0038673836468977327 551
0.0025483306045290272 0.0039683386765351136 551
0.0025499046046110374 0.0041527187320194413 551
0.0023710460829883644 0.0042571020964409789 551
0.002714566124305992 0.004258029388725393 552
0.0025519048861084612 0.004152743170369024 552
0.002550330761192487 0.0039683484917006082 552
0.0027250966059877008 0.0038668143385317036 552
0.002899835419952685 0.0039682067187888177 552
0.0028922629787058621 0.0041751109485042848 552
0.0030437080204192323 0.0042707534926898737 553
0.0028942601841597986 0.0041752238913055004 553
0.0029018354726546656 0.0039682418653227414 553
0.00306092907657679 0.0038793678609919694 553
0.0032347040826391062 0.0039705038092700817 553
0.0032218073386316107 0.0041920968838035531 553
0.0032238026853933792 0.0041922349871034827 554
0.0032367050531417908 0.0039705452849220424 554
0.0033742355954919315 0.0038996295608093581 554
0.0035628716987682915 0.0039953446592338503 554
0.0035619957259790105 0.004182110155658985 554
0.0033775770152422286 0.0042895921777499077 554
0.0037338257134179893 0.0042903486867855688 555
0.0035639956107352622 0.0041821394168937718 555
0.0035648720417887562 0.0039952762143022754 555
0.0037026450556875597 0.0039056366098103906 555
0.0039026204393102226 0.003994874675329595 555
0.0039086705552331463 0.0041780720286989353 555
0.0042446584453501015 0.0041814099960780782 556
0.0040826683962364788 0.0042764325712458971 556
0.0039106697895896622 0.0041780158289065799 556
0.00390461586139286 0.0039947030399830503 556
0.0040405017256778071 0.0038924912239133047 556
0.0042446689600980081 0.0039872378925699808 556
0.0045776559759415142 0.0041814441974457554 557
0.0044138473693151291 0.0042747309830307705 557
0.0042466584461231978 0.0041813957737432388 557
0.0042466689664872126 0.0039871199595610494 557
0.0043788235066122188 0.0038945321899875253 557
0.0045750204623327207 0.0039816252922231015 557
0.0045796559120655413 0.0041814261655713182 558
0.00457701887188225 0.003981491518793027 558
0.0047182453928918192 0.0038840630395302299 558
0.0049031060164521677 0.0039760069615541252 558
0.0048926172326024956 0.0042024426065413508 558
0.0047427390960342918 0.0042713099734508304 558
0.0052301742463644477 0.004179526915019569 559
0.0050425236817791281 0.0042838867780856972 559
0.0048946157402740328 0.0042025211199027326 559
0.0049051078486540929 0.0039760137037556402 559
0.005047851167010088 0.0038990905073188892 559
0.0052226456307977506 0.0039978390376173316 559
0.0055765688525563021 0.0041483765583540961 560
0.0053791106197049014 0.0042723988924103949 560
0.0052321763421295901 0.0041795360727529254 560
0.0052246445467778865 0.0039977714576844656 560
0.0053984150123981105 0.0038854202325819326 560
0.0055724274429099366 0.003988760432998794 560
0.0059268233502902581 0.0041492722416543648 561
0.0057369373772172792 0.004260432360716368 561
0.0055785699615955066 0.0041483933606894351 561
0.005574426914592796 0.0039887141291703246 561
0.0057416120198596956 0.0038793572548822533 561
0.0059179222039427168 0.0039725191967496095 561
0.0059199192821512876 0.0039724108504214598 562
0.0060843521967116083 0.0038602747538032714 562
0.0062598782051887427 0.0039566459877285473 562
0.0062609405366263211 0.0041434904365180063 562
0.0060823434216637929 0.0042465500368825335 562
0.0059288253171912234 0.0041492609717287705 562
0.0062629406362099292 0.004143502265832261 563
0.0062618780456716915 0.0039566122460296402 563
0.0064330039999451489 0.0038523867050694049 563
0.0066046478763842958 0.0039718082889054892 563
0.0065840314342748476 0.0041705112024149459 563
0.0064352382402708547 0.0042484371500216365 563
0.0067679107475731148 0.0042788913970677554 564
0.0065860313252992398 0.0041706157300966887 564
0.0066066394447181834 0.003971993031342172 564
0.0067817546407639715 0.0038908941592609974 564
0.0069322956808067875 0.0039872001187478065 564
0.0069280705873367293 0.0041919270084106201 564
0.0069300703377851687 0.0041919597359401876 565
0.0069342942483507225 0.0039872901639110246 565
0.007120129845734062 0.0038963329566167266 565
0.0072592060020327046 0.0039693130316778274 565
0.0072736309789686098 0.0041875592889179213 565
0.0070977601437188596 0.0042893104114032085 565
0.0072756305652288732 0.0041874870062108948 566
0.0072612071455660891 0.0039692643101197373 566
0.0074335973489332279 0.0038766756010068975 566
0.0076033384238509763 0.0039615225715285748 566
0.0076022114091800095 0.004174698356465072 566
0.0074268722472199608 0.0042664201916984444 566
0.0077662971636243807 0.0042715119266317839 567
0.0076042112188637609 0.0041747396416942015 567
0.0076053386575741407 0.0039614836493415927 567
0.0077491569017006379 0.0038779999003166806 567
0.0079436778399196613 0.0039716456273187831 567
0.0079385321824443581 0.004172795666529199 567
0.0081175740906792981 0.0042773378104652114 568
0.0079405321801422589 0.0041728213335278201 568
0.0079456800493296949 0.0039715848357872244 568
0.0080770470943832325 0.0038885671694993918 568
0.0082806118065110179 0.0039902602980176061 568
0.0082801277155052019 0.0041795077856228218 568
0.0086165058347996461 0.0041732515601483776 569
0.0084590659688122856 0.0042771296124643919 569
0.0082821277816577249 0.0041794844823459208 569
0.0082826120582188828 0.0039901644549039678 569
0.0084225674274693053 0.0038922138729521154 569
0.0086027201122648982 0.0039612589399092638 569
0.008735700844166857 0.0038721513014681489 570
0.0089269789944737589 0.0039589254235005483 570
0.008918600051715431 0.0041930161756842908 570
0.0088041576673415119 0.004255838968142845 570
0.0086185001239698199 0.0041730987801031306 570
0.0086047114384955967 0.0039610605966879263 570
0.0092466949243664252 0.004163827746362184 571
0.0090948239540040287 0.0042622862296364207 571
0.0089206036665679458 0.0041929509661083868 571
0.00892898200559087 0.0039588770810735007 571
0.0090715466041628844 0.0038755010569539363 571
0.0092511983382113413 0.0039965659391144317 571
0.0092486960085408597 0.0041638143983785793 572
0.0092531976033934215 0.00399662015053331 572
0.009434477410910639 0.0038883098827932152 572
0.0095915692457263398 0.0039874161429934918 572
0.0095758313094275564 0.0042004147947402055 572
0.0094346837177032728 0.0042719600260558111 572
0.0095778308486806768 0.0042004948174523236 573
0.0095935643442923643 0.0039875562663659958 573
0.009764135935129448 0.0039101467731408306 573
0.0099174207362860631 0.0040041331617102155 573
0.0099206228264539283 0.0041916701304021134 573
0.0097531714383566562 0.0043002331580476059 573
0.010278251537054544 0.0041628926230530402 574
0.010099699135403595 0.0042926329475640049 574
0.0099226222805676827 0.0041916210862530086 574
0.0099194213957062554 0.0040041547088009201 574
0.010106808951783085 0.0039016454986773564 574
0.010277921371993525 0.0040198375113978443 574
0.010469513059463406 0.0042953111900523215 575
0.010280251512435465 0.0041628796480570225 575
0.010279921439939731 0.0040198646434238114 575
0.010466052601426787 0.003903197949561686 575
0.010633841909157787 0.0040012403783814959 575
0.010637810233002911 0.0041813442792589415 575
0.010823097715929679 0.0042833500443685713 576
0.010639809125617156 0.0041812719892797496 576
0.010635841910581366 0.0040012184121395239 576
0.010811936176770408 0.0038957757354606951 576
0.010976736289415076 0.0039934317278333157 576
0.010985971197271334 0.0041680863876538436 576
0.011171234871795659 0.0042664317779997881 577
0.010987967812190894 0.0041679695291770187 577
0.010978736269702218 0.0039933785166759673 577
0.011157738264811215 0.003880948746948196 577
0.011319960843430165 0.0039634406002214094 577
0.011309324546813299 0.0041872015475783652 577
0.011499182360470695 0.0042796584105059604 578
0.011311327415909874 0.0041871886963725765 578
0.011321961493283119 0.0039634744363234494 578
0.011459794703916733 0.0038944686248448038 578
0.011629037410486008 0.0039746915126799374 578
0.011638377582500341 0.0041911436908864822 578
0.011640373358382843 0.0041910026686813248 579
0.011631035292630756 0.0039745993016797321 579
0.011783702750983054 0.0038835612429543773 579
0.011965689462953032 0.003985846720422191 579
0.011971401910985157 0.0041484627605515049 579
0.011808932586573768 0.0042622372620934714 579
0.011973400374884063 0.0041483839148094646 580
0.011967687449617705 0.0039857542892714828 580
0.01213018677680297 0.0038706271684056264 580
0.012308439677605061 0.003961631035863165 580
0.012312348744382865 0.0041559399739235295 580
0.012154769671703144 0.0042540176999057372 580
0.012314347896810679 0.0041558777276890137 581
0.012310438510297752 0.0039615528964765329 581
0.012463164528368813 0.0038638672063174596 581
0.012648994943116113 0.0039626251176039136 581
0.012652706368528149 0.0041432128154022859 581
0.01249003350636463 0.0042481318304497051 581
0.012831238750431878 0.0042420754381150422 582
0.012654705661722153 0.0041431578744185365 582
0.012650993494701231 0.0039625340919823508 582
0.01279549256869557 0.0038625102814357822 582
0.013003334787839986 0.0039529975100790291 582
0.012981392634729444 0.0041625515499272266 582
0.013186729714175744 0.0042888168806404191 583
0.012983391531673888 0.0041626665077960576 583
0.013005349756172666 0.0039529589814456907 583
0.013089454599727324 0.0038997287465153169 583
0.013304427693224397 0.0039336808716792498 583
0.013354687227209864 0.003995072709265397 583
0.013293253602968102 0.0042189440886715576 583
0.013599 0.0039855143362366513 584
0.013599 0.0043386357827961035 584
0.013295319925870422 0.0042189718347215889 584
0.013356559605293281 0.0039958072131320525 584
9.9999999999999995e-07 0.0045522919069444995 585
9.9999999999999995e-07 0.0041601075741184712 585
0.0002518323336465208 0.0041530484170975998 585
0.00030229701506946036 0.0042141693333279358 585
0.00023016119819256709 0.0045393775016457057 585
0.0005633515713399065 0.004489311073835052 586
0.00031803382883625691 0.0046003236419194099 586
0.00023209417105199683 0.004539898829497388 586
0.00030414421810898157 0.0042150773351958982 586
0.00052970790978596849 0.0042590870387391446 586
0.00053166605121524014 0.0042586552374880137 587
0.00065551205894350244 0.0041568441371254844 587
0.00087524687323498084 0.0042640585091921175 587
0.00086796994483993959 0.0044539431344256088 587
0.00068003021517226746 0.0045542524834118973 587
0.00056536868928396325 0.0044892828496793553 587
0.0008699681188197502 0.0044540290915445853 588
0.00087725096196597291 0.0042639901264233723 588
0.0010080258586261739 0.0041755534571346524 588
0.0012100574990322273 0.0042624776456224901 588
0.0012074959254609104 0.0044814298780124365 588
0.0010291756585581243 0.0045585724218464574 588
0.0012094946789263864 0.0044815481252278811 589
0.001212058997765471 0.00426236123921994 589
0.0013604656513735252 0.0041631890749491036 589
0.0014852276776655474 0.0042076619727353095 589
0.0015845464161330595 0.0043739951786284578 589
0.0015000794634381491 0.0045277634473063939 589
0.0013577537864916272 0.0045767967652409003 589
0.0017350934362696979 0.0043671260450337127 590
0.0018720425160740502 0.0041611879323220496 590
0.0020790660574362876 0.0042362850366892699 590
0.0020547493798853877 0.0044774759785912478 590
0.0018879338900523322 0.0045304400910901425 590
0.0020567331889349469 0.0044777371368102826 591
0.0020810830556664103 0.0042362169998649314 591
0.0021934920239716086 0.004170488912554172 591
0.0023701262214847188 0.004258878223388103 591
0.00238615373241943 0.0044808289893008687 591
0.0021945500852532662 0.0045711673444664763 591
0.0023881586201649151 0.0044808245572316311 592
0.0023721249255778459 0.0042587881594086698 592
0.0025508824163893583 0.0041544637574334473 592
0.0027134480394079745 0.0042596880866715668 592
0.0026988323635368577 0.0044653671242194529 592
0.0025185796818285714 0.0045519732961179626 592
0.0027008280938379584 0.0044654981806583538 593
0.0027154432009577848 0.0042598271468606095 593
0.0028931645913010695 0.0041768972574657724 593
0.0030426010229729441 0.0042724195688436072 593
0.0030346095605498663 0.004489651990743462 593
0.0028705067338002928 0.0045751694827277584 593
0.0033827309285958517 0.0044717694220994357 594
0.0032028373003319603 0.0045827133938467352 594
0.0030366092995593474 0.004489695860440731 594
0.0030445976901011225 0.0042725469416820998 594
0.0032226860564399684 0.0041938951696319999 594
0.0033765741292865492 0.0042913243729396141 594
0.0033847310691825778 0.0044717394322969879 595
0.0033785753225225798 0.0042913252344522626 595
0.0035629698409194764 0.0041838573120240013 595
0.0037328337150552568 0.0042920880997987911 595
0.0037345903696993192 0.0044549186726867297 595
0.0035492166982892277 0.0045709055632994497 595
0.0037365905739022254 0.0044549268130590156 596
0.0037348337251146258 0.004292078244315412 596
0.0039097186435588021 0.0041797758510116181 596
0.0040816675510857593 0.0042781641557631603 596
0.0040793663872070139 0.004467450966709148 596
0.0039032900492142987 0.0045649313176048473 596
0.0040813660289445962 0.0044674925928693899 597
0.0040836676874782723 0.0042781650930984148 597
0.0042456707083964864 0.0041831349087330955 597
0.0044128549655015501 0.0042764675131220136 597
0.0044137578321239929 0.0044719463359055066 597
0.0042499350034259321 0.0045722434625279137 597
0.004598664489885643 0.0045690017999299162 598
0.0044157576499286103 0.0044719022702312122 598
0.0044148549464016126 0.0042764587590927708 598
0.0045786716688932467 0.0041831673516322804 598
0.0047416505112676506 0.0042729936513151061 598
0.0047234257082471197 0.0045036678540539068 598
0.004725430451810622 0.0045036866977961453 599
0.0047436488978245452 0.0042730929566913677 599
0.0048935475667149404 0.0042042161554040787 599
0.005041570884234345 0.0042856452831022537 599
0.0050573516160614318 0.0044900310114121319 599
0.0049061420341823545 0.004588644876739564 599
0.0050593455859761086 0.004489875816351652 600
0.0050435727117322292 0.0042855918563174311 600
0.0052311663073227599 0.0041812636759510505 600
0.0053781603836758228 0.0042741642885810362 600
0.0053936205040037441 0.0044352005360155239 600
0.0052264944854779598 0.0045649118693661594 600
0.0053956126507540142 0.0044350229509404178 601
0.0053801633551468393 0.004274099456341704 601
0.005577550306700361 0.0041501218936419084 601
0.0057358853310816495 0.0042621379780824527 601
0.005735619170850686 0.0044260011849945567 601
0.0055712202427198208 0.0045285990952643662 601
0.0057376191732538091 0.0044260013297794422 602
0.0057378852411420975 0.0042621949742101053 602
0.0059278319989094601 0.0041509992715093756 602
0.0060813287326108483 0.0042482747933591941 602
0.0060844316438725208 0.0044261822323779674 602
0.0059021181670961325 0.0045283199572864943 602
0.0062371873969036202 0.0045260767019382597 603
0.0060864325929968913 0.0044262192112131367 603
0.0060833293060696247 0.0042482902331626759 603
0.0062619300722124363 0.0041452285258818016 603
0.0064341459243876754 0.0042501136204951507 603
0.0064158466551628912 0.0044410056681847892 603
0.0064361448952034968 0.0042502199992595236 604
0.0065849394900972611 0.0041722933179790681 604
0.0067668478838650153 0.0042805862321339217 604
0.0067530202678796969 0.0044801656678324529 604
0.006574112864777425 0.0045564581665082284 604
0.0064178375315587181 0.0044411964853159798 604
0.007098806928628674 0.0044756999106195065 605
0.0069029325158351642 0.0045856606513752802 605
0.0067550118985449503 0.0044803556665676501 605
0.0067688476731092868 0.0042806584748800716 605
0.0069290420161157822 0.0041936753514800178 605
0.0070967656297956476 0.0042910456536991654 605
0.0074354695392311815 0.0044928187345830402 606
0.007256784989143639 0.0045793888234635927 606
0.007100807511768034 0.0044757416065688074 606
0.0070987656813107898 0.0042910392593476111 606
0.0072746946093469713 0.0041892545269336555 606
0.0074258982656872485 0.004268167866795917 606
0.007603175974169922 0.0041764508996463895 607
0.0077652941921995513 0.0042732424531145598 607
0.0077677042029370338 0.0044589254093328158 607
0.007577201932945297 0.004570381592583053 607
0.0074374718293496508 0.0044928299010053878 607
0.0074278989036208869 0.0042681402541828849 607
0.0079395100371457694 0.0041745404213711663 608
0.0081165662472529338 0.0042790653400424207 608
0.0081124297456999853 0.0044650747326899351 608
0.0079332020708678935 0.0045639073421640348 608
0.0077697046083247132 0.0044589436644215221 608
0.0077672944011350324 0.0042732455722437482 608
0.0081144288867591573 0.0044651355927570191 609
0.0081185665314468403 0.0042790747958503655 609
0.0082811479100358947 0.0041812280678963634 609
0.0084581347438445996 0.0042789000441634823 609
0.008465187583835878 0.0044605353541863095 609
0.008284796716775223 0.0045751124488619416 609
0.0086420355724561825 0.0045604531665354954 610
0.0084671868750911955 0.0044604782864812809 610
0.0084601332035459526 0.0042788215610340035 610
0.0086176348143714183 0.0041749027697762812 610
0.0088031453990516702 0.004257577464168159 610
0.0087830611927151216 0.004486639181165669 610
0.0089828723781411358 0.0045885056735962115 611
0.0087850644332346725 0.0044866897352773437 611
0.0088051533846458269 0.0042575739003864891 611
0.008919647193220746 0.0041947228787720644 611
0.0090940038808311457 0.0042641124261161263 611
0.0091171526273101707 0.0044813965001601367 611
0.0091191289846507002 0.0044810683438195496 612
0.0090959937772891949 0.0042639113537460008 612
0.0092477088600963712 0.0041655539329211039 612
0.0094335785480625725 0.0042736309352230323 612
0.0094060141356497699 0.0044996703459759049 612
0.0093371538484821361 0.0045461620256021483 612
0.0096465145005603867 0.0045781782438212596 613
0.0094080434976475599 0.0044995510607837748 613
0.0094355790316503971 0.0042737484647568848 613
0.0095767597214707935 0.0042021864565985872 613
0.0097522206324649127 0.0043019932391252669 613
0.0097570244024932119 0.0044837507830123753 613
0.0099743503744875537 0.0045679753785868842 614
0.0097590187964889004 0.0044835122468454454 614
0.0097542198444425209 0.0043019369982295044 614
0.009921665389106965 0.0041933777590313142 614
0.010098807818769776 0.0042944270268985008 614
0.01011151553360252 0.0044610991038939504 614
0.0101135065674811 0.0044609053725445779 615
0.010100804112034787 0.004294302276705176 615
0.0102792636618534 0.0041646294204934174 615
0.010468483794686841 0.0042970319838307467 615
0.010463380827668357 0.0044313348329976295 615
0.010290105351075145 0.0045453288698676011 615
0.010638873109794675 0.0041830399478624755 616
0.01082218084941378 0.004285128667684812 616
0.010827831019100035 0.0044535991545946851 616
0.010634210137822068 0.0045600003072760785 616
0.010465379551970294 0.0044314063898260488 616
0.010470483822428123 0.004297069235985722 616
0.010987071121048407 0.0041697581458726707 617
0.011170220452600995 0.0042681571440011138 617
0.011160104231757116 0.0044702199800743334 617
0.01097150386997444 0.004552819158846237 617
0.010829833744854791 0.0044536468995109643 617
0.010824178836144654 0.004285035109648244 617
0.011310333357550667 0.0041889285515325165 618
0.011498233857116588 0.0042814206896606942 618
0.011494734183776013 0.0044809405240870985 618
0.011301123979737321 0.0045682393741434306 618
0.011162098359204412 0.0044703873126738253 618
0.011172222260145383 0.0042681710732473269 618
0.011836654434945521 0.0044749131818059536 619
0.011634837700962828 0.0045767119695606399 619
0.011496732147016069 0.0044810741809130561 619
0.011500235246800912 0.0042813590015138526 619
0.011639495485908483 0.0041928029373112805 619
0.011808138429968789 0.0042640729097767225 619
0.011810125604826392 0.0042638434474405618 620
0.011972469920556145 0.0041501564873498362 620
0.012153773363694755 0.0042557519176989024 620
0.012149695861200393 0.0044314360147607807 620
0.011957636712590492 0.0045381988726136951 620
0.011838663201240359 0.0044748433612044457 620
0.01215169468833136 0.0044315097553946029 621
0.012155773984888877 0.0042557483589648355 621
0.012313402147757016 0.0041576400790901196 621
0.012489101891157007 0.0042499016036612125 621
0.012494342044254033 0.0044378293738625467 621
0.012320733337440139 0.0045460231117401178 621
0.012496341395597188 0.0044377782326124804 622
0.012491100492382532 0.0042498235609197913 622
0.01265375385786653 0.0041449171206336755 622
0.012830193687434172 0.0042437824280240431 622
0.012818672776961346 0.0044607878666455755 622
0.012673570596231285 0.0045365643878075308 622
0.012985064591605387 0.004547940036390005 623
0.012820673585319011 0.0044608256936563987 623
0.012832193830302967 0.0042438327900428388 623
0.012982292363896095 0.0041643382164695038 623
0.013185684290911777 0.0042905219322422533 623
0.013168589868316736 0.0044523020596868327 623
0.013599 0.0043407854547030614 624
0.013599 0.0044755957441252187 624
0.01331984049705817 0.0045804965609020044 624
0.013170577596411276 0.0044525235711699888 624
0.013187689366000297 0.0042905792732844047 624
0.013294233306675403 0.0042206933285753676 624
9.9999999999999995e-07 0.0049462824634042514 625
9.9999999999999995e-07 0.004554295080325713 625
0.00023068268895108155 0.0045413512863561132 625
0.00031701211447596758 0.0046020501473748214 625
0.00034801872287699639 0.0047792602894289856 625
0.00019124196308117883 0.0049447752948781299 625
0.00031904449183870962 0.0046020615399173601 626
0.00056439918067644238 0.0044910322526695769 626
0.00067906379770480069 0.0045560036379071293 626
0.0006961072424086517 0.0047576423082384507 626
0.00055897185331599676 0.0048649580476436121 626
0.00034998050192006693 0.0047788681957825164 626
0.00069809455412604151 0.0047574078206470355 627
0.00068106772874514793 0.0045559657712594933 627
0.00086889447111230622 0.0044557167271516819 627
0.0010280219064416956 0.0045602074570446731 627
0.001005204509934889 0.0047867036519669169 627
0.00090341086991922075 0.0048431599650312846 627
0.0010072151946991454 0.0047866980764200932 628
0.0010300137419256325 0.004560388988307699 628
0.0012083961592444629 0.0044832195577867232 628
0.0013565372422042433 0.0045783923732292129 628
0.0013256937079571256 0.0047864271292740821 628
0.0011914413669088895 0.0048667064409075242 628
0.0015750992212887436 0.004942036185588812 629
0.0013276983769094917 0.0047865430934607277 629
0.0013585212449501959 0.0045786477277067082 629
0.0015004678562545234 0.0045297450035382079 629
0.0017017902339927324 0.0047547114767535672 629
0.001501987504853347 0.0045284440051457722 630
0.0015863049608807855 0.0043749478883923082 630
0.0017334073408933539 0.004368251350519623 630
0.001886484525528846 0.0045318183497206543 630
0.001816379877560782 0.0047234603925192581 630
0.001703391471341745 0.0047535016492165037 630
0.0018183241793949198 0.0047239669808019046 631
0.001888405485776522 0.0045323887458882479 631
0.0020555187383010675 0.0044793300933876666 631
0.0021934396758314279 0.0045728308337020856 631
0.0021856034243495277 0.004770971149215859 631
0.0019974597066198855 0.0048696400230083901 631
0.0021876017841930282 0.0047710521542667353 632
0.0021954361011626558 0.004572960753067774 632
0.0023871675450966019 0.0044825621435700194 632
0.0025175828080802412 0.0045537077190963456 632
0.0025298122316873306 0.004776336399960242 632
0.0023576270898664504 0.0048788412437331214 632
0.0025318104585192996 0.00477624923003756 633
0.0025195858785006815 0.0045537087235428533 633
0.0026997165838029626 0.0044671611577604131 633
0.0028694108145045989 0.0045768425368594313 633
0.0028549441525535851 0.0047684360089829307 633
0.0027015400012959864 0.0048604619426762998 633
0.0028569462187163271 0.0047684840449063745 634
0.0028714080095622618 0.0045769550846888234 634
0.0030355705870530898 0.0044914064553156262 634
0.0032018929833894563 0.0045844768104030811 634
0.0032122828386846607 0.004777418115403359 634
0.003050454687672424 0.0048833458193916976 634
0.0032142797697092005 0.0047773073131873187 635
0.0032038924149747779 0.0045844124440080243 635
0.0033837560558340712 0.0044734869660884424 635
0.0035482555354783467 0.0045726614473901748 635
0.0035574741622241388 0.0047487278793072385 635
0.0033836240692203426 0.0048627095980458253 635
0.0035594730090635555 0.0047486535321458615 636
0.0035502558232323109 0.0045726146202369243 636
0.0037355819777690809 0.0044566574605689833 636
0.0039022303043413421 0.0045666282122084501 636
0.0038972843511945266 0.0047534088589702662 636
0.003726483419706272 0.004844680364412276 636
0.0039042291722351801 0.0045666974408166945 637
0.0040803300338917671 0.0044692035129952909 637
0.0042489270555621898 0.0045739718115280032 637
0.0042476742068030069 0.0047467249159780138 637
0.0040551184990432051 0.0048518105070363268 637
0.0038992833120721875 0.0047534745761060142 637
0.0042496736508054285 0.0047468088336578857 638
0.0042509270403093477 0.0045739811668705594 638
0.0044147957252506191 0.0044736559657150227 638
0.0045975948848982233 0.0045706983312999837 638
0.0045752404001243576 0.0047791932623497931 638
0.0044029160189551645 0.0048562812504052612 638
0.0049141364880737866 0.0047843077540286492 639
0.0047413234155808358 0.0048911484553871634 639
0.0045772316055702417 0.0047793821990317637 639
0.00459959863666557 0.0045707702514434624 639
0.0047244030529644829 0.004505413684020923 639
0.0049052498875122065 0.0045904354492515044 639
0.0049161352745643525 0.0047842354664637092 640
0.0049072463479785684 0.0045903124165596592 640
0.0050584830244306891 0.0044916808810519125 640
0.0052257335401017582 0.0045667625513351141 640
0.0052534558534208234 0.0047351506520524611 640
0.0050899553139029446 0.0048771861968465178 640
0.0052554314371562631 0.0047348388124724338 641
0.0052277164435279595 0.0045664951722880444 641
0.0053947699391841825 0.0044368401260325733 641
0.0055702715004180801 0.0045303597696838525 641
0.0055741579617017969 0.0047267769174163723 641
0.0054496092434268527 0.0048190503389987501 641
0.0055761545676554225 0.0047265856014991345 642
0.0055722707295880504 0.0045303010280121339 642
0.0057366191518933131 0.0044277346373648831 642
0.0059010937311549253 0.0045300380789651314 642
0.0059018581439373536 0.0047278932023672596 642
0.0057862180727478426 0.0048088531663887883 642
0.0059038575479933271 0.0047277350890053875 643
0.0059030938532636358 0.0045300658212251233 643
0.0060853983678382066 0.0044279331172230032 643
0.0062360844677524126 0.0045277450995588843 643
0.0062279219631266479 0.0047272292692177292 643
0.0061092009258620385 0.0048101223611109866 643
0.006229927970196586 0.0047271233628505029 644
0.0062380811832020771 0.0045278662719180855 644
0.0064166768116852551 0.004442825536347215 644
0.0065729143071541658 0.0045580593101111821 644
0.0065466231161055797 0.0047681078774068596 644
0.0064535980231956594 0.0048250143938744824 644
0.0065486408680357714 0.0047680907324314349 645
0.0065749002029854044 0.0045582966734968563 645
0.0067538522388806612 0.0044819851418060096 645
0.0069018781823559231 0.0045873651085365065 645
0.0069047045042316124 0.0047474614133568415 645
0.0067591086820686852 0.0048594687486878162 645
0.0069067029331158899 0.0047473547653841411 646
0.0069038795093957538 0.0045874226258696346 646
0.0070997694937152498 0.0044774531435099558 646
0.0072556711746120054 0.0045810499935555297 646
0.0072427435319117441 0.0047771158178443402 646
0.0071069022432427098 0.0048593013731395426 646
0.0072447472522097463 0.0047771252580197602 647
0.0072576666801800645 0.0045811840216264206 647
0.0074364653118889389 0.0044945586618447553 647
0.0075762736760573452 0.0045721537888715122 647
0.0075961083722559655 0.0047647596704361132 647
0.0074367369493860466 0.0048802605731649599 647
0.0075980994495450744 0.0047645703168236898 648
0.0075782756796108162 0.0045720705353353569 648
0.0077686874190033613 0.0044606673183571425 648
0.0079321511952149086 0.0045656093698236084 648
0.0079278862384000986 0.0047606638766033377 648
0.007774023245504141 0.0048485708667398517 648
0.0079298864323620304 0.0047606768687527678 649
0.0079341503839312835 0.004565668336102423 649
0.0081133763572146557 0.004466836664923709 649
0.0082837997319181664 0.0045768493765660188 649
0.0082860320281532493 0.0047410062907699375 649
0.0080945067744471674 0.0048542446214958901 649
0.0082857998522143043 0.0045768446248896861 650
0.0084662362681125532 0.004462238599406399 650
0.0086409754022468491 0.0045621508334643228 650
0.0086271779999130289 0.004771377020414606 650
0.0084475723935423068 0.0048538020476494165 650
0.0082880327992757453 0.0047410493990708187 650
0.0087840134443193246 0.0044883981581784393 651
0.0089820138866602891 0.0045903131790034574 651
0.0089880325758900873 0.004742614119375729 651
0.0087911933756090466 0.0048792234501219504 651
0.0086291725719377741 0.0047715252045393997 651
0.0086429752698499208 0.0045622187145266842 651
0.0089900327643350104 0.0047425793849308236 652
0.0089840092813224682 0.004590157139471712 652
0.0091184199924299603 0.0044829439025528897 652
0.0093362657557903416 0.0045479841119522692 652
0.0093188340358770858 0.0047883634707905987 652
0.0091592559408651738 0.0048576154524236801 652
0.009320829433838676 0.004788499354280459 653
0.0093382834505168471 0.004547812528245529 653
0.0094071044730387448 0.0045013473585193359 653
0.0096457701672746574 0.0045800387339748052 653
0.0096546052629114861 0.0047641751020655538 653
0.0094743189806749048 0.0048807988254344747 653
0.0096566044249140493 0.0047641096832884786 654
0.0096477584237756511 0.0045797460285295381 654
0.0097582300936328425 0.0044853512359047751 654
0.0099735459594703976 0.004569808204600621 654
0.0099821287426597877 0.0047595456699175837 654
0.0098260996028414326 0.0048622089327373377 654
0.0099841255934951054 0.0047594308401821403 655
0.0099755379307778641 0.004569585504349721 655
0.010112680163612057 0.004462727093343874 655
0.01028924077769131 0.0045471323436333455 655
0.010307567508476301 0.0047420958111378704 655
0.010157641133170881 0.0048443099002088161 655
0.01030955871445428 0.004741908464447356 656
0.010291235230947639 0.0045469795421464289 656
0.010464318261849842 0.0044331121109660093 656
0.010633093193949995 0.0045616636383840085 656
0.01062373862914882 0.0047265486069344416 656
0.010476723444246881 0.0048146978808230479 656
0.010625739356794329 0.0047265924696503316 657
0.010635088696301757 0.0045617996029146705 657
0.010828787330152467 0.0044553557225930065 657
0.010970365903059028 0.004554463893329419 657
0.010961183401560447 0.0047508087572359307 657
0.01080416148957312 0.0048354906936904814 657
0.010963182499265122 0.0047508747922342257 658
0.010972360441589869 0.0045546274148748891 658
0.01116095717514985 0.0044720298251148651 658
0.011299998977532019 0.0045698932760485332 658
0.011293901196574108 0.0047696429749062279 658
0.011133267557065217 0.004854450879848521 658
0.011295900593787857 0.0047696932408397529 659
0.01130199541940086 0.0045700403524872556 659
0.011495618478892642 0.0044827357059065258 659
0.011633761628686373 0.004578399529594439 659
0.011635313101551841 0.0047614313334260246 659
0.011461579097515353 0.0048669441217535749 659
0.011637313080274528 0.0047614203469106319 660
0.011635762429718819 0.0045784855533729744 660
0.011837728425621004 0.004476611476111011 660
0.011956727430594343 0.0045399805633281652 660
0.011985960983198356 0.0047483500562939557 660
0.011809929145807689 0.0048643941302174585 660
0.011987953750839228 0.0047481588927938334 661
0.011958732616469625 0.0045398779139146526 661
0.012150630621658994 0.0044332046333207479 661
0.012319698122004528 0.0045477375346163265 661
0.012315828869412114 0.0047131024615417738 661
0.01214035850532331 0.004818821823271955 661
0.012489313852404585 0.0048262283051400115 662
0.012317828414601968 0.0047131452943775503 662
0.012321697706048096 0.0045477787069139377 662
0.012495385969036679 0.0044395353892654659 662
0.012672503102612585 0.0045382590791683232 662
0.012654318151347007 0.0047485559263361803 662
0.012674504160774064 0.0045383331539581026 663
0.012819637735362786 0.0044625402380225939 663
0.01298406998165459 0.0045496764347252704 663
0.012987563302992578 0.0047749746358298024 663
0.012822796085680741 0.004855620009213143 663
0.012656313129447426 0.0047487003129818087 663
0.013169390403986457 0.0044541401588105928 664
0.013318589265293669 0.0045820582433670834 664
0.013300496439295408 0.0047543450097236569 664
0.013128531767905564 0.0048462505177452615 664
0.012989563595085202 0.0047749779696552768 664
0.012986070142421308 0.004549671298820058 664
0.013599 0.0044777322889252473 665
0.013599 0.0049154597628346961 665
0.01352009701326653 0.0049147538599115118 665
0.013302489953230225 0.0047545115003124168 665
0.01332056862735868 0.0045823594934393712 665
0.00019297891128129319 0.0049458498539574659 666
0.0003493442878825865 0.0047807691609138836 666
0.00055817283322999087 0.0048667919480447604 666
0.00057064648058383722 0.0050550502747883901 666
0.000359429481588187 0.0051699620172765562 666
0.00057265058800731999 0.0050550460804300867 667
0.00056016225388587295 0.004866566093877151 667
0.00069730425860668429 0.0047592451773909175 667
0.00090239339851660961 0.0048449024397923786 667
0.00087619495066399117 0.0050738635770577233 667
0.00071786822608547259 0.0051458170042445921 667
0.00087819038965906667 0.0050740174889529685 668
0.00090440738113805588 0.004844894289804922 668
0.0010062009006623445 0.0047884380435669199 668
0.0011905515244307033 0.004868500456648767 668
0.0012038819495187047 0.0050965793602747679 668
0.001051189706200221 0.0051791318030574374 668
0.0012058796558631593 0.0050964817199099293 669
0.0011925476184473354 0.0048683752299196791 669
0.0013266004179784375 0.0047882152387801139 669
0.0015736974425993549 0.0049435173781497647 669
0.0013301110799691363 0.0051499274794245551 669
0.0015766233343909876 0.0049433526497693258 670
0.0017036741191514399 0.004755495983739283 670
0.0018169045643867342 0.0047253903739242122 670
0.0019962965889415646 0.0048712719998043998 670
0.0019812876981035905 0.0050378963995441582 670
0.0018457679955650678 0.0051367391067678693 670
0.0017037522715597916 0.005104814629523371 670
0.0019832973083942118 0.0050378796030678182 671
0.0019982873630499777 0.0048714643172184718 671
0.0021865324510575348 0.0047727422814533892 671
0.0023566046510005174 0.0048805610999686196 671
0.0023546412119642341 0.0050616899890088057 671
0.0022030750741100016 0.0051601693930945127 671
0.0023586044882041579 0.0048805869577605481 672
0.002530887418758935 0.0047780238986342123 672
0.0027005958290807573 0.0048622261262311625 672
0.0027040759422147496 0.005069065996812552 672
0.0025368248359291974 0.0051646231561370609 672
0.0023566416557387181 0.005061659890134425 672
0.0027060759922800165 0.0050690521484666514 673
0.0027025950216711279 0.0048621613140258178 673
0.0028559050626979672 0.0047701918363134968 673
0.0030494663225154504 0.0048850849461302805 673
0.0030452527682132699 0.0050548227759377746 673
0.0028692935985997208 0.0051614277029185781 673
0.0030472523780922778 0.005054863311553308 674
0.0030514672250606945 0.0048850734082834047 674
0.003213377260748634 0.0047790921051181941 674
0.0033827428279079412 0.0048645051154971464 674
0.0034000346202600353 0.0050581041054847424 674
0.0032169009447044379 0.00516610746655124 674
0.0034020357807552758 0.0050580279582483839 675
0.0033847387489929362 0.004864370307798579 675
0.0035585371613220426 0.0047504224725743761 675
0.0037254543911985414 0.0048463957282177906 675
0.0037215148729891597 0.0050496069765715882 675
0.0035513112011481616 0.0051410396001073588 675
0.0037235145763953284 0.0050496416602004556 676
0.0037274541162310416 0.0048464292963005988 676
0.0038982268783159147 0.004755172843843556 676
0.0040540979080206374 0.0048535313924422813 676
0.0040598401210499803 0.0050480563835611676 676
0.0038863828151556265 0.0051441205342653579 676
0.0040618407445056418 0.005048047991213213 677
0.0040560994353369857 0.00485355361955954 677
0.004248598704120172 0.0047484988295784089 677
0.0044017575479069386 0.0048579115786634933 677
0.0043858778759238003 0.0050491214099386223 677
0.0042156422971968829 0.0051365739820092944 677
0.0043878739347036405 0.0050492517725430923 678
0.0044037488096477749 0.004858099703230534 678
0.0045760720216970092 0.0047810122381718966 678
0.0047402920487351827 0.0048928658257425036 678
0.0047388261544945888 0.0050479602867628676 678
0.004556573099430152 0.0051615060821711715 678
0.0047408258882032442 0.005047997912316019 679
0.0047422918045102709 0.004892901116624172 679
0.0049151985049600841 0.0047860025303126646 679
0.0050891718128171582 0.0048790352214451767 679
0.0051086687764938053 0.0050173475496518381 679
0.0049095226130862384 0.0051646702227152114 679
0.0051106677944036324 0.0050172003127361212 680
0.0050911572111615204 0.0048787913667257881 680
0.0052547134645161376 0.0047367074224268944 680
0.0054487539267024055 0.0048208593852202474 680
0.0054524862260748397 0.0050065696778390043 680
0.0052615930404823945 0.0051128920195505729 680
0.0056109203473679705 0.0051098574774974814 681
0.0054544873496574914 0.0050066054892254699 681
0.0054507509973896013 0.0048206935342194942 681
0.0055753186049310368 0.0047284061182959912 681
0.0057853408160187594 0.0048106575111370566 681
0.0057816508670113917 0.0050273441564534001 681
0.0057873436765752571 0.004810506557035233 682
0.0059029902095129247 0.0047295420691242512 682
0.0061083393495984985 0.0048119316531297198 682
0.0061111592439466412 0.0050198121832744375 682
0.0059352641707621067 0.0051152982839287571 682
0.0057836501003832828 0.0050274062032527565 682
0.0061131594880100707 0.0050198166110985423 683
0.0061103373161170383 0.0048117681820254088 683
0.006229013598676115 0.0047289063386455055 683
0.0064525767873708827 0.0048267505996312616 683
0.0064223629968808166 0.0050368899811156463 683
0.00627356270106268 0.0051110404117627106 683
0.0064243599064793188 0.0050370545193804137 684
0.0064545978254872656 0.0048267473220827382 684
0.0065476340717747746 0.0047698339827263051 684
0.0067582939234267121 0.0048612953752307534 684
0.0067712627466161137 0.0050558720569853803 684
0.0066050849039966846 0.0051521552563909253 684
0.0067732623772775941 0.0050557999380277038 685
0.0067602845080552039 0.0048610875348543839 685
0.0069058005178406117 0.0047491415994427195 685
0.0071058690087718677 0.004861015056270861 685
0.0070896039020078103 0.005045301452804637 685
0.0069204831152433217 0.0051329093278475397 685
0.0070915992675426353 0.0050454420508014228 686
0.0071078735889161283 0.0048610512511922275 686
0.0072437365135675971 0.0047788526058766918 686
0.0074358348803468663 0.0048820462974551778 686
0.0074412428935293285 0.0050523313889853658 686
0.007258213329059183 0.0051595486411032685 686
0.0074432440856410549 0.0050523371750854206 687
0.0074378324070527311 0.0048819366689007793 687
0.0075972677108042588 0.0047663894699203216 687
0.0077730595344527309 0.0048503270053556792 687
0.0077712260381751896 0.0050715529153031744 687
0.0075995938849167735 0.0051529831766590276 687
0.007773225614237776 0.0050716123544731441 688
0.0077750599765090333 0.004850281955495396 688
0.0079288749103945781 0.0047624024230527341 688
0.0080935549198150238 0.0048560040898213428 688
0.0081071952423290884 0.0050592618544840475 688
0.0079198823584641018 0.0051560351859827377 688
0.0081091986821707363 0.0050592460792942091 689
0.0080955556475566948 0.0048559479009698571 689
0.0082869914160457955 0.0047427624779226548 689
0.0084464219788664384 0.0048554380698661121 689
0.0084310047695425588 0.0050412916447502209 689
0.0082362947072259565 0.0051315961985037043 689
0.0084329945327686791 0.0050414978597806311 690
0.008448414060028487 0.0048556163423117762 690
0.0086280471898185843 0.0047731786839646205 690
0.0087902447961262769 0.00488099445355227 690
0.0088004988308614182 0.0050179029769371816 690
0.0085979217958141053 0.0051700739599439575 690
0.0088024980158347855 0.0050178173027304101 691
0.0087922454051184065 0.0048809277923789899 691
0.008989059323290402 0.0047443360077922304 691
0.0091580776406913408 0.0048592328142860949 691
0.0091306732837308502 0.005068814202758452 691
0.0089714195739362696 0.0051323182628525161 691
0.009132659410360202 0.0050690505060933923 692
0.0091600670979883631 0.0048594436455416719 692
0.0093197134627612966 0.0047901620369335601 692
0.0094733883246638107 0.0048825729455305011 692
0.0094884451854720109 0.0050481774701517136 692
0.0092882755137433468 0.0051767310149379462 692
0.0094904470869576138 0.0050481076503873738 693
0.0094753889131529972 0.0048824886846319821 693
0.0096556607262189113 0.0047658743210908655 693
0.0098251404335194612 0.0048639646165570824 693
0.0098272211400005152 0.0050308588101598889 693
0.0096364004349247783 0.0051398147641129044 693
0.0099736826390520207 0.0051305980169547676 694
0.0098292218812739366 0.005030905801225438 694
0.0098271400136313112 0.0048639184704472793 694
0.0099832264815649056 0.0047612174871647433 694
0.010156754839944682 0.0048461028177510974 694
0.010166173580283908 0.0050337616523642237 694
0.010475816579538824 0.0048164843792108314 695
0.010482719004364023 0.0050359641197849593 695
0.010295252879435916 0.0051164730303340763 695
0.010168178138220905 0.0050338023054344108 695
0.010158750886516467 0.0048459738905144521 695
0.010308725394145801 0.0047437269866593594 695
0.010611194339194989 0.0051119771640212221 696
0.010484722298538517 0.0050360374249874646 696
0.010477814155513441 0.004816375860046242 696
0.010624702431128964 0.004728302680075791 696
0.010803091693483714 0.0048371808419703649 696
0.010789951637338235 0.0050296687647502104 696
0.010805090820709563 0.0048372618121597169 697
0.010962125689418145 0.0047525728881438007 697
0.011132193707401946 0.0048561385990822841 697
0.011118778171186127 0.00505468512003292 697
0.010944183797437085 0.0051334854764191994 697
0.010791945625514806 0.0050298250165753322 697
0.01112077180987003 0.0050548467576752368 698
0.011134192484854944 0.0048562241842501465 698
0.011294857193262849 0.0047713998762166816 698
0.011460603390268363 0.004868690492103785 698
0.011465645566323616 0.0050527247745229655 698
0.011274508416397239 0.0051597781281659504 698
0.011467646832706995 0.0050527436033381374 699
0.011462603360509659 0.0048686620130551977 699
0.011636322498242117 0.0047631582533872842 699
0.011808972734229381 0.0048661524210130624 699
0.011814367338646483 0.005044191549653511 699
0.011619067598235097 0.0051491877582605676 699
0.011816369523632582 0.0050442333680001663 700
0.011810972125826259 0.0048661020486179176 700
0.011987124133757153 0.0047499787556209783 700
0.012139479889375821 0.0048206189676253085 700
0.012161692452942279 0.0050485616135313195 700
0.011957062499901271 0.0051379670656514801 700
0.012163703572107306 0.0050485784992754176 701
0.012141476152159101 0.0048204833989733548 701
0.012316791665225781 0.0047148573336314699 701
0.012488181603300884 0.0048278773688033936 701
0.012469497535088289 0.0050324191684359967 701
0.012276645961317379 0.0051138091889190839 701
0.012471487313852329 0.0050326222205091401 702
0.012490175703324417 0.0048280331143594002 702
0.012655190076305696 0.0047503559934090533 702
0.012821682795384429 0.0048572819595943213 702
0.012805188665477958 0.0050534703010159327 702
0.012622757853086298 0.005139031346615355 702
0.012807181253615397 0.0050536423858233911 703
0.012823678688723306 0.0048574147309010515 703
0.012988562555210144 0.0047767122635373272 703
0.013127600544414236 0.0048480206183265408 703
0.013149820484803959 0.0050699210960400897 703
0.012971937726981582 0.0051695618880606151 703
0.013281190790232095 0.005129898211175897 704
0.013151819016928528 0.0050698065520824905 704
0.013129603043799357 0.004847945693602659 704
0.01330135057352046 0.0047561562356698128 704
0.013518185303111689 0.004915829863478275 704
9.9999999999999995e-07 0.0052967707769653854 705
9.9999999999999995e-07 0.0049482825261673215 705
0.00019117540418341446 0.0049467758849458731 705
0.00035801881739923189 0.0051714169793103835 705
0.00030667057590270149 0.0053104370453373219 705
0.00030861230737867508 0.005310952354737465 706
0.00035995239894814755 0.0051719543537971724 706
0.00057165165036834041 0.0050567802438542713 706
0.00071676198310169652 0.0051474840945128818 706
0.00070491046436109829 0.0053601833956807071 706
0.00056451992932808799 0.0054306021611299536 706
0.00070690880634273728 0.0053602688285628152 707
0.00071875810126964805 0.0051476094381969432 707
0.00087705660262829273 0.0050756688373816278 707
0.0010501157770746472 0.00518081952112486 707
0.0010356841619051295 0.0053653754930915194 707
0.00086929661902619465 0.0054571538772751546 707
0.0010376819986694945 0.0053654812344613957 708
0.0010521151962311873 0.0051809050263726909 708
0.0012049670037259674 0.0050982663158645122 708
0.0013295208502850898 0.0051518507851541981 708
0.0014060804262624727 0.005332548846830534 708
0.0012305050481687405 0.005492858770500232 708
0.0014079977652825925 0.0053319475380222093 709
0.0013314927244969361 0.0051513781918372048 709
0.0015752414241602037 0.0049448305294811177 709
0.0017019471789328409 0.0051057550401977922 709
0.0015292038196639448 0.0053592631795335308 709
0.001530887814354663 0.0053603435670367744 710
0.0017036300569618762 0.0051068370664489847 710
0.0018451365776060258 0.0051386470771354375 710
0.0018883306504697316 0.0053566444000908214 710
0.0016571816054271246 0.0055197283800565641 710
0.0018903222071539984 0.0053564055543781075 711
0.0018470959850539731 0.0051382459765810726 711
0.0019823156175769723 0.0050396221285500488 711
0.0022020791076794131 0.0051619039752720461 711
0.0021908835280211648 0.0053483869917184401 711
0.0020461825867852074 0.0054323212948929394 711
0.002192884481870759 0.0053484310849817038 712
0.0022040829706617736 0.0051618996115665788 712
0.0023556687493031035 0.0050634074459693854 712
0.0025358194155626927 0.0051663521323215148 712
0.002533950477786736 0.0053685523315792384 712
0.0023727638615589379 0.0054541740376926572 712
0.0025359503120149056 0.0053685795092269619 713
0.0025378194438829805 0.0051663583111614952 713
0.0027050880898868003 0.0050707911307035537 713
0.0028683350806537472 0.0051631833157425068 713
0.0028761501216109085 0.0053485205842520424 713
0.002691949518980428 0.0054578299436815973 713
0.0028781510034547476 0.0053484993497165427 714
0.0028703348329292872 0.0051631352929784715 714
0.0030462177909125251 0.0050565765388416424 714
0.0032158698915382279 0.0051678230112087 714
0.0032148803242274819 0.0053429396067271604 714
0.0030278087065346514 0.0054396035330498589 714
0.003216879853127113 0.0053430286248245815 715
0.0032178697255928236 0.005167858028231242 715
0.0034011014666505768 0.0050597968328871023 715
0.0035503193673876166 0.0051427764882270742 715
0.0035558905847945859 0.0053401763614967634 715
0.0033672494078286898 0.0054472188591967461 715
0.0035578914070598078 0.0053401772786855692 716
0.0035523199250518897 0.005142768030051416 716
0.0037224846256860046 0.0050513563416673332 716
0.0038853684249716769 0.0051458442422983013 716
0.0038843306934986327 0.0053478816892704303 716
0.0037168072034401943 0.0054367574017771467 716
0.0040426993412941295 0.0054381970481823423 717
0.0038863305785492778 0.0053479092052257839 717
0.0038873683655327117 0.0051458609508551762 717
0.0040608481894211425 0.0050497843292321883 717
0.0042146196164988495 0.0051382929801526978 717
0.0042162503833627725 0.0053483577841579137 717
0.0042166198884463603 0.0051383202476222795 718
0.0043867632749782183 0.0050509150360660386 718
0.0045555564535564395 0.0051632319035617644 718
0.0045559278346930581 0.0053326256487819584 718
0.0043657700620705385 0.0054340894742817827 718
0.0042182506594399174 0.0053483855835801371 718
0.0045579280003453801 0.0053326990134317164 719
0.0045575564976076304 0.0051632498037069248 719
0.0047397922675008431 0.0050497147771634537 719
0.0049085820203495917 0.0051664514266166724 719
0.0049201291011037214 0.005315196939585062 719
0.0046939126197822088 0.0054265088954640311 719
0.0049221414731451729 0.0053152787987875341 720
0.0049105820474840021 0.0051663742629830351 720
0.0051097856311304217 0.0050190091120585192 720
0.0052605848917609095 0.0051146209398408521 720
0.0052695655151428393 0.0053100832324565108 720
0.0050267650434808863 0.0053971506829518061 720
0.005271576485110765 0.0053102760712848973 721
0.0052625873047562523 0.0051146275370902525 721
0.0054534541134690718 0.0050083198865872782 721
0.0056098020639402278 0.0051115157403052907 721
0.0055946338170329716 0.0053109047147810754 721
0.0053672111743256704 0.0053865111196867823 721
0.0055966159532538648 0.0053112155008505088 722
0.0056117972485615689 0.0051116550031130295 722
0.0057825977034350858 0.0050291078826749944 722
0.0059342662233569732 0.005117031528255358 722
0.0059409197879530641 0.0053266461839040456 722
0.0057184563522659658 0.0054160372615371863 722
0.0059429251096400479 0.0053267821050408046 723
0.0059362671660488087 0.0051170294930310539 723
0.0061121560472909712 0.0050215467537240528 723
0.0062725025790825173 0.0051127383188739684 723
0.0062620379984704233 0.0053249780003638445 723
0.0060516941861803539 0.0054031467900783866 723
0.006264029263678055 0.0053252044325230088 724
0.0062745016174381527 0.0051128070982309872 724
0.0064232180422554401 0.0050386984623316923 724
0.0066040222389254733 0.0051538496399617514 724
0.0065918450471761786 0.00533229689057544 724
0.0063872542584605804 0.0054176266376486839 724
0.0065938339299920299 0.0053325279647107454 725
0.0066060218255958696 0.0051539238574544221 725
0.0067723262183838678 0.0050575673350659609 725
0.0069195091634749861 0.0051346569302186803 725
0.0069298907983290923 0.0053510610693184709 725
0.0067314457049283544 0.0054426583705437116 725
0.0069318952641847231 0.0053511062138367638 726
0.0069215101580112435 0.0051346297154322177 726
0.0070904803740513452 0.0050470998389692623 726
0.0072571570092828204 0.0051612492832366613 726
0.0072525089752236427 0.0053309902503805217 726
0.0070613016821404846 0.0054292922041750489 726
0.0072545066922578456 0.0053311009996891675 727
0.0072591559776848053 0.0051613143340037207 727
0.0074422365882794942 0.0050540671794751298 727
0.0075984857688372971 0.0051546484104402117 727
0.0075864331062490175 0.0053489325338591347 727
0.0074062333077706335 0.0054382011081793311 727
0.0075884286489112376 0.0053490663610691437 728
0.0076004817214144317 0.00515477562998495 728
0.0077721760444934675 0.0050733158723800251 728
0.0079188711580148036 0.0051577607911420312 728
0.0079240649863020519 0.0053606941175842488 728
0.0077586034709632564 0.0054652226537410652 728
0.007926063560974396 0.0053606128375863309 729
0.0079208721754545786 0.0051577749549849734 729
0.0081082137964839235 0.0050609867767172009 729
0.0082352938283103572 0.0051333277916922517 729
0.0082536846524840068 0.0053604028345594469 729
0.0081073514893762102 0.0054520848570334124 729
0.0082556772933401225 0.0053602311120997869 730
0.0082373008937096318 0.005133334171841003 730
0.0084318200206303252 0.0050431181719892441 730
0.0085969313475987644 0.0051718377670542937 730
0.0086016257898989777 0.0052806852638186078 730
0.0084081480975924817 0.0054216763156552895 730
0.008598932281788197 0.0051718163190170923 731
0.0088015667310688793 0.0050196022078229123 731
0.0089702116166807139 0.0051339156296221393 731
0.0089365394013425272 0.0053496187763090331 731
0.0087588743437160138 0.0054010270911088228 731
0.0086036270542149459 0.0052806714702470442 731
0.008938505842592542 0.005349988917426305 732
0.0089721975037138288 0.0051341612016677883 732
0.009131460871347306 0.0050706532904108079 732
0.0092872896610174775 0.005178480970191488 732
0.0092973688321087346 0.0053273214285269998 732
0.0090724447615754232 0.0054588987089650622 732
0.0092993753659299048 0.0053273502738360144 733
0.0092892924714948494 0.005178454832388101 733
0.0094895018699305278 0.0050498757742013355 733
0.0096354087492019746 0.0051415536901727741 733
0.0096465422747028517 0.0053253441715499896 733
0.0094320179426838069 0.0054279992435522775 733
0.0096485500450138977 0.0053254119208206259 734
0.0096374116138943991 0.0051415404582656546 734
0.0098281780716180898 0.0050326154787919998 734
0.0099726003636744845 0.0051322811493675867 734
0.0099718245226134948 0.0053212728203085686 734
0.0097664430534673882 0.0054075526846821967 734
0.009973823910590077 0.0053214260118220023 735
0.0099745999938431629 0.005132375343889716 735
0.010167141195281922 0.0050355136949107957 735
0.010294152711139547 0.0051181432874337438 735
0.010292927468303695 0.0053231976434513963 735
0.010096061968144044 0.0054089118553180826 735
0.010294926753292143 0.0053233232816070992 736
0.010296152028440614 0.0051182635178103186 736
0.010483664101354978 0.00503773487451046 736
0.010610138250177358 0.0051136758793858044 736
0.010612227003551754 0.0053220525513810006 736
0.010428554041532102 0.0054129198793582732 736
0.010614227654212001 0.0053221074383891448 737
0.010612139033591194 0.0051137440100596076 737
0.01079081349209534 0.0050314737541156725 737
0.010943038072364358 0.0051351249592699365 737
0.010925492880611988 0.0053402053543366163 737
0.010762881643215986 0.0054133507222318801 737
0.010927486884445734 0.005340360838469338 738
0.010945030612919061 0.0051352975472250722 738
0.011119635332668014 0.0050564925213384959 738
0.011273457213909186 0.0051614820952253088 738
0.011273707599727203 0.005337069833249249 738
0.011087291117591146 0.0054430526434103618 738
0.011275707662517433 0.005337112440085728 739
0.011275457297095557 0.0051615390052375957 739
0.011466628796579507 0.0050544664128682002 739
0.011618032674237796 0.0051508998114301882 739
0.011620797647596989 0.0053430171907684074 739
0.011433326911504098 0.0054411281489060315 739
0.011622798520561835 0.005343063455226749 740
0.011620033448413185 0.0051509392117456074 740
0.011815330577233231 0.00504594440717108 740
0.011955955763117004 0.0051396329409228725 740
0.011953353590106379 0.0053474816799248441 740
0.011774293599241618 0.0054392954244132305 740
0.011955353088549078 0.0053475342609075596 741
0.011957954329445377 0.0051397599745985362 741
0.012162695541511821 0.0050503059119825829 741
0.01227560860035215 0.0051155196616601388 741
0.012288373064206212 0.0053414664398993067 741
0.012114913651172265 0.0054431252312457474 741
0.012290371983122286 0.005341390855148522 742
0.012277614698975195 0.0051155711665918004 742
0.012470316916751548 0.0050342441794934984 742
0.012621629122830972 0.0051406826155541482 742
0.012611139802539173 0.0053378134807562944 742
0.012453057433563688 0.0054245283133853338 742
0.012778378340185217 0.0054365562277270347 743
0.01261313945090986 0.0053378732614196307 743
0.012623623885573877 0.0051408342141813579 743
0.012806035919487195 0.0050552819757906558 743
0.012970849618515672 0.0051712417409089211 743
0.012961708265449184 0.0053456809083137265 743
0.012972846952692622 0.0051713449795896468 744
0.013150923325475518 0.0050715957344045232 744
0.013280583190600761 0.0051318212087428927 744
0.013350126884234649 0.0053111583284493145 744
0.013307448056375418 0.0053780735323893042 744
0.013094870094096453 0.005444507915772407 744
0.012963702777695431 0.0053458379962702252 744
0.013599 0.0049174598428723569 745
0.013599 0.0053058499009797349 745
0.013351922373945026 0.0053102567370647098 745
0.013282551197825584 0.0051313645001725659 745
0.013520145512421856 0.0049167543738452366 745
9.9999999999999995e-07 0.0056490514684808465 746
9.9999999999999995e-07 0.0052987727748746161 746
0.00030613219515764626 0.0053124149727068011 746
0.00024419962296420953 0.0056039146875473947 746
0.00024614287133614546 0.005604391918834435 747
0.00030807216822233569 0.0053129076199711607 747
0.00056343964716367649 0.0054323048820828354 747
0.00053303008705532506 0.005643313855515952 747
0.00037176233947680445 0.0057084542521634116 747
0.00053502016519132924 0.0056435260767572571 748
0.00056545050957842189 0.0054323728832398931 748
0.00070583505999563892 0.0053619571196258896 748
0.00086827783427143805 0.0054588749599404031 748
0.00086853213048268497 0.0056539717011076891 748
0.00069533767523519737 0.0057446492865857717 748
0.00087053219380225368 0.0056540189766160712 749
0.000870277864318596 0.0054588967087652604 749
0.0010365925300808516 0.0053671585231679919 749
0.0012296354693852062 0.0054946813168492512 749
0.0012371693753437287 0.0056211184689269941 749
0.0010156512878181014 0.0057438505342426952 749
0.0012391773757794494 0.0056211932022002566 750
0.0012316305591591413 0.0054945393780115844 750
0.0014075662668170737 0.0053339004537407766 750
0.0015290828901632502 0.0053612860867269544 750
0.0016557103779948196 0.0055210920304698324 750
0.0015170193010173483 0.0056968433016502127 750
0.0013586689225061402 0.00571962384795643 750
0.0016585933873099997 0.005521179994410803 751
0.0018895313209345661 0.0053582449611571884 751
0.0020452031066932239 0.0054340688422557576 751
0.0020382842713043453 0.0056475143354739014 751
0.0018770207432078699 0.0057148140930324033 751
0.0020402804891189105 0.0056476634220666453 752
0.0020472050822868877 0.0054340403018447343 752
0.0021918461970601654 0.0053501407012258211 752
0.0023717034666487606 0.0054558706564091031 752
0.0023595933036966114 0.0056533476432596135 752
0.0021775852731435131 0.0057384246445252429 752
0.0023615880872571385 0.0056534939731352788 753
0.0023737029812042989 0.0054559398392931523 753
0.0025349270222421545 0.0053702982532656124 753
0.00269099896483077 0.0054595903013033402 753
0.0027038700571087372 0.0056411269552713323 753
0.0025215460158117451 0.0057618819896698807 753
0.0027058679885188742 0.0056410269675243509 754
0.0026929998717342891 0.0054595322805550215 754
0.0028771678447316014 0.0053502422843862193 754
0.0030267776310439055 0.005441317298369143 754
0.0030300675189058913 0.005645778491729315 754
0.0028734054250549161 0.0057339814086953163 754
0.0030320672246147936 0.0056457441125317741 755
0.0030287784749412953 0.0054413536557395802 755
0.0032158016727002934 0.0053447147490375711 755
0.0033662066705615907 0.0054489295417794502 755
0.0033693726731781328 0.0056093978564150876 755
0.0031911881034407349 0.0057280494226776566 755
0.0033713726441173364 0.0056093766556251203 756
0.0033682079468165091 0.0054489745006987772 756
0.0035568897802087138 0.0053419089329274048 756
0.0037157497054093598 0.0054384551006442516 756
0.0037074295951200018 0.0056360377501573841 756
0.0035473510770542022 0.0057237432240140702 756
0.0037094293418234075 0.0056360858562115789 757
0.0037177486622825373 0.0054385219632706143 757
0.0038853071096115821 0.0053496277049926077 757
0.0040416737471517883 0.0054399143208489452 757
0.0040418911735558977 0.0056479458777403194 757
0.0038795241987401529 0.0057360946391334681 757
0.0040438911789357013 0.005647949979925764 758
0.0040436737800012609 0.0054399447057570244 758
0.0042172273793862503 0.0053501041179294323 758
0.0043647740511591144 0.0054358238511002365 758
0.004373350410671272 0.0056332364576005397 758
0.0042070216890214692 0.0057380135751405412 758
0.00437534848727557 0.0056331487610882958 759
0.0043667757596090855 0.0054358197532431039 759
0.0045568626010937894 0.0053343937749713525 759
0.0046928578171187832 0.0054282109671295459 759
0.0047040006490466938 0.0056194040054897048 759
0.0045436060795912394 0.0057194615539972061 759
0.0047059983283020352 0.0056193059541250791 760
0.0046948646201854308 0.0054282694656632244 760
0.0049210567117469505 0.0053169695109959803 760
0.0050256035194650361 0.0053987813255208924 760
0.0050340468306073697 0.005599718561356444 760
0.0048637177435740886 0.005699158423253645 760
0.0050360470579846432 0.0055996819714576335 761
0.0050276132635455892 0.0053989712178657105 761
0.0052704110438628656 0.0053119047324777626 761
0.0053660089434425396 0.0053881104540773588 761
0.0053646970192108932 0.0055979354285324101 761
0.0051977981274233913 0.005691326919486415 761
0.005366696989068674 0.0055979465017909789 762
0.0053680074596350264 0.0053883540219234922 762
0.0055953580281350229 0.0053127715780079306 762
0.00571723669297124 0.0054176262595573973 762
0.0057065923855550401 0.0055920638100753301 762
0.0055370209872643078 0.0056955870159290586 762
0.0057085920863619855 0.0055921296772495181 763
0.0057192246886446805 0.0054178839489645763 763
0.0059418108975457674 0.0053284435381461019 763
0.006050560191185511 0.0054047943339881627 763
0.0060548830305379338 0.0056198361987586749 763
0.0058958529239746963 0.0057158659777393319 763
0.0060568820837434449 0.0056197689996955484 764
0.0060525638699204104 0.0054049572342611844 764
0.0062628409912236843 0.0053268132285118359 764
0.0063861000206825985 0.0054192609606001892 764
0.0063816669657471275 0.005612174495553685 764
0.0062315719574293832 0.0057069760835985013 764
0.0063836682625320919 0.0056121410397381895 765
0.0063880963794938211 0.0054194423909036081 765
0.0065926385456791777 0.0053341329230825914 765
0.0067302766617007128 0.0054442844096290752 765
0.0067208479476137681 0.0056151328826026916 765
0.0065699772274374789 0.0057115192211346037 765
0.006732268844548246 0.0054444812022007329 766
0.0069308591194378955 0.0053528168888244514 766
0.0070602892303015009 0.0054310171941673027 766
0.007070275225143109 0.0056380126375621632 766
0.0069064067322670338 0.0057274306704754013 766
0.0067228495876919423 0.0056151583099808963 766
0.0070722760991692186 0.0056379825403317062 767
0.0070622922593922425 0.0054310317683557881 767
0.0072534107493970766 0.0053327754692847895 767
0.0074051212848378354 0.0054398642272452313 767
0.0073972537438217589 0.0056265260206837722 767
0.007214837933859468 0.0057160955598842961 767
0.0073992501997739496 0.0056266522351311197 768
0.0074071175476315247 0.005439995024485637 768
0.0075873149202201938 0.0053507276519188162 768
0.007757562700587509 0.0054669337437756116 768
0.0077522018962978088 0.0056132502137776329 768
0.0075514481183208962 0.0057316629885739139 768
0.0077541988177216373 0.0056133708658089448 769
0.0077595622517348294 0.0054669826207825647 769
0.0079251344106794699 0.0053623841867154682 769
0.0081063963155118216 0.005453843075511916 769
0.0081038020789352596 0.0056494256423454984 769
0.007917091152995482 0.0057452739433406326 769
0.0081058012204775851 0.0056495036260528148 770
0.0081083971979939145 0.0054537898077090226 770
0.0082548294209435404 0.0053620457213361316 770
0.0084074300977535019 0.0054235432630804258 770
0.0084550078554966133 0.0056320897677421978 770
0.0082592545385931655 0.0057496224504261281 770
0.0084570067610927249 0.0056318597245808332 771
0.0084094102968320442 0.0054232312240655636 771
0.0086026293665792345 0.0052824286356441255 771
0.0087575721966358603 0.0054025482240084568 771
0.008715941605733607 0.0056339363564412792 771
0.0085897724210174369 0.005689884411314434 771
0.0087179474192127394 0.0056340825282121957 772
0.0087595379382683549 0.0054029171202124296 772
0.0089372043890969845 0.0053515084022823138 772
0.0090713756100291726 0.0054606070855716168 772
0.0090781844223001684 0.0055934883725413439 772
0.008901797559272371 0.0057280288959617011 772
0.0090801830334895986 0.0055934100621867888 773
0.0090733813495675036 0.0054606678926047095 773
0.009298336387861466 0.0053290724964811294 773
0.0094309077347890999 0.005429667417122034 773
0.009433830222802227 0.0056025648299580016 773
0.0092555737152527507 0.0057101500037180326 773
0.0094358305480302541 0.0056025671689739166 774
0.0094329100844623461 0.0054297895244106182 774
0.0096474873889288038 0.0053271091038133607 774
0.0097653311406745245 0.0054092155485608896 774
0.0097684624021842532 0.0056080432739918206 774
0.0095993092301302485 0.0057060560574184556 774
0.0097704623329560782 0.0056080231305262827 775
0.0097673334736070212 0.0054093479366362184 775
0.0099726940730953274 0.0053230768395153109 775
0.010094942812551799 0.0054105703280547552 775
0.010095558695942678 0.0056028582251913739 775
0.0099414263681788569 0.0057037958641063223 775
0.010097558467949044 0.0056027838392946 776
0.010096943268531257 0.0054107094886661645 776
0.010293821104309811 0.0053249899059353541 776
0.010427474622033835 0.0054146040904576465 776
0.010426160290198373 0.0056073516071084252 776
0.010280570250533581 0.0056960580027878849 776
0.010428160570578665 0.0056073173080290343 777
0.010429474041107795 0.0054146961024448582 777
0.01061318122840871 0.0053238118424171459 777
0.010761763869961241 0.0054150113334507661 777
0.010744517750287416 0.0056314374790195042 777
0.010607890583986302 0.0057029967710532318 777
0.010746519559716087 0.0056314943318537146 778
0.010763759240875727 0.005415148984913019 778
0.010926354772755534 0.0053420106816325901 778
0.011086262259838735 0.0054447688385908929 778
0.011087182164783804 0.0056229420001451995 778
0.010932056840515609 0.0057307982613355362 778
0.011289784376202906 0.0057306279136253588 779
0.011089181784508496 0.0056228631830065939 779
0.01108826245275908 0.0054448010417080155 779
0.011274669514181252 0.0053388235874774516 779
0.011432260726413459 0.0054428207943514051 779
0.011429583251579912 0.0056359975801805046 779
0.011434259859092006 0.0054428972301796951 780
0.011621758036718334 0.0053447719107865806 780
0.011773235156702037 0.0054409924723372322 780
0.011771332578761881 0.0056353087709475119 780
0.011631912127431967 0.0057317328079988976 780
0.011431584696117797 0.005635907217968264 780
0.01177333357170407 0.0056352171495277692 781
0.011775234586293811 0.0054410605208368044 781
0.011954308260834195 0.0053492397599876375 781
0.012113919318030377 0.0054448609810666734 781
0.012117580789073715 0.0056279247891839095 781
0.011972728524697282 0.0057333385963731064 781
0.012119578740621756 0.0056278023729726904 782
0.012115919575586316 0.0054448538591135862 782
0.012289438821506961 0.0053431600017027651 782
0.012452070926489587 0.0054262701987073123 782
0.012451000333134135 0.0056394390262048382 782
0.012313640302405674 0.005724894041385987 782
0.012453000712772545 0.0056393684575898745 783
0.012454071035836628 0.0054262534485607682 783
0.012612087698119492 0.0053395746588180398 783
0.012777319864523204 0.0054382536101328519 783
0.012772219685597002 0.0056469305625184959 783
0.01263968483762253 0.0057289147809909697 783
0.0127742219453988 0.0056468625382389073 784
0.012779318783307342 0.0054383222856421694 784
0.012962567928605308 0.0053474870082743818 784
0.013093648027511966 0.0054460913188780647 784
0.013080242731051414 0.0056664507903853821 784
0.012970323665582548 0.005737003605224297 784
0.013082252979851695 0.0056663430957404545 785
0.013095635123052224 0.0054463642230627276 785
0.013307478211885503 0.0053801595006647291 785
0.013405824823657556 0.0056536308842046537 785
0.013292790957963639 0.0057458544741097652 785
0.013599 0.0053078502190714956 786
0.013599 0.0056619400120856535 786
0.013407719998594624 0.0056529907064924254 786
0.013309202019049204 0.0053790428023969541 786
0.013351796850901806 0.0053122592939649181 786
9.9999999999999995e-07 0.0058716689841444569 787
9.9999999999999995e-07 0.0056510856225834155 787
0.00024476135906011917 0.0056058445858999167 787
0.0003704953846391996 0.0057100018178502529 787
0.00033723949412397641 0.0058932227830421728 787
0.00025930433998693696 0.005939460081666733 787
0.00033924821367786143 0.0058933547794964708 788
0.00037246927623365178 0.0057103256964717106 788
0.00053383749597288061 0.0056451447164063097 788
0.00069426755887510227 0.0057463389210145521 788
0.00068579784729849648 0.0059454651445695356 788
0.00054293747740345841 0.0060180323210298177 788
0.00068779672353395829 0.0059455340798772139 789
0.00069626588249580435 0.0057464208485108349 789
0.0008694915026659062 0.0056557269463444922 789
0.0010146564343238901 0.005745586878368153 789
0.0010263066692253972 0.0059378893244040817 789
0.00085353929659556728 0.0060429190221509459 789
0.0010283052313763957 0.0059378050634287614 790
0.0010166595842474155 0.005745578344610887 790
0.0012380944927054094 0.0056228923646459367 790
0.0013572854450404422 0.005721075397069687 790
0.0013113839860086662 0.005974208456387217 790
0.0012174231797229948 0.0060362601260685669 790
0.0013134335573522376 0.0059741149516916257 791
0.0013592294984525069 0.0057215637927619826 791
0.0015170563443163052 0.0056988585627248452 791
0.0016695794363639188 0.0059413454668906691 791
0.001593419170668995 0.0060610834778003272 791
0.0016711995917045768 0.0059401648782868499 792
0.0015187793398546829 0.0056978414733055375 792
0.0016571142793426784 0.0055225415045294232 792
0.0018756839762101153 0.0057163017872785809 792
0.0018220797323355836 0.0058931486842320477 792
0.0018240343238461196 0.005893594943755194 793
0.0018776471087687053 0.0057167198688490919 793
0.0020391561366063502 0.0056493176574173784 793
0.0021764913731718706 0.0057400990096177062 793
0.002172893148821868 0.0059379329442039918 793
0.0019977252649254697 0.0060354602342656011 793
0.002174892937694334 0.0059379627388056484 794
0.0021784896925793901 0.005740209596855869 794
0.0023604641472164396 0.0056551482901628543 794
0.0025205582346705434 0.005763628568413919 794
0.0025257296577273353 0.0059098923411469492 794
0.002344782390033657 0.0060385432646935886 794
0.0025277290250380812 0.0059098391009611033 795
0.0025225588303745866 0.0057636100709741248 795
0.0027049547024502055 0.0056428074623331324 795
0.0028723924928718571 0.005735706617061442 795
0.0028668223488980014 0.0059360105878015308 795
0.0027015063282963968 0.0060223586931543362 795
0.0028688215107877555 0.0059360685295667716 796
0.002874392875537317 0.0057357206593830938 796
0.0030310970985587514 0.0056474940231137638 796
0.0031903187399176455 0.0057298514527023428 796
0.0032119487830322567 0.0059198200347896617 796
0.0030267328221088353 0.0060308202431021305 796
0.0032139498884701406 0.0059197162489387752 797
0.0031923146572119371 0.0057297021013259257 797
0.0033703899780675147 0.0056111232829503359 797
0.003546261574322947 0.0057254204192820173 797
0.0035316364146469772 0.0059024725438383109 797
0.0033580263135469255 0.0059979138449940588 797
0.0035336332229278355 0.0059025936460421619 798
0.0035482596708208232 0.0057255259263358045 798
0.0037083875500822775 0.005637793407956798 798
0.0038784842787748216 0.0057378032914059051 798
0.0038714680555250562 0.0059373725470648802 798
0.003712412534364256 0.0060251385212432155 798
0.0040444547502848666 0.0060346696838881738 799
0.003873468173263814 0.0059374043440844938 799
0.0038804838950075703 0.0057378493532482533 799
0.0040428877620748436 0.0056496805631129242 799
0.0042060863246534876 0.0057397817297922199 799
0.0042154835071645368 0.005914973942295192 799
0.0042080852109732045 0.0057397073666430624 800
0.0043744253929962149 0.0056349230297553822 800
0.0045426745402761372 0.0057212314905291913 800
0.0045491856398085654 0.0059149276670019046 800
0.0043933010589906332 0.0060137426320240267 800
0.0042174809441526693 0.0059148725591741834 800
0.0045511839560062849 0.0059148439706978462 801
0.0045446730384922484 0.0057211532090197213 801
0.0047050845962554773 0.0056210850628440143 801
0.0048627897044663283 0.0057009302883864891 801
0.0048761269511897395 0.0059126363790931993 801
0.0047168648532439376 0.0059996437789648161 801
0.0048781269453582986 0.0059125733500330936 802
0.0048647885583169379 0.0057008491587198576 802
0.0050350787067975347 0.0056014320295476941 802
0.0051967915157009065 0.0056930552999159313 802
0.0051956054785208044 0.0058877054932479789 802
0.0050262031735144475 0.0059870809487763306 802
0.0051976054970619403 0.0058877085434273458 803
0.0051987915066282076 0.0056930628820260482 803
0.0053656874021972192 0.0055996730676638349 803
0.0055360470050682953 0.0056973339926591812 803
0.0055392580585981585 0.0058824844912684499 803
0.0053816048829256414 0.005995259954973812 803
0.0055412564111141094 0.0058823721551134259 804
0.0055380467860116711 0.0056973040201419222 804
0.0057075375429601347 0.0055938300457644922 804
0.0058947911499465924 0.0057175615684750642 804
0.0058828723896686636 0.0058904884484090748 804
0.0057389719998000698 0.0059824123900553009 804
0.0058848753994358606 0.0058905136223442126 805
0.0058967907636923011 0.005717636014598463 805
0.006055940213660703 0.005621534170515992 805
0.0062306460857840841 0.0057087492410128268 805
0.0062359472188002691 0.0059048843749271987 805
0.0060808877105451827 0.0060065937674742814 805
0.0062379454141949335 0.0059047905838123388 806
0.0062326445169387885 0.0057086641727175785 806
0.0063826967824166386 0.0056138895815006041 806
0.0065690145128158477 0.0057132724384575074 806
0.0065664986628123914 0.005898727243700698 806
0.0064235049580699307 0.0059983135950616119 806
0.0065685000701994197 0.0058986370639835623 807
0.0065710152813219843 0.0057132293535716965 807
0.0067218297279431601 0.005616878966362396 807
0.0069053323709436362 0.0057291179910777526 807
0.0068890081844223102 0.0059330975958784395 807
0.0067721124613906048 0.005999188434954012 807
0.0068910137676005774 0.0059331077318188633 808
0.0069073318632404054 0.005729204235901124 808
0.0070713032679171842 0.0056397300471606061 808
0.0072138376630302356 0.0057178280319162954 808
0.0072234471629730301 0.0059428219474212804 808
0.0070820771482141007 0.0060265861385162258 808
0.0072254441005983891 0.0059427075553267648 809
0.0072158396469752771 0.0057178317928194408 809
0.0073981424146774217 0.0056283177594610564 809
0.0075504261096971705 0.0057333876953954551 809
0.0075566680946960573 0.0058944621895986966 809
0.007389062725138877 0.0060132893313471986 809
0.0075586663330527567 0.0058943779927484504 810
0.0075524283511941813 0.005733406799626692 810
0.0077530913493123396 0.0056150475704975413 810
0.0079159215245166881 0.0057469003135279017 810
0.0079007907533387121 0.0059047556618274238 810
0.0077416509631818061 0.0060013063663922868 810
0.0079027899871662068 0.0059048592880742044 811
0.0079179114572438692 0.0057471009757031248 811
0.0081047340105075139 0.0056511953706735131 811
0.0082582519354529923 0.005751356347018094 811
0.0082645530284857181 0.0059251538737425061 811
0.0080905127541324243 0.0060336807202674156 811
0.0082665529836620181 0.0059251163939493196 812
0.0082602532235784322 0.0057513556327928404 812
0.0084562163808189952 0.0056336969594072113 812
0.008588772492785831 0.005691630064065911 812
0.0085876540063932159 0.0059485197934183373 812
0.0084359631692387319 0.0060262816944317956 812
0.0087497129302263749 0.0060223404051555456 813
0.0085896541393032048 0.0059484936210880811 813
0.0085907725174679365 0.0056916287491075293 813
0.0087168014028892061 0.0056357429080995678 813
0.0089009721017887251 0.0057298530795788271 813
0.0089213255243120512 0.0059041095411304341 813
0.0089029626343626062 0.0057296556180527376 814
0.0090792496036956414 0.0055951912893656497 814
0.0092545416418861222 0.0057118655737890562 814
0.0092526983961239099 0.0058802567903995752 814
0.0090831514648023817 0.0059840045321314025 814
0.0089233192252075409 0.0059039392052885565 814
0.0092546984220502806 0.0058802653677579959 815
0.009256541362741913 0.0057119020211182977 815
0.0094348272639244533 0.0056042991070851967 815
0.0095982806714991244 0.0057077719956911133 815
0.0095964886746429182 0.0058831278410387197 815
0.0094290737642998019 0.0059873559947437992 815
0.009598488807713865 0.0058831250383172802 816
0.0096002804407710786 0.0057078047925184202 816
0.0097694798771149512 0.0056097652020755864 816
0.0099404760354594134 0.0057055559307805691 816
0.0099431609388381543 0.0058752075233518943 816
0.009778810718932102 0.0059916853423937081 816
0.0099451600341936442 0.0058751345363831208 817
0.0099424753941463866 0.0057054995829971724 817
0.010096623082023613 0.0056045518851049574 817
0.010279598227894675 0.0056978073762551061 817
0.010274320775554355 0.0059085037634762812 817
0.010133436263914157 0.005983258563697913 817
0.010276321220511472 0.0059085110427971816 818
0.010281599722486297 0.0056977727500914666 818
0.010427189862393924 0.0056090662933351611 818
0.010606839108594935 0.0057047027598513527 818
0.010590063502370139 0.0059207215818127077 818
0.010442264965966062 0.0059939115584508916 818
0.010592062721328207 0.0059208091806026404 819
0.010608840938859124 0.0057047567329550092 819
0.010745465672785861 0.0056331987148918478 819
0.010931139377296419 0.0057325756615620354 819
0.010935372020578099 0.005906268807038241 819
0.010760673033400175 0.0060164066617008948 819
0.01093737207244075 0.005906246570409327 820
0.010933137704921186 0.0057324826681312462 820
0.011088252045742646 0.0056246340435631408 820
0.011288819079738787 0.0057323796724058863 820
0.011281478458059692 0.0059105853902540065 820
0.011104150105239059 0.0060094896039214127 820
0.011283476390475684 0.005910676758654438 821
0.011290822393754623 0.0057323403935797589 821
0.011430661654411381 0.0056376827232019061 821
0.011631009012027946 0.0057335178448761686 821
0.011632594220662011 0.0059275597416132307 821
0.011444548695279113 0.0060220490483817064 821
0.011634594882128762 0.0059276325410233272 822
0.011633008169157633 0.0057334065017003392 822
0.011772413071579219 0.005636993218369077 822
0.011971842723132552 0.0057351317402349758 822
0.011975849577110093 0.0059122288543210725 822
0.011777024534485193 0.0060215510956043751 822
0.011977851118707292 0.0059122743683889742 823
0.01197384032310413 0.0057350030401872535 823
0.012118687592518619 0.0056295928679978785 823
0.012312672827189798 0.0057266463489068957 823
0.012306125040286607 0.0059256656054702296 823
0.012121907835847524 0.006009886015297782 823
0.012308121763291975 0.0059257981007284528 824
0.012314675249052633 0.0057266056280244892 824
0.012452059841439937 0.0056411353324381328 824
0.012638733706567037 0.0057306767345827233 824
0.012634945092533845 0.0059317669850398099 824
0.012451224540132691 0.006022441631817194 824
0.012636943738755513 0.0059318576789360268 825
0.012640735191277163 0.0057306167685410598 825
0.012773275970707914 0.0056486288809520094 825
0.012969380368978982 0.0057387711789599937 825
0.012962496075735875 0.0059336085517216726 825
0.012788061475834436 0.0060298668446817864 825
0.013158783476215742 0.0060570640465326935 826
0.012964495040379729 0.005933673176600646 826
0.012971384151101032 0.0057386994608968605 826
0.013081327112870035 0.0056681313079432012 826
0.013292005252076654 0.0057476956192889332 826
0.01329977094199399 0.0059328563808039208 826
0.013599 0.0056639421998577284 827
0.013599 0.0060401110406490084 827
0.01330176107203913 0.0059325791252974507 827
0.013293996787460056 0.0057474518718810359 827
0.013407340895372807 0.0056549751573837055 827
9.9999999999999995e-07 0.006228826020920647 828
9.9999999999999995e-07 0.0058737367154822881 828
0.00025833219545760963 0.0059412726769716316 828
0.00022204297409849315 0.0061819592240117075 828
0.00022400579028495618 0.0061823557704109933 829
0.00026037306750814989 0.0059411515215383242 829
0.00033813391045896057 0.0058950176380986128 829
0.0005417954652669365 0.0060196782190928321 829
0.0005083749120105963 0.0062215000925236342 829
0.00035741831841146963 0.0062835557792405147 829
0.00051036344912840255 0.0062217337896062555 830
0.00054379600102561778 0.006019839458123624 830
0.00068673719975064656 0.0059472312239510225 830
0.00085256173892877402 0.0060446643268474475 830
0.00085715028352798353 0.0062349198479134281 830
0.0006773551901637524 0.0063311579200886897 830
0.00085915158617140661 0.0062349497453215233 831
0.00085456168702441456 0.006044638060435272 831
0.0010273793021488948 0.0059395778189928758 831
0.0012164587076095338 0.0060380128161535204 831
0.0012091671258445383 0.00622015572300357 831
0.0010052676221572654 0.0063266674603026296 831
0.0012111625024550715 0.0062203112309384568 832
0.0012184619888303296 0.0060379708677974304 832
0.0013124474549229622 0.0059759029127918429 832
0.0015929548252665395 0.0060630335059406034 832
0.0016090421859068238 0.0061724722911080847 832
0.0015484060496674934 0.0062717757302767048 832
0.0013468877118463197 0.0063296896621857822 832
0.0016109711211388126 0.0061718426400122119 833
0.0015948961249306784 0.0060624879673641203 833
0.0016714098822180556 0.0059421942023513558 833
0.0018226670423355073 0.0058950605241713215 833
0.0019964904747385723 0.0060370340294223016 833
0.0019444961974725316 0.0062387069023658818 833
0.0019464343571453475 0.006239200433128869 834
0.0019984797616535419 0.0060373292503259563 834
0.0021738672251843684 0.0059396797060804075 834
0.0023438708232065954 0.0060403278102238332 834
0.0023554844884970351 0.006208140446918105 834
0.0021997115320447477 0.0063176923659717821 834
0.0023458684944308735 0.0060402250369074491 835
0.0025267743190861493 0.0059116035787693411 835
0.0027004148497948468 0.006024034611690347 835
0.0026876376473455471 0.0062125199248692807 835
0.0025268991556402216 0.0062985508857644123 835
0.0023574804435251939 0.0062080128752810696 835
0.0026896360741256245 0.0062126108436693769 836
0.0027024121640625287 0.0060241419419269837 836
0.0028677717751789257 0.0059377710683128212 836
0.0030257559055053428 0.0060325664755232948 836
0.0030333763061428124 0.0062147384171548515 836
0.0028588530234217109 0.0063187137546741306 836
0.0030353766393629352 0.006214704570524714 837
0.0030277564811813217 0.006032538424999713 837
0.003213039765371393 0.0059214978697507007 837
0.0033570643817070803 0.0059996673465699153 837
0.0033690632639073351 0.0061999195514786968 837
0.0031983745523707792 0.0063099354068821634 837
0.0033710605605756566 0.0061998145697649961 838
0.0033590654251277013 0.0059996248952983505 838
0.0035325311446975224 0.0059042629671803492 838
0.0037112987155422297 0.0060267997947536607 838
0.003692850487489571 0.0062015590719799538 838
0.0035460056732642409 0.0062897475825107818 838
0.0036948527767939479 0.0062016426566875579 839
0.0037132954940318234 0.00602693558317459 839
0.0038724400820434987 0.0059391204623908617 839
0.0040435537781633897 0.0060364581136154701 839
0.0040562699762466186 0.0062014756841119933 839
0.003888070550322024 0.0063222508408804111 839
0.0040582656689452847 0.0062013428428418851 840
0.0040455508901126747 0.0060363436899012572 840
0.0042165698915591233 0.0059166547757204318 840
0.0043923306251872785 0.0060154914563469502 840
0.0043919943404442047 0.0061895926706911977 840
0.0042267235832727712 0.0062935751872403136 840
0.004393994366149837 0.006189581293926329 841
0.0043943306936876777 0.0060154579238912969 841
0.0045502572038603325 0.0059166163799240423 841
0.0047158774077567999 0.0060013851237546087 841
0.0047149163129273754 0.0062204147939017313 841
0.0045668453153857825 0.0062937160011178493 841
0.0047169162752541431 0.0062204277674260981 842
0.0047178774953163943 0.0060013695572183091 842
0.0048771840939115449 0.0059143378459390059 842
0.0050252884581536905 0.0059888596019324093 842
0.0050419149184140919 0.0061939617079144549 842
0.0048646670728255507 0.0062963252768745539 842
0.0050439155826686351 0.0061938889705155792 843
0.0050272872474630389 0.0059887637354247439 843
0.0051966029024121032 0.0058894391108984525 843
0.0053806647166015926 0.0059970270130806219 843
0.0053820226317585398 0.0061509853628759622 843
0.0051975382028307138 0.0062767104397256981 843
0.0053840226500119614 0.0061509786125762897 844
0.0053826642139767232 0.0059969612063945901 844
0.0055403560949151146 0.0058841580553033682 844
0.0057380074387855633 0.0059841657836205483 844
0.005730735657521295 0.0061883728854467343 844
0.0055617578629604848 0.0062719426655389234 844
0.0057327338710937746 0.0061884586506890053 845
0.0057400102515557504 0.0059841223935980341 845
0.0058838552119671039 0.0058922338604326134 845
0.0060799015496440963 0.0060083341563832672 845
0.0060759239642880266 0.006181381176515943 845
0.005886778905840221 0.0062833604492809692 845
0.0062409606976464287 0.00629466016955874 846
0.0060779224341068038 0.0061814707304248748 846
0.0060819024019730349 0.0060083200578883366 846
0.0062370275262528677 0.0059065676253104073 846
0.0064226037683363371 0.0060000990525468402 846
0.0064272527113539589 0.0061719456716525772 846
0.0064246014733956528 0.0059999871729193464 847
0.0065675784121862644 0.0059004124980163233 847
0.0067710600811640769 0.0060008993134963448 847
0.0067430056902812122 0.0062163080115552952 847
0.0066122390272417477 0.0062853998127163713 847
0.0064292524502637246 0.0061719089726246998 847
0.0067450115527196907 0.0062163926886019977 848
0.0067730711610347397 0.0060009439297811383 848
0.0068899962887965993 0.0059348364657749167 848
0.0070811055724686869 0.0060283373306992986 848
0.0070753038404704786 0.0062436495661504507 848
0.0069440617591055836 0.0063222436025522017 848
0.0070773060640218531 0.0062435939871199452 849
0.0070831072914434535 0.0060283004773730268 849
0.0072245433603876329 0.0059444971480251399 849
0.0073882766367479894 0.0060151283825292468 849
0.0074195278021148862 0.0062223440628492261 849
0.0072601319563976663 0.0063281001629332673 849
0.0074215164816674077 0.0062221190341548828 850
0.0073902632752637677 0.0060148898204254383 850
0.0075577405882603539 0.00589615346690835 850
0.0077406399158537068 0.0060030319934070821 850
0.0077340314134630916 0.0061885469113050909 850
0.0075644964532867011 0.0062817809834304853 850
0.00773603033660108 0.0061886127523360177 851
0.0077426407143983333 0.0060030451877280998 851
0.0079017049471892063 0.0059065403240991738 851
0.0080894543902501753 0.0060353800622911019 851
0.0080794712638996066 0.0062013150007808084 851
0.0078936274578459541 0.0062887225305688346 851
0.0080814637359412425 0.0062015002355979591 852
0.0080914537430120843 0.0060354509289379079 852
0.0082655846163267339 0.0059268675873309787 852
0.0084348928419550676 0.0060279720012216612 852
0.008423563505321835 0.0062235961115176255 852
0.0082260839004243483 0.0063135278573042703 852
0.008425556390031343 0.0062237768368497738 853
0.0084368914854255871 0.0060280532897963009 853
0.0085886743875392742 0.0059502441931421667 853
0.0087488886216412574 0.0060241626944754836 853
0.008774133321041995 0.0062239619819758956 853
0.0085732564096621874 0.0063340676334655184 853
0.0087761394650896253 0.0062238847590622972 854
0.0087508795873027494 0.0060239653421561949 854
0.0089224692068949445 0.0059057503061897979 854
0.0090822466952646345 0.0059857882063085481 854
0.0090978725057637624 0.0061869037863801482 854
0.0089065560802032064 0.0062966241689475988 854
0.0090998736904273469 0.0061868414550931136 855
0.0090842443550000172 0.005985680506624182 855
0.0092536913309479388 0.0058819939287494925 855
0.0094280762387787681 0.0059890904303279216 855
0.0094277282486693401 0.0061641268924828513 855
0.0092546860173519149 0.0062722042437611059 855
0.0094297282793101168 0.0061641134684954522 856
0.0094300762479570862 0.0059890878017989247 856
0.009597491772568318 0.0058848592656665505 856
0.0097778694910081749 0.0059934531677062414 856
0.0097819055883303484 0.0061530488434529814 856
0.0096048699824542432 0.0062681052565179045 856
0.0097839055293179201 0.006153021224505709 857
0.0097798684585038362 0.0059933870548657909 857
0.0099442256652181246 0.0058769042841531746 857
0.010132344359535084 0.0059849378414054324 857
0.01010717227104327 0.0061916409237061879 857
0.009948687372070622 0.0062565722530560312 857
0.010109160100520527 0.0061918621939398462 858
0.010134346747830557 0.0059850395604703161 858
0.010275312904696117 0.0059102414384353749 858
0.010441238604977233 0.0059956326674051224 858
0.010434908932298507 0.006215825794325734 858
0.010263864713725835 0.0062978709179977305 858
0.010436907674612972 0.0062158982860582111 859
0.010443238610923156 0.0059956612006304682 859
0.010590984822642906 0.0059224971352260279 859
0.010759722521627805 0.0060181668412543675 859
0.010766510737699613 0.0061937221608218849 859
0.010595117547642169 0.0063079157697552117 859
0.010948539310756783 0.0062949529422579526 860
0.010768509298202878 0.0061936462802174574 860
0.010761721808719843 0.0060181097515256609 860
0.010936390387292052 0.0059079910677732128 860
0.011103113619738775 0.0060112001774259025 860
0.011099802535056442 0.0061951516042124191 860
0.011105113181901738 0.0060112425003261416 861
0.011282397934018045 0.0059123626047855793 861
0.011443443924399116 0.0060237166995942733 861
0.011434781322784396 0.0062163949486998167 861
0.011295136728767185 0.006299350842558016 861
0.011101803695253628 0.006195105146334489 861
0.011436783312709902 0.0062163956239066551 862
0.011445440434600872 0.006023839257767079 862
0.01163353154416435 0.0059293270458132038 862
0.011776005907789331 0.0060232750831434286 862
0.011785157299419579 0.0061953345517193562 862
0.011617784372480542 0.0063136000229130559 862
0.01178715460132522 0.0061952306738088884 863
0.011778009626000221 0.0060232918411008592 863
0.011976808663189668 0.005913983898682789 863
0.012120792960417943 0.0060115464744547884 863
0.012113658474114651 0.0062088631790259141 863
0.011967985012343122 0.0062969674497084308 863
0.012115660397497712 0.0062088461302295421 864
0.01212278936341574 0.0060116821015739228 864
0.012307009535458002 0.0059274603350177365 864
0.012450137277158727 0.0060241207259625713 864
0.01244697503954734 0.0062123770674378988 864
0.012299815304836084 0.0063054344592769485 864
0.012448975871169214 0.0062123443551197451 865
0.012452135855100332 0.0060242221811721165 865
0.012635866258818927 0.0059335426723108901 865
0.012787019328981302 0.006031574753738814 865
0.012786770912021588 0.0062235279845533021 865
0.012635223715221062 0.0063135189058071634 865
0.012788770946232059 0.0062235028440748956 866
0.012789019268717148 0.0060316226143534964 866
0.012963439655434832 0.0059353721646584617 866
0.013157896097697474 0.0060588697339884773 866
0.013161000894497468 0.0061721827805700956 866
0.012947982707656689 0.0063098674642823975 866
0.013599 0.0060422378946804649 867
0.013599 0.0061697752329077406 867
0.0132893841788212 0.0062848483265609927 867
0.013163003710125557 0.0061722581450501844 867
0.013159893607896728 0.0060587514708840022 867
0.013301006748047711 0.0059344330880755679 867
9.9999999999999995e-07 0.0064714966507226444 868
9.9999999999999995e-07 0.0062308704816399513 868
0.00022268847881727296 0.0061838668211248197 868
0.00035610078815731625 0.0062850666639939689 868
0.00028444748374903861 0.0065080322117525543 868
0.00028638214344183101 0.0065085490032692171 869
0.00035807950088641391 0.0062854463744722727 869
0.00050916320144811012 0.0062233384362461288 869
0.00067627172605182662 0.0063328390911144049 869
0.00066484303941121315 0.0065289846079717544 869
0.00052037503291021568 0.0066023542448831541 869
0.00066684155702521767 0.0065290682665073915 870
0.0006782694100003632 0.0063329370574834107 870
0.00085812490067637987 0.0062366666567237475 870
0.0010042435512434948 0.0063283860128896625 870
0.0010116408019883733 0.0065160955305246567 870
0.00083539562645722763 0.006629598181619888 870
0.0010136397219730343 0.0065160287318302701 871
0.0010062461566622822 0.0063284127342185916 871
0.0012100256576716743 0.0062219636831618748 871
0.0013456035384362898 0.0063312233849990114 871
0.0013191118286128983 0.0065440231918394111 871
0.0012053081969529999 0.0066236202925714638 871
0.001321138633835535 0.0065439318862691061 872
0.0013475754571537957 0.0063315729659463348 872
0.0015485012187565332 0.0062738293332722369 872
0.0016645609501618271 0.006530863538568462 872
0.0015918720134441313 0.0066467466268428262 872
0.0016662590730726792 0.0065297643765136184 873
0.0015501854345910759 0.0062726993716087443 873
0.0016105732145694799 0.0061738026640094246 873
0.0019439134574741467 0.0062406298714254935 873
0.0018623171387783263 0.0064797777839915322 873
0.0018642382842205642 0.0064803407012398399 874
0.0019458606407706648 0.0062411164752003701 874
0.0021989170248859608 0.0063195399838143511 874
0.0022077678052153339 0.0065190213215299093 874
0.0020077272798087664 0.0066213635389790054 874
0.002209770181367855 0.0065190305287639418 875
0.0022009081618510119 0.0063192958791292182 875
0.0023565927049525146 0.0062098061393682071 875
0.0025259043523736279 0.006300286934067892 875
0.0025275809293935211 0.0065076182944278091 875
0.0023591191806046959 0.006606352393024712 875
0.0025295806690968838 0.0065075780189089074 876
0.0025279043723515572 0.0063002813182792177 876
0.0026885582323446771 0.0062142956542351746 876
0.0028578356195367149 0.0063204364611878332 876
0.0028565290505916554 0.0064983447411218875 876
0.0027008022162524226 0.0065963289736898391 876
0.0028585293069357432 0.0064983171801228515 877
0.0028598355266865922 0.0063204564480366047 877
0.0030344053135126039 0.0062164534048729644 877
0.0031974273957163482 0.0063116983619801656 877
0.003205479967557291 0.0064794329775569324 877
0.0030381970870422895 0.0065993951134196384 877
0.003207477419135529 0.0064793319138938639 878
0.0031994267374417518 0.0063116366699755436 878
0.0033701528255831617 0.0062015967238216218 878
0.0035450323068754197 0.0062914959978186561 878
0.0035413838250694324 0.0064928187159697124 878
0.0033976752022182441 0.0065877854992994677 878
0.0035433855460194077 0.0064927418752557635 879
0.0035470332254337908 0.0062914634329617834 879
0.0036937825504907034 0.0062033322690085574 879
0.0038871125117737474 0.0063240104817560731 879
0.0038879829166729059 0.0064834626061690062 879
0.0037398725556362271 0.0065879785462348277 879
0.0040763237756152489 0.0065847003061770123 880
0.0038899825095045303 0.0064833825570721872 880
0.0038891122933409914 0.0063239650077123542 880
0.0040573821692133777 0.0062031392645436455 880
0.004225788774016098 0.0062953435164788737 880
0.0042352659660151804 0.0064794967091090184 880
0.0042277875696690179 0.006295268684971606 881
0.0043930046458046977 0.0061913199426320608 881
0.0045657331175620198 0.0062953808628040129 881
0.0045427686065132571 0.0065003684466314821 881
0.0044122739093914549 0.0065691202425548281 881
0.0042372630466171752 0.0064793885521079479 881
0.0045447718181636301 0.0065004514580270468 882
0.0045677312660535102 0.0062955090693576172 882
0.0047159052691745978 0.006222156870161622 882
0.0048637457181187399 0.0062981004322610326 882
0.0048819397939964832 0.0065115262717396431 882
0.0047285747555186027 0.0066011880794040493 882
0.0048839367414165013 0.0065114053699633703 883
0.0048657454394328897 0.0062980120696853091 883
0.0050429795145525581 0.0061956564533992486 883
0.005196660363980885 0.0062785093153390108 883
0.0052155229132966816 0.0064555271739176268 883
0.0050308680672746251 0.0065789319334509004 883
0.0052175212293651468 0.0064554051143061123 884
0.0051986566794337639 0.0062783684807103494 884
0.0053830276806598101 0.006152720704186751 884
0.0055606163701648953 0.0062735850353819395 884
0.0055382081927268702 0.0064716730330710648 884
0.0053804643906087864 0.0065475025892821068 884
0.005540203018320161 0.0064718315374973287 885
0.0055626101982056168 0.0062737523581599579 885
0.0057316607353974074 0.006190146602419665 885
0.0058857632270870406 0.0062850837982398417 885
0.0058921749099558347 0.0064866358329483649 885
0.0057105646497722729 0.006582006396872629 885
0.00589417633998306 0.0064866489825218454 886
0.0058877647883978689 0.0062851010747294591 886
0.006076844439238123 0.006183157067068931 886
0.0062399664386289019 0.0062964046398814918 886
0.0062457563554859227 0.0064429114035245774 886
0.0060404822605899531 0.0065731744564327338 886
0.00624775832041247 0.0064429216192136247 887
0.0062419674960690974 0.0062963918927385143 887
0.0064282836092512691 0.0061736615199976131 887
0.0066111194777725112 0.0062870588885918042 887
0.0065856705180040807 0.0064708572162175126 887
0.0064064593306868284 0.0065575899507392113 887
0.006587658024453079 0.0064710852515399422 888
0.0066131194885017614 0.0062871966150835684 888
0.0067439289617503735 0.0062180821947442587 888
0.0069430380083277555 0.0063239643987300729 888
0.0069261610304712099 0.0065202347701524095 888
0.0067609301455349782 0.0066040952216480063 888
0.0069281574392553317 0.0065203623641519907 889
0.0069450434527089369 0.0063239869134905889 889
0.007076348947848035 0.0062453549018873919 889
0.0072592526486978956 0.0063298970425003515 889
0.007270046175111209 0.0065338454238940708 889
0.0071047395794165483 0.0066348951732105666 889
0.0072720436982960952 0.0065337457375647303 890
0.0072612481812080812 0.0063297597415057499 890
0.007420719461081215 0.0062239535922996216 890
0.0075636338741744023 0.0062835881856496707 890
0.0075927712242564137 0.0065225625347175393 890
0.0074450027859517308 0.0066176868343908795 890
0.0075947561041246354 0.0065223170478100412 891
0.0075656305886015957 0.0062834397616534799 891
0.0077349739086408735 0.0061903110801233173 891
0.0078925320602973321 0.006290396103863013 891
0.007883511190632693 0.0065047610658942878 891
0.0077640337710853605 0.0065792338720062583 891
0.007885516626179619 0.0065046739629806925 892
0.0078945290950318756 0.006290508631350329 892
0.0080803054258622789 0.0062031328370433549 892
0.0082249264542713484 0.0063151611279756437 892
0.0082169367581590783 0.0064919811046533788 892
0.0080794222984105334 0.0065849452582480376 892
0.0082189398776935426 0.006491957228674212 893
0.0082269202033209976 0.0063153446302100062 893
0.0084244028202020114 0.0062254115127731765 893
0.0085721657669368054 0.0063357492984173619 893
0.0085697080368054776 0.0065008023818726264 893
0.0084124934307569128 0.0066004083275497767 893
0.0087448268485844048 0.0066088064255372019 894
0.0085717081722402159 0.0065008081762386533 894
0.0085741644796931433 0.0063358506351920158 894
0.0087752065300953849 0.0062256544668802911 894
0.0089056278611966827 0.0062983965070912097 894
0.0089283612780010641 0.0064967091050170287 894
0.0089076313909599511 0.0062983130385078868 895
0.0090989281123018545 0.0061886039563523176 895
0.0092537514164212006 0.0062739727977938605 895
0.0092645241216910545 0.0064584624782570354 895
0.0090773142974825711 0.0065764317426431377 895
0.0089303617736729794 0.0064965991688532305 895
0.0092665240802462558 0.0064584034262638998 896
0.0092557504255314921 0.0062738974859306816 896
0.0094287403040848438 0.0061658528327286702 896
0.0096039091574290462 0.006269860741399718 896
0.0096086511472645453 0.0064444494691748393 896
0.0094368068796806068 0.006558921340846925 896
0.0096106499141592767 0.0064443769132782741 897
0.0096059086656586651 0.0062698154796811739 897
0.0097829284608131634 0.0061547693420911037 897
0.0099475243631168154 0.0062582035232726461 897
0.0099203341062226915 0.0064915469310145475 897
0.0097982662294020216 0.0065482346497304708 897
0.009922337304550442 0.0064916356151244262 898
0.0099495156715855709 0.0062583942446757454 898
0.010107973878862303 0.0061934738509248745 898
0.010262746289183892 0.0062995290318119557 898
0.01025214026638533 0.006489293237409495 898
0.010095643017544703 0.0065777434438105227 898
0.010254140133707478 0.0064893514582522703 899
0.010264741616875522 0.0062996684762570967 899
0.010435846014741101 0.0062175944862628693 899
0.01059418797446101 0.0063096887937678708 899
0.010604165484066761 0.0064728557332431316 899
0.010428194261782308 0.0065950173613526925 899
0.010606163897854891 0.0064727687011365831 900
0.010596186689805857 0.0063096066931611246 900
0.010767575726472451 0.0061954158514946319 900
0.010947575935764986 0.006296705742615186 900
0.010946226632697301 0.006462906399394965 900
0.010778564661064969 0.0065758320092133326 900
0.010948226852662482 0.0064628874235270585 901
0.010949576333875126 0.0062966648237087015 901
0.011100844554269882 0.0061968601893102179 901
0.011294111611595294 0.0063010703109940905 901
0.011278606394847585 0.0064943769086681048 901
0.011133340713998519 0.0065775714031400621 901
0.011280607950560127 0.0064944375951821948 902
0.011296116024816344 0.0063010953723855925 902
0.011435780880078544 0.0062181274423315034 902
0.011616900847054358 0.0063153956989939362 902
0.011630064978311353 0.0064876771063806698 902
0.011472738868222742 0.0066072308299803782 902
0.011632056636902158 0.0064874916413999563 903
0.011618896542727958 0.0063152630680583998 903
0.011786245915013564 0.0061970142405491811 903
0.011966981024747331 0.0062986973991100642 903
0.011959975081247454 0.0064851710386041759 903
0.011817431439348899 0.006576310178487677 903
0.011961977211850716 0.0064851518868614816 904
0.011968982276510698 0.0062987016390023999 904
0.012114673248867077 0.006210586777802651 904
0.012298853531139974 0.0063071884158764678 904
0.012296084713278916 0.0065068857912114779 904
0.012150664719352352 0.0065886455958469106 904
0.01229808497558179 0.0065068807373613192 905
0.012300854342764291 0.0063071437429341017 905
0.01244800422954017 0.0062140925784994619 905
0.012634212547494191 0.0063152456576084631 905
0.012623619285106628 0.0065083038725066641 905
0.012463600736772237 0.0065954555142777732 905
0.012625618401158346 0.0065083748117107446 906
0.012636214970763804 0.0063152563240127359 906
0.012787792500964595 0.0062252473903462941 906
0.012947103274419093 0.0063116657197539146 906
0.012972639963162507 0.0065033630764715685 906
0.012800217040342326 0.0066154896015357826 906
0.013103030398647611 0.0065626243174026384 907
0.012974633301694535 0.00650318044278756 907
0.012949102231310296 0.0063115252616477097 907
0.013161919265761567 0.0061739705931399243 907
0.013288179795253766 0.0062864539228814267 907
0.013292983916954397 0.0064741782549341308 907
0.013599 0.0061719089003820617 908
0.013599 0.0065156094056118977 908
0.01338854406104319 0.006537602431213819 908
0.013294986876245779 0.006474268304088082 908
0.013290186334508442 0.0062866838615426943 908
9.9999999999999995e-07 0.0068367377541334309 909
9.9999999999999995e-07 0.0064735131967444811 909
0.00028390215668277287 0.0065099784666924334 909
0.00020666700692710877 0.0068189359681549624 909
0.00020860194227075742 0.0068194424392030257 910
0.00028583702673468082 0.0065104851989217487 910
0.00051934145135858754 0.0066040946202145625 910
0.00049430690716867321 0.0068177846968473137 910
0.0003024588046404945 0.0068844622499353641 910
0.00049628851294247745 0.006818058460712228 911
0.00052135450484192653 0.0066040999524511869 911
0.0006657691946964549 0.0065307573929743535 911
0.00083444707649139621 0.0066313611529152626 911
0.0008440951042852393 0.0068039050074410259 911
0.00065010443092274354 0.0069297823928260492 911
0.00084609481466645423 0.0068038439552020281 912
0.00083644678618596401 0.0066313000883963706 912
0.0010126979041563955 0.0065177936103446793 912
0.001204348051944163 0.0066253748832635654 912
0.0011991057800911453 0.0067929493382025002 912
0.0010056270024817553 0.0068997758450386158 912
0.0012011028610095478 0.0067930739251506212 913
0.0012063503711954042 0.0066253320216712822 913
0.0013201888410386555 0.006545710554244165 913
0.0015913775773828992 0.0066486982228281342 913
0.0016070994241312903 0.0067579793746702366 913
0.001564446600717351 0.0068273085746627833 913
0.0013357716101006646 0.006898304464793734 913
0.0016090341153881687 0.0067573822902002034 914
0.0015933255162443214 0.006648193221273478 914
0.0016663276137619252 0.0065318108817752222 914
0.0018627897329039362 0.0064817212725554671 914
0.0020064815072790777 0.0066229434039049209 914
0.0019842207860051686 0.0067845549590725999 914
0.0019164130511623325 0.0068316775101451999 914
0.0019862380085174688 0.0067845670195469726 915
0.0020084602105133044 0.0066232351121210155 915
0.0022087632762592397 0.0065207585770857886 915
0.0023581431254346822 0.0066080984787901626 915
0.0023656958558501305 0.0067915260938823463 915
0.0022076196087338434 0.0069008706374333664 915
0.0023601436536802812 0.0066080701498044212 916
0.0025286152186574568 0.0065093302980171611 916
0.0026998615569736864 0.0065980941030451459 916
0.0027035078728994567 0.0067931330066279098 916
0.0025456620363481525 0.0068890352742374365 916
0.0023676935909508301 0.0067914299298383858 916
0.0027055072536946926 0.0067930811921026839 917
0.0027018606328019119 0.0065980259760465721 917
0.0028575536105217452 0.0065000630462610422 917
0.0030372944896927228 0.006601182103805895 917
0.003046799956151289 0.0067697635830731729 917
0.0028717486713836799 0.0068811171088351223 917
0.0030487997858563787 0.0067697042226026703 918
0.0030392914270400977 0.0066010714467531258 918
0.003206566590696151 0.0064811148448152235 918
0.0033966919793168866 0.0065895271498292371 918
0.0033904165985675044 0.0067586296421771894 918
0.0032085831457225587 0.006864422632543543 918
0.0033924148444248541 0.0067587140081623092 919
0.0033986940115392 0.0065895094847539786 919
0.0035424503778303789 0.0064945111511885371 919
0.0037389754850319754 0.0065897662879539839 919
0.0037415267491182976 0.0067814403724508693 919
0.003566823696994726 0.0068823989689864159 919
0.0037435267584289213 0.0067814277621108957 920
0.003740974101699717 0.0065896490496568667 920
0.0038890543056996356 0.0064851543902835259 920
0.0040753933408285477 0.0065864709263556212 920
0.0040812578511777121 0.0067681161354185551 920
0.0039058081334141163 0.0068739921633491127 920
0.0040832577255243653 0.006768079966364607 921
0.0040773918278935763 0.0065863917881455658 921
0.004236358204947002 0.0064811721819679558 921
0.0044112375127691892 0.0065708364214689292 921
0.0043968084812699773 0.0067816441275038658 921
0.0042486574047091693 0.0068630423257640977 921
0.004398810522981373 0.0067816826645980032 922
0.004413239758457835 0.0065708719784617333 922
0.004543694068502995 0.0065021414606754495 922
0.0047275604944502754 0.0066029128781573314 922
0.0047173804301643791 0.0068056709723701633 922
0.0045871624606640335 0.0068831154654971924 922
0.0047193842484929815 0.0068056450983903184 923
0.0047295622817223439 0.0066029274570803768 923
0.0048830451949981781 0.006513196736268833 923
0.0050300617157025638 0.0065807624535253852 923
0.0050654780803285259 0.0067882428889704657 923
0.0049054459591933372 0.0068957423104019037 923
0.0050674650707132922 0.0067879972027331033 924
0.0050320535569405118 0.0065805451851434762 924
0.0052166252026964325 0.0064571960283146893 924
0.005379390456103624 0.0065491929475975826 924
0.0053657203869638716 0.0067713956951625043 924
0.0052200560571679967 0.0068505062621185622 924
0.0053677224709423746 0.0067714232833378475 925
0.0053813890555231524 0.0065492771762017581 925
0.0055390675527467901 0.0064734790129272217 925
0.0057094900438599732 0.0065836932309570667 925
0.005701413337786447 0.0067836792569125615 925
0.0055549879694680006 0.0068689939230129346 925
0.0057034149356094003 0.0067836800633717291 926
0.0057114881525952236 0.0065837804301582068 926
0.0058931653980226761 0.0064883746896944794 926
0.0060395706747135153 0.0065749589228969504 926
0.0060625756527654864 0.0067550952044724642 926
0.0058834946687843261 0.0068796087074548644 926
0.0060645700614659305 0.0067549242305927019 927
0.0060415731255048094 0.0065748509211416822 927
0.006246741935416608 0.0064446546800904746 927
0.0064053245913405403 0.0065592374954881625 927
0.0063936829164690243 0.0067424251535604515 927
0.0062238983931043089 0.0068377590874375352 927
0.006407318551038271 0.0065593960292134783 928
0.0065864680855906898 0.0064726931327446641 928
0.0067597462719513005 0.0066057077587808452 928
0.0067335836569368535 0.0067839162848985467 928
0.0065742640241350358 0.0068587071616144635 928
0.0063956814696259938 0.0067425114068751348 928
0.0067355720405167137 0.0067841414373458172 929
0.0067617351565712027 0.0066059294983579868 929
0.006927048710230534 0.0065220270895948564 929
0.0071037025816132245 0.0066366064241870169 929
0.0070970593130878666 0.0068085241171681561 929
0.0069034637632522681 0.006906749053155691 929
0.0070990553694148901 0.0068086648011623074 930
0.0071057023629317326 0.0066366507110628076 930
0.0072711314375970343 0.0065355260919613047 930
0.0074440948761497457 0.0066194693003797248 930
0.0074515398338937397 0.0068176900824558949 930
0.0072579634166553787 0.0069279187202856375 930
0.0074535407607700787 0.006817677214707064 931
0.0074460923321794754 0.006619364021907697 931
0.0075939767830115858 0.0065241650404514852 931
0.0077632035801426854 0.0065810647605063118 931
0.0077773496055852931 0.0068221804943266497 931
0.0076151464406072492 0.006913684955585391 931
0.0077793466726468344 0.0068220718844406083 932
0.0077651953891511027 0.0065808665283201709 932
0.0078845807192834457 0.006506451123491002 932
0.0080785637240221655 0.0065867544321620633 932
0.0080869558676854008 0.0067919256598743347 932
0.0079351401754081327 0.0068895567607704395 932
0.0080889525954984318 0.0067918047753810573 933
0.0080805587173813816 0.0065865911437214238 933
0.0082179622301791714 0.0064937019937983042 933
0.0084115009443897146 0.00660214477823133 933
0.0084041129065194984 0.0067851922389074578 933
0.0082680305446084876 0.0068743092132127004 933
0.0084061162905933601 0.006785148739336281 934
0.0084135029119518506 0.0066021363744296693 934
0.0085707039947562434 0.0065025389966302631 934
0.0087438287492135579 0.0066105410376951883 934
0.0087462300994022146 0.0067884260358577753 934
0.0086033278102740536 0.0068863204186976794 934
0.0087482289988737097 0.0067883310130870556 935
0.0087458288896864311 0.0066105379446768199 935
0.0089294567301920688 0.0064983835714673257 935
0.0090764176688898079 0.0065782207166804486 935
0.0090980318749002021 0.0067661969176708763 935
0.0089382436143407296 0.0068850677573221459 935
0.00910002056984896 0.0067659839928021544 936
0.0090784170591830821 0.0065781008079618276 936
0.0092655738482155994 0.0064601649634067719 936
0.0094358602828807786 0.0065606850238660872 936
0.0094421264211708867 0.0067267439898794357 936
0.0092773169370159204 0.0068482161277651082 936
0.0094441239722712882 0.0067266413705831651 937
0.0094378593788675049 0.0065606233456109346 937
0.0096097138081936411 0.0064461447048236187 937
0.0097971290018615386 0.0065498911075067417 937
0.0097605996735930997 0.0067800097932657578 937
0.0096454131300563357 0.0068412693354994317 937
0.0097626124905644783 0.0067800868056237529 938
0.0097991306704886452 0.0065500383495255025 938
0.0099212480150257919 0.0064933276582465234 938
0.010094689236618389 0.0065795028150718339 938
0.010100387120653614 0.0067976645472504716 938
0.0099676665426094505 0.0068808936230090496 938
0.010102384521457111 0.0067975389154371771 939
0.01009668853570094 0.0065794498649494925 939
0.010253090131536835 0.0064910537203806944 939
0.010427259108932146 0.0065967893469476239 939
0.010435449792822149 0.0067569733691198496 939
0.010280691774501796 0.0068730447535688653 939
0.010622644834686234 0.0068531311135894904 940
0.010437445122605435 0.0067568309347808041 940
0.010429257853474474 0.0065967136945581078 940
0.010605238426034504 0.0064745455753594198 940
0.010777614879520692 0.0065775943507826225 940
0.01078293299262488 0.006741076430257481 940
0.010779614057235929 0.0065775365515917889 941
0.010947244991345695 0.0064646318465208042 941
0.011132264866140516 0.0065792575984543727 941
0.011113829455695952 0.0067681062873685442 941
0.010961189329498263 0.0068418520009472595 941
0.010784931398727039 0.0067409949112043352 941
0.011115823556011531 0.0067682641111035296 942
0.01113426570167135 0.0065793464279798397 942
0.011279554815488261 0.0064961385133118525 942
0.011471820845136278 0.0066090110675557515 942
0.011474495812138569 0.0067551838794925401 942
0.011277198682002902 0.0068762697922791259 942
0.011476496944247063 0.0067552274447403035 943
0.011473819541958518 0.0066089215572781293 943
0.011631222289528722 0.0064893095960706481 943
0.011816506162137398 0.0065780845659901858 943
0.011818066814178557 0.0067772588108280154 943
0.011633101384935753 0.006871550387987267 943
0.011820067253334629 0.0067773070215126482 944
0.011818505539622199 0.0065779972835813705 944
0.011960993774368425 0.0064868935697620506 944
0.012149621338300009 0.0065903544001405349 944
0.012133276839066112 0.006790799595941999 944
0.011970615082576736 0.0068697884443663353 944
0.012135273285455835 0.0067909245825008959 945
0.012151624211403563 0.0065904005709526963 945
0.012297088509043232 0.0065086158573427096 945
0.012462610230298991 0.0065971938237527287 945
0.012464489911715979 0.0068083635016566845 945
0.012306136740737458 0.0068977776734701025 945
0.012466489671414059 0.0068083276042295686 946
0.012464610214150299 0.0065971831084467095 946
0.012624557451079869 0.0065100703053356914 946
0.012799234362857508 0.0066172331147355563 946
0.012799742557136638 0.0067781735303114295 946
0.012634534992716715 0.006893599826197327 946
0.012801742415466506 0.0067781255070485675 947
0.012801234311741226 0.0066172137690364329 947
0.012973796237713843 0.0065049968503041351 947
0.013102103323666585 0.006564399052617075 947
0.013130712579167947 0.0068093142825543952 947
0.012993227314734851 0.006892688175054962 947
0.013132701755363779 0.0068091052061238257 948
0.013104108672647651 0.0065643284265357133 948
0.013293908901027433 0.0064759537388465738 948
0.013387252886578025 0.006539143539395679 948
0.013369769985980129 0.0068289610150128023 948
0.013302039230934136 0.0068700838059384791 948
0.013599 0.0065176202965859234 949
0.013599 0.0068566118688067534 949
0.01337179140633047 0.0068286661947118887 949
0.013389232523170487 0.0065395413766525141 949
9.9999999999999995e-07 0.0072024905493782276 950
9.9999999999999995e-07 0.0068387452321554106 950
0.00020719107538113597 0.0068208980847230261 950
0.00030129632332145169 0.0068860899658014212 950
0.00029674577676751907 0.0071088194786355996 950
0.00029874068504682252 0.0071090891249632757 951
0.00030329265808679663 0.0068862897918256852 951
0.00049506211130247277 0.0068196395736116336 951
0.00064908035827610996 0.0069315104670479022 951
0.00065102994904651793 0.0070578663116879293 951
0.0004467577109850466 0.0072296484948795436 951
0.00065302897721424653 0.0070577878973600008 952
0.00065108094255277602 0.0069315329064284096 952
0.00084514607943315457 0.0068056072028805838 952
0.0010046174414132757 0.0069015025161654449 952
0.0010086937248603364 0.0070966277050284561 952
0.0008722862421979582 0.0072052884135161864 952
0.0010106876193730343 0.007096314556759401 953
0.0010066181015564014 0.0069015132278369834 953
0.0011999924143487172 0.0067947443997376971 953
0.0013344766213961917 0.0068998307377084083 953
0.0012865286157655064 0.0071644706788586872 953
0.0012885035184571623 0.0071647889177493167 954
0.0013364441193682609 0.0069001898455471793 954
0.0015644516094596727 0.0068294011918692702 954
0.0016611388472519207 0.0071312493270737892 954
0.0016087517301469425 0.0071906084152065161 954
0.0016629588138959708 0.0071303747831061868 955
0.0015661941376337912 0.0068282848925441285 955
0.0016086118663617369 0.0067593378226240572 955
0.0019154532224487544 0.0068335031065310031 955
0.0018641088144970986 0.0071013865995212819 955
0.0018660523119669813 0.0071018713331828867 956
0.0019175201927341648 0.0068333436350993485 956
0.0019852238369995039 0.0067862934211069606 956
0.0022067056410083334 0.0069026496814152041 956
0.0022115830464671323 0.0070962834994879398 956
0.001975066551340885 0.0071892718418648908 956
0.0022135876836159659 0.0070964424102616455 957
0.0022087038278480395 0.0069025525138303049 957
0.0023667784691785093 0.0067932090810338755 957
0.002544686847000818 0.0068907814818606351 957
0.0025444405492716228 0.0070781282703088217 957
0.0023247599939894858 0.0071780793024204944 957
0.0025464403657876372 0.007078269152377894 958
0.002546686886419936 0.0068907528123027389 958
0.0027045523338623035 0.0067948386297199464 958
0.0028708312543784214 0.0068828944067002833 958
0.0028827245347812025 0.0070748024232126774 958
0.0026813911116396632 0.0071782579009665786 958
0.0028847292320868458 0.0070748163036973991 959
0.0028728292463477021 0.0068828000909802733 959
0.0030478498314037965 0.0067714660939017122 959
0.0032075990868753548 0.00686616428700628 959
0.0032145439518837557 0.007055489190199913 959
0.003021262125649825 0.0071597181562201235 959
0.003216545970467066 0.0070555075491453888 960
0.0032095997263341153 0.0068661450494511079 960
0.0033913420426123046 0.0067604050834858109 960
0.0035657322696407453 0.0068840768356950551 960
0.0035546762761515037 0.0070441856715689147 960
0.0033683177899428924 0.0071504440997028646 960
0.0037318136821780728 0.0071748219534369757 961
0.0035566722236091276 0.0070443133298656105 961
0.0035677295331059075 0.0068841854360540758 961
0.0037425377083814331 0.0067831660902313478 961
0.0039048514681216512 0.0068757489635552132 961
0.0039147054367935936 0.0070695879685562417 961
0.0039068514849271204 0.0068756984910993248 962
0.0040822888702241981 0.0067698299052586508 962
0.0042476325436837216 0.0068647601096029501 962
0.0042429262883455898 0.0070594864792981717 962
0.0040624409645741051 0.0071520076445194649 962
0.0039167060618184235 0.0070695494604813888 962
0.0042449248030966237 0.0070595720980980506 963
0.0042496324390012188 0.0068647886059825238 963
0.0043977736264745049 0.0067833958410537633 963
0.0045861328987284247 0.0068848325918252793 963
0.0045696628008247125 0.0070715362906127845 963
0.004398617886812701 0.007159839119508099 963
0.0045716577380118121 0.0070716817264611194 964
0.0045881380511987365 0.0068848622280486722 964
0.0047184008728591246 0.0068073910600102367 964
0.0049045489600279511 0.0068975300983544026 964
0.0049117646520923427 0.0071005028326043638 964
0.0047401861483332879 0.0071885766023692668 964
0.0049137660561359518 0.0071005067886087464 965
0.004906546049202285 0.0068974126798867653 965
0.0050666873509386395 0.0067898399178573663 965
0.0052191557520512464 0.0068522987600274634 965
0.0052341291717015797 0.0071011240383375774 965
0.0050566348172457424 0.0071811287876603538 965
0.0052361325834025807 0.0071011206112376133 966
0.0052211526230592073 0.0068521866410051332 966
0.0053666942246949918 0.0067731427279398371 966
0.0055539865513662169 0.0068707273458402151 966
0.0055445573650741006 0.0070749638403861314 966
0.0053656402080639659 0.0071669892786469071 966
0.0055465554300206249 0.007075051897114118 967
0.0055559887656338371 0.0068707255281326776 967
0.0057024122106972405 0.0067854119826158731 967
0.0058826126992880447 0.0068814049532231903 967
0.0058983025682734364 0.0070690982272610991 967
0.0057047142377911839 0.0071744456864225557 967
0.0059003076100269235 0.0070690750926620891 968
0.005884608414864493 0.0068812702523195612 968
0.0060637192106301639 0.0067567360214539586 968
0.0062229452577387406 0.00683951770053501 968
0.0062331226434666721 0.0070525926644114268 968
0.0060344869637524202 0.0071507867267159454 968
0.0062351260848401398 0.0070526169762860297 969
0.0062249450263029181 0.0068394651180354246 969
0.0063946083295443332 0.0067441992492033179 969
0.0065731062893321091 0.006860339961906139 969
0.0065443367242540244 0.0070649893007903699 969
0.0063787174960087253 0.0071388355268386548 969
0.0065463271147968181 0.007065197548705284 970
0.0065751000693347501 0.0068605240992474304 970
0.0067343836752381224 0.0067857501349689398 970
0.0069023389558614005 0.0069084041657000066 970
0.0068912696144827791 0.0070963871069356565 970
0.0067241622861358916 0.0071851871295809085 970
0.0068932682261468731 0.0070964695179428728 971
0.006904333814363884 0.0069085503140457133 971
0.0070979333764743541 0.0068103233423427783 971
0.007256878779661316 0.0069296052955593905 971
0.0072541012644225982 0.0070804995259617165 971
0.0070647308889703504 0.0072023851056329854 971
0.0072561006722533144 0.0070805501022516929 972
0.0072588773788191683 0.0069296998046665722 972
0.007452551246381868 0.0068194156754879283 972
0.0076141297015528625 0.0069154072425616064 972
0.0076128511585261327 0.0071082333272335287 972
0.0074351721223222238 0.0072111840751952682 972
0.0076148510897845771 0.0071082503251092017 973
0.0076161296170917736 0.006915426611211117 973
0.0077784429568632518 0.0068238599965096906 973
0.0079343014989557981 0.0068913730458451212 973
0.007958372391073153 0.0071112106133052059 973
0.0077786800410905386 0.0072073587328010955 973
0.007960374415663253 0.0071111199359653425 974
0.007936293716204499 0.006891192798826406 974
0.0080880580765513976 0.0067935947089635979 974
0.0082671254265745016 0.0068760942636049045 974
0.0082702774974727101 0.0070704056811528781 974
0.0080863222745549395 0.0071733847427219522 974
0.0084317253052886183 0.0071661054096509242 975
0.0082722779109094102 0.0070704149470404752 975
0.0082691238994468119 0.0068759839021650471 975
0.0084051525041212733 0.0067869021321449244 975
0.0086023878120330965 0.0068880860151306154 975
0.008598400965273055 0.0070678310997425841 975
0.0086043898309876143 0.0068880171693623225 976
0.0087473126135556387 0.0067901087476105147 976
0.008937377856988199 0.0068868712666237267 976
0.0089474152569143303 0.0070589679955134401 976
0.0087738533586281409 0.0071738506625239826 976
0.0086004008917843818 0.0070678565907775414 976
0.0089494138599337386 0.0070588857688549164 977
0.0089393724741016548 0.0068867206994207234 977
0.0090992104289944579 0.0067678128908012173 977
0.0092765020547359266 0.0068500428266354057 977
0.0092977577380149133 0.0070405669304699492 977
0.0091155990936104721 0.0071541380678540253 977
0.0092997570559413163 0.0070404495974733007 978
0.0092784912898943826 0.0068498351173237743 978
0.0094432156884623197 0.0067284256914125528 978
0.0096443040470552324 0.006842939307384225 978
0.0096150194001877708 0.0070341778384580885 978
0.0094482086648783187 0.0071201808671824624 978
0.0096170110183399788 0.0070343848189132075 979
0.0096463091781987097 0.0068430580434902469 979
0.009761527082939675 0.0067817818224592576 979
0.0099666969158797285 0.0068826455590004099 979
0.0099574016660131867 0.0070873087500566484 979
0.0098053217420993287 0.0071723255214990733 979
0.0099594028474065868 0.0070873281319932587 980
0.0099687007844804186 0.0068826057738972622 980
0.010101491528311085 0.0067993326971732982 980
0.010279910328993017 0.0068748857711728407 980
0.010302754916777023 0.0070587763679335518 980
0.010132834326830074 0.0071808952573324362 980
0.01030474611429385 0.0070585817575638497 981
0.010281895421562664 0.0068746420182057367 981
0.010436572444636499 0.0067586313816940437 981
0.010621748308965813 0.0068549191601447249 981
0.010629868365942716 0.0070338043271340276 981
0.010474269931615033 0.0071415553698338016 981
0.010631864801984027 0.0070336804437786307 982
0.010623745060375089 0.00685480222435774 982
0.010784003563009924 0.0067427682725365295 982
0.010960092155840991 0.0068435284648987078 982
0.010937596783060836 0.0070751869144712641 982
0.010820809736305937 0.007128420767565328 982
0.010939598194409192 0.0070752692582671511 983
0.010962090967905517 0.0068436375762466585 983
0.011114689711883341 0.0067699118558467294 983
0.011276197702476893 0.0068780064610852809 983
0.011283473219277456 0.0070494508709182998 983
0.011097919985123267 0.0071541082288172873 983
0.011285475335721358 0.0070494583264989839 984
0.011278199325689846 0.0068780022938916803 984
0.011475452752360711 0.0067569432029545755 984
0.011631976820305074 0.0068732064467821865 984
0.011623366186627038 0.0070407067720298167 984
0.011430672882488434 0.0071422196164470063 984
0.011625361674843553 0.0070408459112829514 985
0.011633972007293193 0.0068733514457497485 985
0.011819026104719202 0.0067790146673716942 985
0.011969533505897112 0.0068714712552947225 985
0.011960228221643542 0.0070800021631578728 985
0.011780422593594691 0.0071571692368556311 985
0.011962223282733494 0.0070801574447144217 986
0.011971531228099073 0.0068715669014777067 986
0.012134166134941358 0.0067925910912914264 986
0.012305078974968391 0.0068994750660601274 986
0.012294463001198309 0.007087929683455803 986
0.012099243520544324 0.0071723777292322446 986
0.012296454994844351 0.0070881280992462605 987
0.012307078329498485 0.0068995428115402402 987
0.012465520328332199 0.006810078483048195 987
0.012633671556373516 0.0068954044458928608 987
0.012650992872124274 0.0070834549664016725 987
0.012436487028271109 0.0071946362831299283 987
0.012783014712276651 0.0071671008381678841 988
0.012653001432966049 0.0070834559926391044 988
0.012635665758106566 0.0068952495810935561 988
0.012800786292422952 0.0067798840909129975 988
0.012992182237942131 0.0068943935391674828 988
0.012977390825307663 0.0070709902633746659 988
0.012994184801100442 0.0068944465490157654 989
0.013131890693475074 0.0068109388631930109 989
0.013301167991815291 0.0068718957931249505 989
0.013307463394126215 0.0071139033825849754 989
0.013170224873347241 0.0072143767383477412 989
0.012979382892001715 0.0070711685919635538 989
0.013599 0.0068586269399576547 990
0.013599 0.0072047471461091092 990
0.013309457771368849 0.0071136612239399736 990
0.013303164623353845 0.0068717402940284191 990
0.013370958988637636 0.0068305788820876906 990
9.9999999999999995e-07 0.0073986235591445987 991
9.9999999999999995e-07 0.0072045884691528863 991
0.0002975180886750599 0.0071106727853371063 991
0.00044580589932610465 0.007231452708491448 991
0.00045340046007291441 0.0073244705488680261 991
0.00035614681722756242 0.0074507728198446059 991
0.00044780658825508817 0.0072313796357959285 992
0.00065210413025382306 0.0070595761733270729 992
0.00087129730762692138 0.0072070335759488189 992
0.00086185824928711934 0.0073389082162653293 992
0.00071235693267559109 0.0074401248748994092 992
0.00045537731283244785 0.007324105531835102 992
0.00086385788787424764 0.0073389847501781303 993
0.0008733022456983878 0.0072070360698921849 993
0.0010099418699959907 0.0070981904399173013 993
0.0012861534018763789 0.0071664381157097888 993
0.0012425164089979518 0.0073831446999036276 993
0.0010441122623239965 0.0074713485710126227 993
0.0012444907434535121 0.0073834715216598464 994
0.0012881277020412992 0.0071667651077574682 994
0.0016082137263663744 0.0071925715291190091 994
0.0016183348768000025 0.0074027513388620382 994
0.0013851620303832058 0.0075042307998762613 994
0.0016203416831886222 0.0074028445561792758 995
0.0016101886550097598 0.0071920027605807619 995
0.0016627709509869399 0.0071324225180780902 995
0.0018646698765981632 0.0071033264052084771 995
0.0019739048103586724 0.0071909038522589295 995
0.0019788174507617837 0.0073918757240103976 995
0.0017872903631459556 0.0075156580338964487 995
0.0019808149823926989 0.0073917503043977803 996
0.0019759099404251155 0.0071910892780746739 996
0.0022124529920888084 0.0070980904947836754 996
0.0023236740592021904 0.0071797631903606687 996
0.0023361802371090353 0.0073655302169378109 996
0.0021795694931348525 0.0074786422904758896 996
0.0023256848210597763 0.0071798558014848106 997
0.0025453176728730564 0.0070799264736652713 997
0.0026802934055051532 0.0071799337356519711 997
0.0026796592155875027 0.0073529470024377196 997
0.0025119058578016119 0.0074544578850884802 997
0.002338174956932899 0.0073653845393595978 997
0.0026816591752103938 0.0073529616832556117 998
0.0026822930182487485 0.0071800430485642859 998
0.0028837161441122037 0.0070765414769338366 998
0.0030202534934241887 0.0071614461002272884 998
0.0030295602706965508 0.007349875997620439 998
0.0028504589934858055 0.0074594312638925154 998
0.0030315602492321288 0.007349826201933949 999
0.0030222563357962377 0.0071614542872771017 999
0.0032155288295550042 0.0070572303538781979 999
0.0033673072083383057 0.0071521710074241461 999
0.0033715864679427217 0.0073310760306817511 999
0.0031955609503319174 0.0074446418962094887 999
0.0033735861278287658 0.0073310378956278456 1000
0.0033693080372127816 0.0071521817448205773 1000
0.0035555640332252344 0.0070459817548472114 1000
0.0037307065133146164 0.0071764911396159942 1000
0.0037195288159350293 0.0073330009554880508 1000
0.0035517107402573663 0.0074377995911048588 1000
0.0037215283894455522 0.0073330782548512987 1001
0.0037327025507807631 0.0071766179505767949 1001
0.0039157394162138114 0.0070713004704635405 1001
0.0040614471526846507 0.0071537432835611439 1001
0.0040724594466272504 0.0073674243232617915 1001
0.0039059289678919783 0.0074591698225078612 1001
0.0040744592697267122 0.0073673693887518201 1002
0.0040634495396213756 0.0071537380973974033 1002
0.0042438513283224594 0.0070612597542842395 1002
0.0043975424360779437 0.0071615254866077647 1002
0.0043919300375127902 0.0073443825686314657 1002
0.004223541906710945 0.0074433099220642847 1002
0.0043939299717850417 0.0073444153956914188 1003
0.0043995406759203626 0.0071616135197425119 1003
0.0045705348504235747 0.0070733368853832324 1003
0.0047390505993271156 0.0071902229790636492 1003
0.0047195922518979833 0.0073687876386366062 1003
0.0045669810417082474 0.0074503520925791001 1003
0.0047215891984890247 0.007368924308334671 1004
0.0047410449039278196 0.0071903838936831724 1004
0.0049127641536595027 0.0071022378769402573 1004
0.0050555812004110809 0.0071828306931606672 1004
0.0050544096093753862 0.0074085877226904026 1004
0.0049097307929777574 0.0074938792298160084 1004
0.0050564099980744473 0.0074085180127979886 1005
0.0050575808877296397 0.0071828961341646362 1005
0.0052351427103381407 0.0071028609738879025 1005
0.005364694792617147 0.0071687522528155259 1005
0.0053833974900749136 0.007383066412131014 1005
0.0052425012108182805 0.0074929863045871412 1005
0.0053853825062952386 0.0073828076108901223 1006
0.0053666973610220206 0.0071686945820096442 1006
0.0055454801136930005 0.0070767382741688976 1006
0.0057036818312561095 0.0071761590298343794 1006
0.0057051253575475559 0.0073792929256287412 1006
0.0055885130218376539 0.0074596133329919495 1006
0.0057071243283002768 0.0073791409831367727 1007
0.0057056821439559922 0.0071761959269616704 1007
0.0058993253657434203 0.0070708185968905548 1007
0.0060334702219560299 0.007152509222882659 1007
0.0060458293405236258 0.0073567867155150792 1007
0.0058914953168265798 0.0074541062206704015 1007
0.0060478270500283508 0.0073566884107486063 1008
0.006035475092743812 0.0071525292832681229 1008
0.0062341062466026546 0.0070543374582863706 1008
0.0063776242113240062 0.0071405119083863839 1008
0.0063678591179924839 0.0073648314988656654 1008
0.0062139733253721938 0.0074422233394904839 1008
0.0063698583258885869 0.0073648932061944486 1009
0.006379621298050195 0.0071406223423325574 1009
0.0065451504301829713 0.0070668162882978848 1009
0.0067230466010088138 0.007186847026964714 1009
0.0067041754531840273 0.0073758040702930766 1009
0.0065341871649450718 0.00745806006814821 1009
0.0067250428669615126 0.0071869840382773548 1010
0.0068921974636251045 0.0070981588974781875 1010
0.0070637699117356715 0.0072041423015255781 1010
0.0070728822585719737 0.0073825771793141108 1010
0.0068709986987011739 0.0074936231707623552 1010
0.0067061675206879674 0.007375983120726539 1010
0.0070748856888430776 0.0073825933147759377 1011
0.007065770087061005 0.0072040946997458978 1011
0.0072550558915143249 0.0070822635530090466 1011
0.0074340719680894285 0.0072128571305713996 1011
0.0074230509827095583 0.0073650491826276997 1011
0.007212521361040748 0.0074727381598835114 1011
0.0074250411515241893 0.0073652572646786454 1012
0.0074360685886735558 0.0072129761182260239 1012
0.0076138363611494911 0.0071099739547131214 1012
0.0077776451411695688 0.0072090701597753255 1012
0.007776063778055696 0.0074052184732662646 1012
0.0075837547662342989 0.0075035931044408217 1012
0.0077780633130649221 0.0074052842115029131 1013
0.0077796448786790866 0.0072091107803835819 1013
0.007959458094256338 0.0071128979892439775 1013
0.0080854432935734445 0.0071751812559759567 1013
0.0081184739729607807 0.0073864465956717746 1013
0.0079361547175562808 0.0075050902218446024 1013
0.0081204658486104253 0.0073862392291074719 1014
0.0080874466569217339 0.0071750473651197404 1014
0.0082712696089231683 0.0070721423494767401 1014
0.0084307199584603924 0.0071678345855902218 1014
0.0084304562936216524 0.007348947700585029 1014
0.0082697624522473315 0.0074526343647431537 1014
0.0084324563582767343 0.0073489047443828044 1015
0.0084327199516577005 0.0071678407142041923 1015
0.0085993791719888163 0.0070695760973463282 1015
0.0087728832483113788 0.0071756017068327531 1015
0.0087753973067187449 0.0073416749472045902 1015
0.0086172932171989132 0.0074514492314337452 1015
0.0087773964000613155 0.0073415999179993925 1016
0.0087748829610769241 0.007175567595364583 1016
0.0089484847995632746 0.0070606584914646034 1016
0.0091146456653594943 0.0071558968235390374 1016
0.0091227883618890532 0.0073422418187427943 1016
0.0089636933217643409 0.0074453657389828044 1016
0.0091247862548485912 0.0073421499232312216 1017
0.0091166452097450716 0.0071558427207876396 1017
0.0092988587664648396 0.0070422373470151222 1017
0.0094472211611389776 0.0071219207009993856 1017
0.0094552003215194261 0.0073362106626717032 1017
0.0092973307479989539 0.0074321676947456143 1017
0.0094571985809767944 0.0073361266958569139 1018
0.0094492220943003698 0.0071219085397262391 1018
0.0096158389763278933 0.0070360054564241048 1018
0.0098041673807313153 0.0071739591103725745 1018
0.0097798841983017162 0.0073300261866538303 1018
0.0096250773651352355 0.0074187938218193503 1018
0.0097818786536312246 0.0073302164860682669 1019
0.0098061622153925651 0.0071741469718365576 1019
0.0099583839420332252 0.0070890509288525378 1019
0.010131967399710855 0.0071827000471978378 1019
0.010149623551735635 0.0073605602863946566 1019
0.0099796850031651958 0.0074792471635807076 1019
0.0103067558993399 0.0074354955663919284 1020
0.010151616334791003 0.0073603885596540651 1020
0.010133962103838896 0.0071825476724906951 1020
0.010303918215474417 0.0070604032542894452 1020
0.010473398288834656 0.0071433554560312983 1020
0.010485450379947204 0.0073218845491231322 1020
0.010475393045416535 0.0071432103536637134 1021
0.010630974249807469 0.0070354712425984602 1021
0.010819679549755441 0.0071300914094819898 1021
0.01077941902178222 0.0073675112013064162 1021
0.010657464869010362 0.0074226051271300475 1021
0.010487450421637682 0.0073218177357126961 1021
0.01078142270993694 0.0073676578253740752 1022
0.010821686445248724 0.0071302191195986332 1022
0.010938517338578022 0.0070769652803659919 1022
0.011097006985079852 0.007155887837499173 1022
0.011118231455792472 0.0073760225662373481 1022
0.010972842815607176 0.0074690140197379773 1022
0.011120221791031672 0.0073758261330480416 1023
0.011099006955851646 0.0071557913415654442 1023
0.011284466252567399 0.0070511869670820222 1023
0.011429646308962328 0.0071439370830844911 1023
0.011437096097707274 0.0073291161772127255 1023
0.011283678795998333 0.0074392705230036946 1023
0.011439092282957929 0.0073289811402265986 1024
0.011431649086045213 0.0071439658990024111 1024
0.011624241821219456 0.0070425060353656284 1024
0.011779222132509943 0.0071587688909761542 1024
0.011754247311061334 0.0073618708990001646 1024
0.01163857272075091 0.0074276796707025807 1024
0.011756256797435395 0.0073619162587648963 1025
0.011781207708543755 0.0071590086960996871 1025
0.01196109292682122 0.0070818074647111835 1025
0.012098124163579671 0.007174035151975457 1025
0.01209212675554857 0.0073945947643987466 1025
0.011959509083102775 0.0074646797060418978 1025
0.012094127523363552 0.0073945937141248795 1026
0.012100121039266309 0.0071741772379221589 1026
0.012295286869461916 0.0070897524002617816 1026
0.012435390916188888 0.0071963153573686451 1026
0.012437287717930715 0.0073646249811371248 1026
0.012259483823306513 0.0074764926967376636 1026
0.012439287779929638 0.0073646192131521029 1027
0.01243739222018779 0.0071964197962359373 1027
0.012651996361769917 0.0070851875304484783 1027
0.01278197261819751 0.0071688085570770126 1027
0.012790410176015055 0.0073709349862248153 1027
0.012605199913663072 0.0074697443069449039 1027
0.012792412466559454 0.0073709481317087077 1028
0.012783976360354997 0.0071688564767664886 1028
0.012978232022554308 0.0070728054596961238 1028
0.013169181697102118 0.0072160944192419044 1028
0.013160841229174297 0.0073343906559614038 1028
0.012931105441260223 0.0074562185057399409 1028
0.013598999999999998 0.0072068437761013031 1029
0.013599 0.0073861817025323625 1029
0.01330029793475161 0.0074810022298018568 1029
0.013162828023589907 0.0073346483736449336 1029
0.013171182433234355 0.0072161543959084187 1029
0.013308659184596453 0.0071155066297396222 1029
0.0015801014350799909 0.0078877370333612536 1030
0.0015545678160969172 0.0078086917584484286 1030
0.0017871654835849582 0.0075185956691765895 1030
0.001921298815656032 0.0077390910476059071 1030
0.0017643847580303008 0.0079148080250133115 1030
0.0019231734830769114 0.0077383244773940076 1031
0.0017886381674896467 0.0075171682974610196 1031
0.001979922476637599 0.0073935428932112328 1031
0.0021787513088495345 0.0074804673713323826 1031
0.0021976000664825756 0.0076821457995485841 1031
0.002089176928331808 0.0077765379705853092 1031
0.0021995760185738811 0.0076817952348431119 1032
0.0021807409524635152 0.0074802633035381079 1032
0.0023373041106216977 0.0073671855988446059 1032
0.0025109692692409842 0.0074562252379497219 1032
0.002519218485086181 0.0076718134961260859 1032
0.0024167413360692835 0.0077456644500122351 1032
0.0025212110665265171 0.0076715813668063893 1033
0.0025129679629740317 0.0074561528496967858 1033
0.002680646252493475 0.0073546873923423439 1033
0.0028494594370492071 0.0074611654036889187 1033
0.0028521779810251743 0.0076360994541512612 1033
0.0027173879318813082 0.0077369694862947863 1033
0.0028541761019951922 0.0076359630020571452 1034
0.0028514596515487483 0.0074611636669433537 1034
0.0030306027451428232 0.0073515828218195713 1034
0.0031946182439512613 0.0074464070712720711 1034
0.0032035883754537053 0.0076239480672740997 1034
0.0030530525481082928 0.007732359902174914 1034
0.0033912757946748732 0.0077188626805162093 1035
0.0032055841665003778 0.0076238142696404389 1035
0.0031966174270314941 0.007446340410337207 1035
0.0033726190260594232 0.0073327899762912407 1035
0.0035507129563647211 0.0074395332819710228 1035
0.0035480657003035456 0.00761683817259683 1035
0.0037357152706567632 0.0077251792081522042 1036
0.0035500662450181318 0.0076168166190243164 1036
0.0035527132056453856 0.0074395315156340364 1036
0.0037204652188254418 0.0073347741345697343 1036
0.0039048240324989964 0.0074608371438251867 1036
0.0038886093410280174 0.0076412588185055608 1036
0.0039068208830180928 0.0074609618786002736 1037
0.0040735086908843445 0.0073691297030906312 1037
0.0042226274924025654 0.0074450886580922577 1037
0.0042397772759418303 0.007644121267926597 1037
0.0040658033742875651 0.0077521920303625985 1037
0.0038906082718155616 0.0076413604060306438 1037
0.0042417754658318112 0.0076440142542576238 1038
0.0042246265989788322 0.00744499228306858 1038
0.0043929020493945524 0.0073461311289119797 1038
0.0045659010210669934 0.0074520359328064398 1038
0.0045498298509228713 0.0076505980471090976 1038
0.0044044713817860699 0.0077289224051314805 1038
0.0045518311063788676 0.0076506633413560895 1039
0.0045679000575136498 0.0074521286433014292 1039
0.0047204736209655578 0.0073705843100015144 1039
0.0049086368435521241 0.007495553595862371 1039
0.0048900321397048864 0.0076600631466055384 1039
0.0047282839458934554 0.0077500609898543595 1039
0.0048920262740731217 0.0076602277452789492 1040
0.0049106367910573025 0.0074956667926669275 1040
0.0050554666813528559 0.0074102862239857886 1040
0.0052416956642846978 0.0074948170507666235 1040
0.0052576325376959328 0.007670745195026721 1040
0.005074824901671676 0.0077962206435439269 1040
0.0052596296437139095 0.0076706228458596369 1041
0.0052436841949836258 0.0074946000381152164 1041
0.0053846129352981735 0.0073846548212430441 1041
0.0055876349657712401 0.0074614195240324047 1041
0.0055833962208773052 0.0076703625967720485 1041
0.0054195074183012743 0.0077600330259570641 1041
0.0055853960478083817 0.0076703914124804417 1042
0.005589638478505396 0.0074612666531708423 1042
0.0057062521200868946 0.0073809453463475729 1042
0.0058906448342232031 0.0074559194175134753 1042
0.005908084291251013 0.0076821504367610514 1042
0.0057477647916854384 0.0077641577015601067 1042
0.0059100846397511153 0.0076820779848731195 1043
0.0058926377285906098 0.0074557502678880717 1043
0.0060469134290746232 0.0073584675400168217 1043
0.0062129458438953461 0.0074439438514245972 1043
0.0062051290023582119 0.0076612220669100535 1043
0.0060452766764285655 0.0077450925724479513 1043
0.0062071288966977162 0.0076612609684194276 1044
0.0062149460963208114 0.0074439727995176336 1044
0.0063688044275966738 0.0073665947696803817 1044
0.006533124945118346 0.0074597569137082468 1044
0.0065235552372534074 0.0076812946775465666 1044
0.0063823639485856808 0.0077584560132347566 1044
0.0065255568328160454 0.0076813009170357931 1045
0.0065351237079835488 0.0074598287298549828 1045
0.006705016648700813 0.0073776188699168849 1045
0.0068699216684872241 0.007495311620843389 1045
0.0068673091785016217 0.0076646305281151397 1045
0.0067113399310269016 0.0077754568909171951 1045
0.0068693103268957683 0.0076645715276690389 1046
0.0068719205631164199 0.0074953986898637758 1046
0.0070738680011020027 0.0073843175622776893 1046
0.0072114964373887038 0.007474457668206363 1046
0.0072251581330419357 0.0076704026710202825 1046
0.0070693108098930889 0.0077766572613040255 1046
0.0072271526720350384 0.007670254708110954 1047
0.0072135030230701417 0.0074744824868052439 1047
0.0074238607102817674 0.0073668814565361904 1047
0.0075825587643137838 0.0075052037335080861 1047
0.0075678089335729556 0.0076450435908170028 1047
0.0073999895478747283 0.0077528663993921519 1047
0.007569806309014787 0.007645173658509679 1048
0.0075845454528159486 0.0075054351216934465 1048
0.0077770069153042694 0.0074069825052077041 1048
0.0079351926634332916 0.0075068480764224621 1048
0.0079437107733240659 0.0076621349120203517 1048
0.0077661307328757692 0.0077959887684564827 1048
0.0079457077135222029 0.0076620243183885646 1049
0.0079371930715006964 0.0075068007027363865 1049
0.0081196520287301864 0.0073880661660831294 1049
0.0082689236722078528 0.007454450201445144 1049
0.0082938111254259074 0.0076657939674188175 1049
0.0081349097677415917 0.0077740716264575209 1049
0.0082957996216249021 0.0076655789246361065 1050
0.0082709162790839241 0.0074542700664517771 1050
0.0084314942633751857 0.0073506581583288504 1050
0.0086163605247462777 0.0074532189573808675 1050
0.008618805595512315 0.0076278819254778198 1050
0.0084595315188508279 0.0077332095795293408 1050
0.0086183596656375459 0.0074531435890738381 1051
0.0087764633941167982 0.007343369555521128 1051
0.0089627286399446837 0.0074471177333080832 1051
0.0089615478796545751 0.0076341668728662432 1051
0.0088029202679115459 0.0077294183768667982 1051
0.0086208049627841815 0.0076278227286077083 1051
0.0089635480249097201 0.0076341501749003305 1052
0.0089647289314430684 0.0074470778683431351 1052
0.0091238669131456143 0.0073439261137731296 1052
0.0092963834658153638 0.0074339293085267473 1052
0.0093015101737642051 0.0076361964544269939 1052
0.0091394093607133475 0.0077323749880425932 1052
0.0093035094627532781 0.0076361430603254215 1053
0.009298382575464316 0.0074338688388097653 1053
0.0094562719841438537 0.0073378997504355012 1053
0.0096241200816207569 0.0074205517656155901 1053
0.0096266003440795035 0.0076403031917827739 1053
0.0094697788852402473 0.0077228683719657992 1053
0.0099678567643454643 0.0076086230754924778 1054
0.0097764091579468516 0.0077156226326224901 1054
0.0096286002887520997 0.0076402870034576204 1054
0.0096261196432551356 0.007420501640077906 1054
0.0097807235854433117 0.007331850344430302 1054
0.0099786198889634335 0.0074809487948101581 1054
0.010122158349621952 0.0077415430993273207 1055
0.0099698476185099034 0.0076088157173597026 1055
0.0099806198198096503 0.0074810337673101726 1055
0.01015076848301707 0.0073622001438424546 1055
0.010305956884903277 0.007437330793976721 1055
0.010364234452928379 0.0076864589748644359 1055
0.010624447497812547 0.0076321552590169752 1056
0.010366188693147271 0.0076860325478911836 1056
0.010307957294719287 0.0074371017353585941 1056
0.010486506415936894 0.0073235831352035027 1056
0.01065631170592406 0.007424246534644836 1056
0.010750192374990843 0.0077463947630592306 1057
0.010626400081395612 0.0076326170143526835 1057
0.010658308697151642 0.0074244185373938641 1057
0.010780281053400308 0.0073693163879798209 1057
0.010971872009478226 0.0074707630469637663 1057
0.010965907760501338 0.0076687664124852964 1057
0.010967901358507821 0.0076690090633855226 1058
0.01097387395408732 0.007470728604232659 1058
0.011119396820864942 0.0073776512985918412 1058
0.01128292435376591 0.0074411230633410538 1058
0.011318803882873128 0.0076673477134908304 1058
0.011077079340794863 0.0077566842372383789 1058
0.011320837116528901 0.007667399639303232 1059
0.011284906256048484 0.0074408513388093114 1059
0.011438212065631755 0.0073307770448901126 1059
0.011637528908757667 0.0074293946323252015 1059
0.011612746723387905 0.0076374376602840926 1059
0.011399386240765939 0.0077173946597522318 1059
0.01161472680555835 0.0076377235685971268 1060
0.011639538701829103 0.0074294311217224423 1060
0.01175520639386286 0.0073636262745389114 1060
0.01195844514092193 0.007466382876756059 1060
0.011931802995650029 0.0076948936274505875 1060
0.011759353354938738 0.0077522538821897542 1060
0.01193378541790565 0.007695160589265039 1061
0.011960451594281947 0.0074664437228223442 1061
0.012093125275378798 0.0073963291820845307 1061
0.012258601846024798 0.0074782877333271188 1061
0.012278066492158226 0.0076739515983334453 1061
0.012080659863142431 0.0077966632636540341 1061
0.012280065576872019 0.0076738431625153316 1062
0.012260598447470926 0.007478154335033683 1062
0.012438292077641442 0.0073663559937996179 1062
0.01260414544066977 0.0074714438493522261 1062
0.012600289876564171 0.0076607837876310368 1062
0.012437651737791789 0.0077584667490570355 1062
0.012602290386076034 0.007660779127477934 1063
0.012606144566111884 0.0074715071584181645 1063
0.012791400282131294 0.0073726735882534431 1063
0.012930112025269662 0.0074579555013817161 1063
0.012945963508993888 0.0076581663390683967 1063
0.01277986565739179 0.0077608982772685332 1063
0.012947961130625076 0.0076580572490143753 1064
0.0129321175022935 0.0074579456282067216 1064
0.013161593640713096 0.0073362554693813279 1064
0.013298942223487811 0.0074824801563466263 1064
0.013278265851479547 0.0076269954456432256 1064
0.013099656267951945 0.007734871287534909 1064
0.013599000000000002 0.0073882800536080083 1065
0.013599 0.0078136452495065119 1065
0.013495423668223957 0.0078132179716510659 1065
0.013280255928644326 0.0076272071493923531 1065
0.013300901223309448 0.0074829090718596383 1065
0.0018942650502883397 0.0081091499626360988 1066
0.0017660321923519619 0.0079159658570182884 1066
0.0019228902539877499 0.0077403115855675638 1066
0.0020885614176067518 0.0077784485885269245 1066
0.0021187814911254976 0.0079796471558971835 1066
0.0021207900158624455 0.0079795545491793112 1067
0.0020905195969677924 0.0077780207934283908 1067
0.0021988868709220235 0.0076836772572392107 1067
0.0024159359831981294 0.0077475122959742666 1067
0.0024181713348835478 0.0079806478538512662 1067
0.0022587246670729231 0.0080612809032312889 1067
0.0024201713425222073 0.0079806390625383871 1068
0.0024179337553992793 0.0077472703601524614 1068
0.0025204076514694987 0.0076734217505276163 1068
0.0027166463155995869 0.0077388304682944912 1068
0.0027413892856912115 0.0079573444457482698 1068
0.0025726261216351431 0.0080569484074579228 1068
0.003057844367709599 0.0079252748839372961 1069
0.0028854918768744325 0.0080216214361423649 1069
0.002743385673290826 0.007957199671111059 1069
0.0027186262941305815 0.0077385407793306186 1069
0.0028532974903260301 0.0076377596907018664 1069
0.0030521714421283242 0.0077341553818085409 1069
0.0030598448615513398 0.0079252618452725476 1070
0.0030541683345619883 0.0077340210125695181 1070
0.0032047030020984956 0.0076256100129317361 1070
0.0033903457262069413 0.0077206333916948087 1070
0.0033935166257991292 0.0079137086881145187 1070
0.0032076281403574341 0.0080097771584471209 1070
0.0035444502819655891 0.0080090701237038424 1071
0.0033955177271684507 0.0079137593282046694 1071
0.0033923446804222518 0.0077205532921052105 1071
0.0035490861399207307 0.0076185603084894752 1071
0.0037346565916346304 0.0077268770343337139 1071
0.0037198737344742105 0.0079258328856765571 1071
0.0040670779671887793 0.0079334374395152729 1072
0.0038753953359958464 0.0080280977529191451 1072
0.003721868455313217 0.007925978135467554 1072
0.003736657152035726 0.007726943692074874 1072
0.0038895215983615877 0.0076430395624533971 1072
0.004064805479524084 0.0077539273498078024 1072
0.0043965742945801089 0.0079347839250079617 1073
0.0042062431882134701 0.0080265924579912724 1073
0.0040690791792045815 0.007933520521117959 1073
0.0040668055964283925 0.0077539239255229467 1073
0.0042408693498617615 0.0076457973481044595 1073
0.0044034582256708265 0.0077306496366000609 1073
0.0045599835924476986 0.0080426477706394637 1074
0.0043985715416296279 0.0079348992732595214 1074
0.0044054589409421602 0.0077306621391109017 1074
0.0045507720216848395 0.0076523622379836174 1074
0.0047272615854346903 0.0077517805736107446 1074
0.0047205472724015729 0.0079564940817733083 1074
0.0047225475430188674 0.0079565186206568741 1075
0.0047292618391276573 0.007751805628502203 1075
0.0048908895382033524 0.0076618748293797081 1075
0.0050737877084196231 0.0077979417822984986 1075
0.0050701990107918701 0.0079296266910506216 1075
0.0048940250100171527 0.0080496445572529832 1075
0.0052577524402154545 0.0080612045063708036 1076
0.005072198889795561 0.0079296583780285625 1076
0.0050757872486475375 0.0077979859004316645 1076
0.0052587351996675885 0.0076724141425511625 1076
0.005418512957450934 0.0077617683891676318 1076
0.0054221924051572118 0.0079598898294378131 1076
0.0054241916088885985 0.0079598283839352867 1077
0.0054205131932821568 0.0077617625175235476 1077
0.0055843710435907112 0.0076721090236206583 1077
0.0057467065796399661 0.0077658561355193768 1077
0.0057366405621324147 0.0079672702559142657 1077
0.0056049538728405197 0.0080536489115060114 1077
0.0057386465540681299 0.0079672003069365133 1078
0.0057487057414275962 0.0077659228531297168 1078
0.0059091529075482796 0.0076838502838292196 1078
0.0060443538696882257 0.0077468690316663839 1078
0.0060629388770550427 0.0079729367488809294 1078
0.0059479157074004653 0.0080628970852615924 1078
0.0060649200646099386 0.0079726258431377754 1079
0.0060463537912897585 0.0077467860065516111 1079
0.0062060943008143262 0.0076629741682765571 1079
0.0063813111110733465 0.0077601590952762799 1079
0.0063637025219033744 0.0079754543121674619 1079
0.0062780113814693075 0.0080350987906524125 1079
0.0063657184037481549 0.0079753417811543378 1080
0.0063833130956982183 0.0077602164816225287 1080
0.0065245475128442015 0.0076830315761304245 1080
0.0067104549555577321 0.0077772505685418155 1080
0.0067188193030021572 0.0079565382125387791 1080
0.0065906965456610416 0.0080620917139373124 1080
0.0067124510785430136 0.0077771208378541066 1081
0.0068683645134935117 0.0076663341335049748 1081
0.007068349870165495 0.0077784113899340718 1081
0.0070645844811752971 0.0079568887572454786 1081
0.0069263325670941697 0.0080485445915012624 1081
0.0067208118107655417 0.0079563309904961618 1081
0.0070665858217339398 0.0079568463104472964 1082
0.0070703512194469353 0.0077783685296799873 1082
0.0072262835281064856 0.0076720559974281866 1082
0.0073991076536753892 0.0077546615943997711 1082
0.0074143871741355043 0.0079567775022874633 1082
0.0072628109784785323 0.008063881954829261 1082
0.0077610048581387703 0.0079180922638970933 1083
0.0075968510383008217 0.0080342196647953754 1083
0.0074163785460721922 0.0079565878810542376 1083
0.0074011032661206967 0.0077545280661736197 1083
0.0075687017796831459 0.0076468471664364532 1083
0.0077651080558953861 0.0077977251548122968 1083
0.0077630052580645341 0.0079181146112243875 1084
0.0077671081472780474 0.0077977565532366738 1084
0.0079448053877815717 0.0076638143553443344 1084
0.0081339408091516251 0.0077758222027878342 1084
0.0081320182776882469 0.0079433803121359524 1084
0.0079443063942743475 0.0080452773780079444 1084
0.0081340173430511468 0.0079434732438155454 1085
0.0081359413229484066 0.0077757888963030149 1085
0.0082949922355399826 0.0076674093284103415 1085
0.0084587141289504935 0.0077350358511546211 1085
0.008485734449189446 0.0079702188432787483 1085
0.0082784340943733853 0.0080482258344861789 1085
0.0087977346723825747 0.0079307409387720414 1086
0.0085750301217949743 0.0080218562365821176 1086
0.0084877537112552377 0.0079702719849936918 1086
0.0084607038725144825 0.0077348320658785063 1086
0.0086198572767981138 0.0076295842122485894 1086
0.0088019262932579195 0.007731154037707205 1086
0.0089300346965752921 0.0080262933775825055 1087
0.0087997313838113784 0.0079309185255113015 1087
0.0088039268863312255 0.0077311467972828356 1087
0.0089625624533946832 0.0076358905163318672 1087
0.0091384225689366046 0.0077341146479145521 1087
0.0091377901113994537 0.0079334059589383516 1087
0.0092730491361882258 0.0080259347432070551 1088
0.0091397897187896621 0.0079335328462542126 1088
0.0091404226276138381 0.0077340993318770887 1088
0.0093025560243265842 0.0076379014655464901 1088
0.0094687719750244318 0.0077245988865650896 1088
0.0094654194220673126 0.0079494798533920261 1088
0.0094674175730862248 0.0079496187857677324 1089
0.0094707720954686405 0.0077246057147591623 1089
0.0096276146424375871 0.0076420294318530757 1089
0.0097754852241871016 0.0077173965148418303 1089
0.0097958626513516348 0.0079403442676726325 1089
0.0095948142610245354 0.0080306898063676434 1089
0.0097978711083949281 0.0079403455855704286 1090
0.0097774858405643757 0.0077173120486582567 1090
0.0099686821557066364 0.0076104529375418872 1090
0.010120793589613762 0.0077430066469386357 1090
0.010082962967879248 0.0079389519414718984 1090
0.0099175731275535552 0.008006631753036321 1090
0.010261905598839547 0.0080648877820196207 1091
0.010084946216369722 0.0079392300075084663 1091
0.010122742755857153 0.007743461243405754 1091
0.010364718128554577 0.007688400040071092 1091
0.010433762070922949 0.007948757028658951 1091
0.010435745944023959 0.0079484355317360183 1092
0.010366674354347358 0.0076879742882393987 1092
0.010625032302414341 0.0076340763163232281 1092
0.010748901341435501 0.0077479246019067655 1092
0.010723543247670633 0.007938115241765388 1092
0.010599736645683743 0.0080108513250509786 1092
0.010725552248200914 0.0079381804785711614 1093
0.010750872232441961 0.0077482756675602178 1093
0.01096669784812563 0.0076706076490390641 1093
0.011075894788841505 0.0077582980474226277 1093
0.01107589871224811 0.0079587166926211924 1093
0.01093527040547038 0.008052131322280217 1093
0.011269255734301745 0.0080508647343254872 1094
0.011077898710450581 0.0079586248503209465 1094
0.011077894793090555 0.0077585150813113289 1094
0.011319801498975143 0.0076691112334887407 1094
0.011398321530763837 0.0077190877371488631 1094
0.011419763607737029 0.0079414636141103504 1094
0.011400339067690491 0.0077191734131015965 1095
0.011613489690976713 0.0076392950585755307 1095
0.011758056687432551 0.0077537782119810892 1095
0.011711454609093194 0.0079892942261230605 1095
0.011632465643728466 0.0080313508283280204 1095
0.011421752304381921 0.0079412501873708501 1095
0.011713482331781849 0.0079893500945305822 1096
0.011760024176316986 0.0077541384879599587 1096
0.011932564606287357 0.0076967480348683484 1096
0.012079664728306034 0.0077984066710168791 1096
0.01208937493269642 0.0079459591898316841 1096
0.01193214481012834 0.0080819222079403612 1096
0.012091367620652584 0.0079457823414689644 1097
0.01208166805411689 0.0077983914713890328 1097
0.012279159807482391 0.0076756268911751394 1097
0.012436701087323615 0.0077602263766294631 1097
0.012443687424456161 0.0079505401782095329 1097
0.012298742127446869 0.0080617188983337484 1097
0.012445682278669715 0.0079503633053762957 1098
0.012438700362806768 0.0077601699429633297 1098
0.012601294321419647 0.0076625135168189645 1098
0.012778885911927858 0.0077626418675735363 1098
0.012777830819032278 0.0079508567119569995 1098
0.012645636976065241 0.0080406969684405829 1098
0.012779831357526372 0.0079507662573628287 1099
0.012780886072767759 0.0077626187815739234 1099
0.012947057379673613 0.0076598414110840042 1099
0.01309876510098478 0.0077366618217709201 1099
0.013122185599446985 0.0079462395952901201 1099
0.012979627287380802 0.0080486467350647812 1099
0.013124170066719508 0.0079459891969097061 1100
0.013100763807428448 0.0077365388422748907 1100
0.013279084009787098 0.0076288377795670102 1100
0.01349353826470227 0.0078142317999326319 1100
0.013281709059455015 0.0080050171594400008 1100
0.00025786442629941142 0.0082655716976060938 1101
9.9999999999999995e-07 0.0083221135719504444 1101
9.9999999999999995e-07 0.0080020000000000004 1101
0.00027242851621606405 0.0080020000000000004 1101
9.9999999999999995e-07 0.0079979999999999999 1102
9.9999999999999995e-07 0.0076778864280495525 1102
0.00025786442629941125 0.0077344283023939048 1102
0.0002724285162160641 0.0079979999999999999 1102
0.00025984795237477839 0.0082659250468245741 1103
0.00027443156718669356 0.0080020000000000004 1103
0.00054442171366032562 0.0080020000000000004 1103
0.00054893575055680666 0.0082787426207732977 1103
0.00037634100154418235 0.0083588428471917126 1103
0.00027443156718669356 0.0079979999999999999 1104
0.00025984795237477828 0.0077340749531754262 1104
0.00037634100154418203 0.0076411571528082868 1104
0.00054893575055680634 0.0077212573792267 1104
0.00054442171366032562 0.0079979999999999999 1104
0.00055093599604599981 0.0082787413607765467 1105
0.0005464219797017267 0.0080020000000000004 1105
0.00084466892830254694 0.0080020000000000004 1105
0.00085496100059212184 0.0082581809397803008 1105
0.00070155771005085698 0.0083508741698911596 1105
0.0005464219797017266 0.0079979999999999999 1106
0.0005509359960459996 0.0077212586392234536 1106
0.00070155771005085872 0.0076491258301088424 1106
0.00085496100059212173 0.0077418190602196995 1106
0.00084466892830254694 0.0079979999999999999 1106
0.0011819047828414795 0.0082259569888580367 1107
0.0010244726721611727 0.0083351646940507621 1107
0.00085695851512109075 0.0082580789148730214 1107
0.00084667054168337415 0.0080020000000000004 1107
0.0011798556707835301 0.0080020000000000004 1107
0.00084667054168337393 0.0079979999999999999 1108
0.00085695851512109075 0.0077419210851269781 1108
0.0010244726721611746 0.0076648353059492373 1108
0.0011819047828414795 0.0077740430111419645 1108
0.0011798556707835303 0.0079979999999999999 1108
0.0015369951984574636 0.0082035875720176937 1109
0.0013762325535121658 0.0083341311086081015 1109
0.0011839042474324922 0.0082258893221321752 1109
0.0011818466049180309 0.0080009999999999994 1109
0.001503687298384395 0.0080009999999999994 1109
0.0011818466049180307 0.0079990000000000009 1110
0.0011839042474324922 0.0077741106778678242 1110
0.001376232553512166 0.0076658688913918988 1110
0.0015525901643983458 0.0078090759544353749 1110
0.0015782401472286762 0.0078884814607866963 1110
0.0015040033678312388 0.0079990000000000009 1110
0.0015389732905420389 0.0082032910061572775 1111
0.0015055873401993674 0.0080002287114888156 1111
0.0015798194804920896 0.007889717078651038 1111
0.0017641855221032959 0.0079168002215718198 1111
0.0018928938751573226 0.008110700665423895 1111
0.0018773509195754176 0.0081940685625573866 1111
0.0017289531566307321 0.0082833774149851658 1111
0.0020642621656906221 0.0083448681413389441 1112
0.0018793435103381087 0.0081942931491425838 1112
0.001894849880252352 0.008111121486899046 1112
0.0021198648820669372 0.0079813311063607843 1112
0.0022576630253321778 0.0080629765793827583 1112
0.0022493403390907709 0.0082660290197685143 1112
0.0022513349266081316 0.0082662020412860669 1113
0.0022596617690570065 0.0080630481999770156 1113
0.0024191795561391643 0.0079823791851935631 1113
0.002571706675243425 0.0080587247389966865 1113
0.002585966366041061 0.0082677848283948408 1113
0.0023856960128343118 0.0083621950801685378 1113
0.0025879731104171775 0.0082678155776823373 1114
0.0025737051286432691 0.008058633935000498 1114
0.0027425164618219292 0.007959001543891165 1114
0.0028845977033722147 0.0080234119927504489 1114
0.0029061236057038638 0.0082522521050576638 1114
0.0027124547597523652 0.0083442076059952186 1114
0.0028865955956365033 0.0080232957274973711 1115
0.0030588563245134942 0.0079270004710307682 1115
0.0032066294573927603 0.00801150998188325 1115
0.0032159505415379533 0.00822074510221848 1115
0.0030329827576746947 0.0083179852258935972 1115
0.0029081296711876547 0.0082522227286346058 1115
0.0032179515901853062 0.0082207241154468695 1116
0.0032086314394497387 0.0080115099478326197 1116
0.0033944734284489801 0.0079154655071869123 1116
0.0035433565987762036 0.0080107446986279977 1116
0.0035357067206054534 0.0082069812954641656 1116
0.0033698452371883816 0.0083036643886927105 1116
0.0035377070448662572 0.0082070119455788342 1117
0.0035453538129818166 0.0080108551286598353 1117
0.0037207452735591668 0.0079276330705868852 1117
0.0038743076709141077 0.0080297763122336233 1117
0.0038691132241300639 0.0082342659685416385 1117
0.003722168103138801 0.0083161982754157912 1117
0.0038711139919365024 0.0082342611402310608 1118
0.0038763057137563253 0.0080298787575211594 1118
0.0040680063796802966 0.00793520953786803 1118
0.0042051691809243553 0.008028280655218694 1118
0.0042090773508169357 0.0082226055670847325 1118
0.0040389725778038595 0.008321114716818399 1118
0.0042110774953521852 0.0082225926442836845 1119
0.0042071712875787958 0.0080283652943582418 1119
0.0043974732756715453 0.0079365708069298567 1119
0.0045588829728568621 0.0080443177331731286 1119
0.0045444202549370736 0.008221375257313486 1119
0.0043744691741977948 0.0083173814217665978 1119
0.0049050861891346978 0.0082345726045012224 1120
0.004727332768555797 0.0083460518360869498 1120
0.00454641756750077 0.0082214897057484998 1120
0.0045608799291329029 0.0080444365434030919 1120
0.0047215249810952228 0.0079582391927405689 1120
0.0048931219365949009 0.0080514300211198334 1120
0.0049070852869311891 0.0082344935360584137 1121
0.0048951189666314558 0.0080513193004784992 1121
0.00507117333783482 0.0079313829314654246 1121
0.005256683159114886 0.0080628980585197504 1121
0.0052473155382269984 0.008223347192253332 1121
0.0050673700852316688 0.0083235692737464641 1121
0.0056028338992802195 0.008238634105542153 1122
0.0054148118423946569 0.0083422872128682303 1122
0.0052493122185466087 0.0082234623859988188 1122
0.0052586817171293076 0.0080629810910036823 1122
0.0054232450209728217 0.0079615904225622449 1122
0.0056040089166354695 0.0080554117970351811 1122
0.0059455824642591446 0.008236532647788777 1123
0.0057569382004633435 0.0083402586600856803 1123
0.0056048335538704738 0.0082386943788318127 1123
0.005606009364076181 0.0080553484399030865 1123
0.0057377004885302675 0.007968966875108072 1123
0.0059470473208198095 0.0080646991752758579 1123
0.0059475818634423397 0.0082366116506848008 1124
0.005949048664854747 0.0080645500393646697 1124
0.0060641912075758099 0.007974496340566262 1124
0.0062771619546753855 0.0080369339400977614 1124
0.0062687509382647775 0.0082678390070135294 1124
0.0061036907031783829 0.0083467768003476512 1124
0.0062707497508016638 0.008267908020297178 1125
0.0062791707611089993 0.0080367285939841344 1125
0.0063647963191557867 0.0079771297634771143 1125
0.0065899146491040983 0.0080639337517454217 1125
0.0065987700554019724 0.0082450040020909665 1125
0.0064226070099978032 0.0083535221629838646 1125
0.0067618996152427899 0.0083406894314142482 1126
0.006600770298456282 0.0082449600952186706 1126
0.0065919049938068285 0.0080636874490780316 1126
0.0067199984078398561 0.0079581581220648737 1126
0.0069254162418870844 0.0080503255436262956 1126
0.0069222967470011811 0.0082603988455063771 1126
0.006924296324597244 0.0082604421398055072 1127
0.0069274179611244716 0.0080502246153249662 1127
0.0070656234530032018 0.0079585995572484265 1127
0.0072618868674969904 0.0080656560702229117 1127
0.0072639933512359646 0.008227089903804408 1127
0.0070806778900510655 0.0083486954975285771 1127
0.0074459131855744163 0.0083455029937983434 1128
0.0072659933702707499 0.0082270783145327406 1128
0.0072638859315979102 0.0080655712980295911 1128
0.0074155465619857776 0.0079584071835099406 1128
0.007596025202148797 0.008036041611837557 1128
0.007613208261104544 0.008238320025131609 1128
0.0076152033865971025 0.0082381778477183462 1129
0.0075980157523427624 0.008035845574157487 1129
0.0077619898454904766 0.0079198453173818916 1129
0.0079432107098928745 0.0080469517823388917 1129
0.0079335426988322577 0.0082258730873808143 1129
0.0077813079265119291 0.0083165145725786257 1129
0.0081238012446632323 0.0083342057639604877 1130
0.0079355441950236458 0.0082258993936805188 1130
0.0079452075714946512 0.0080470638587950838 1130
0.0081329345690191023 0.0079451585884157891 1130
0.0082772359656553135 0.0080498275066447095 1130
0.0082575409635206268 0.0082698721860715568 1130
0.0082595412376498707 0.0082699584493483389 1131
0.0082792226117511074 0.0080500660306946342 1131
0.0084867206863124475 0.0079719846376732489 1131
0.008574022292555836 0.0080235837810463829 1131
0.0086050911586518057 0.0082554984511395511 1131
0.0084302387359822643 0.0083616014767839957 1131
0.0086070876548614405 0.0082553389259156645 1132
0.0085760427167877393 0.0080236028674066061 1132
0.0087985815122519039 0.0079325553851278957 1132
0.0089289075299175524 0.0080279468559373221 1132
0.0089268943003996196 0.0082264205210859087 1132
0.0087558312679408834 0.0083246956826497649 1132
0.0089309061346110625 0.0080280945551334595 1133
0.0091386815384457976 0.0079351981994053057 1133
0.009271894353708135 0.0080275677825009106 1133
0.0092613881013646811 0.0082441229085345371 1133
0.009098759956566985 0.0083251305509399222 1133
0.0089288943014660324 0.0082264305592529233 1133
0.0095988569439142898 0.0082391935933838565 1134
0.0094287982211279167 0.0083404779053683469 1134
0.0092633868022833476 0.0082441981720868928 1134
0.0092738876891809985 0.0080277536387512258 1134
0.0094663036998313306 0.0079512805762629521 1134
0.0095937457778700608 0.008032380481615092 1134
0.0099203212632353686 0.0082508869723363527 1135
0.0097780917110930031 0.0083340710381205173 1135
0.0096008563989638598 0.0082391468328910401 1135
0.0095957484199416833 0.0080324626775955931 1135
0.0097968768402952565 0.0079420811756389913 1135
0.0099165173207760322 0.0080083332654582867 1135
0.0099223199420318715 0.0082507870454992735 1136
0.0099185187040698938 0.0080084057875650459 1136
0.010083711877488691 0.0079408064548206862 1136
0.010260880801720445 0.0080666130236546046 1136
0.01025775084268242 0.0082187320314867206 1136
0.01010040516392364 0.0083257937782555864 1136
0.010259751676290466 0.0082187120908857724 1137
0.010262880613601453 0.0080666427399666216 1137
0.010435040459874839 0.007950306983717171 1137
0.010598835779829228 0.0080126484136443434 1137
0.010601087876036846 0.008256410800878999 1137
0.010446311867311767 0.0083316931759173461 1137
0.010924986563914607 0.0082357961352514959 1138
0.010757721872748097 0.0083341740684974661 1138
0.010603087993652078 0.0082564142926141032 1138
0.010600834732523457 0.008012525816660768 1138
0.010724489269150999 0.0079398790714109938 1138
0.010934291241034988 0.0080538754559838655 1138
0.01110365593448173 0.0083448870914174869 1139
0.010926986679128729 0.0082358449961234016 1139
0.010936295069681318 0.0080538517135723599 1139
0.01107697759107458 0.0079604010709771952 1139
0.011268395729797416 0.0080526704142017871 1139
0.011279841140939259 0.0082505933155704817 1139
0.011281843371186115 0.008250574103363606 1140
0.011270389957893041 0.0080525128226069925 1140
0.011420942628199487 0.0079430791404548947 1140
0.011631386301005436 0.0080330644724893943 1140
0.011590632342812775 0.0082572054258188698 1140
0.011428652726979587 0.0083344018435992026 1140
0.011592624272960645 0.00825743015334582 1141
0.011633410127666352 0.0080331137737471373 1141
0.011712392632711737 0.007991060611251502 1141
0.011931419359453053 0.0080837869314733975 1141
0.011956183271137845 0.0082545055506327587 1141
0.01179267429803244 0.0083948734232357977 1141
0.011958160240877813 0.0082542024817843403 1142
0.011933396351838772 0.008083484018741335 1142
0.012090529321222777 0.0079476050127793782 1142
0.012297834402722073 0.0080635027561478216 1142
0.012299313385342868 0.0082117311048915276 1142
0.012148933725482952 0.0083341169565953957 1142
0.012512541965675946 0.0083314778559800545 1143
0.012301312347238136 0.0082116170852463283 1143
0.01229983350061686 0.0080634023668075348 1143
0.012444839414716491 0.0079521771510007375 1143
0.012644727383843639 0.0080424806681920272 1143
0.012642035659438711 0.0082507367147348423 1143
0.012817938544379326 0.0083283985047988649 1144
0.012644036927049768 0.0082506515654572465 1144
0.012646728942340644 0.0080423730133573363 1144
0.012778909533249455 0.0079525417631049287 1144
0.012978728616602242 0.0080504335837580654 1144
0.012979842710329294 0.0082281572358107631 1144
0.012980727935261539 0.0080503186255731392 1145
0.013123393895191831 0.0079478341566711439 1145
0.013281134975005113 0.0080069378387947147 1145
0.013351456169282615 0.0082110309224883906 1145
0.01330196274909121 0.0082801033923460086 1145
0.013149040046923827 0.0083317277840284157 1145
0.012981842723516237 0.0082281530708087271 1145
0.013599 0.007815645266524094 1146
0.013599 0.0081987376991756161 1146
0.013353271416980811 0.008210159822451402 1146
0.013283088052968434 0.008006466763304014 1146
0.013495431751544351 0.0078152180220143353 1146
9.9999999999999995e-07 0.0085291042978194089 1147
9.9999999999999995e-07 0.0083241614531161419 1147
0.00025857025580458743 0.0082674642091717064 1147
0.00037514959301615785 0.0083604508350622001 1147
0.0003570008662336355 0.0085344895878296228 1147
0.00025521168859734324 0.0085991813468742576 1147
9.9999999999999995e-07 0.0076758385468838532 1148
9.9999999999999995e-07 0.0074006450057294395 1148
0.00035566748945534853 0.0074527238826114263 1148
0.0003751495930161578 0.0076395491649378002 1148
0.00025857025580458868 0.0077325357908282896 1148
0.00055546462347538447 0.0086555612469696383 1149
0.00035900514726742197 0.0085345525323352132 1149
0.0003771367016248134 0.0083606784559931719 1149
0.00054993952066847214 0.0082804816654747943 1149
0.00070064523030840273 0.0083526547001382331 1149
0.00071160489318188133 0.0085616218645518712 1149
0.00037713670162481356 0.0076393215440068293 1150
0.0003576175477317268 0.0074521409643807336 1150
0.00045473822023655235 0.0073260113805703056 1150
0.00071142037014150961 0.0074418964240087091 1150
0.00070064523030840327 0.0076473452998617672 1150
0.00054993952066847269 0.0077195183345252051 1150
0.00087303304955821848 0.0086410044755151367 1151
0.00071360305323834553 0.0085615343716689031 1151
0.00070264276538363403 0.008352555290779589 1151
0.00085604740532591083 0.0082598612452993991 1151
0.0010236362628881497 0.0083369813997685015 1151
0.0010438671520950449 0.0085362084271083122 1151
0.00070264276538363447 0.0076474447092204113 1152
0.00071342736743463479 0.0074418154178869473 1152
0.00086279762612109334 0.0073406874892089904 1152
0.0010429355386756285 0.0074729657901137746 1152
0.0010236362628881514 0.0076630186002314997 1152
0.00085604740532591083 0.0077401387547006012 1152
0.0010256278679163621 0.0083367974424256048 1153
0.0011829649358285001 0.0082276556666202334 1153
0.0013753661204762122 0.0083359384689328866 1153
0.0013835868173293899 0.008487275003154519 1153
0.0011936218049428823 0.0086093288910270623 1153
0.0010458645741161466 0.0085360817535649371 1153
0.0010256278679163634 0.0076632025575743938 1154
0.0010449244542910521 0.0074731762318938919 1154
0.0012432231707561262 0.0073850192315419415 1154
0.0013839610496423943 0.0075058356756291357 1154
0.001375366120476212 0.0076640615310671137 1154
0.0011829649358284988 0.007772344333379767 1154
0.0015428075192894057 0.0085901646224443885 1155
0.0013855879878265222 0.0084872422704579276 1155
0.0013773610624166744 0.0083357910734289317 1155
0.0015382406280163262 0.008205152594162473 1155
0.0017280070482301848 0.0082851490244365989 1155
0.0017191868516878029 0.0085118903827349733 1155
0.0013773610624166737 0.0076642089265710695 1156
0.0013859513521961545 0.0075060684785768694 1156
0.0016192622338957402 0.0074045289430457644 1156
0.0017858191155476241 0.0075170776679693678 1156
0.001553299888983595 0.0078070759256268982 1156
0.0017300114493829025 0.0082850747688302095 1157
0.0018781651338591859 0.0081959128078884121 1157
0.0020630305278056425 0.0083464444305513617 1157
0.0020364372223327103 0.0085370475693826858 1157
0.0018736762986475114 0.0086082771165058875 1157
0.0017211835519887779 0.0085120140934183044 1157
0.0023826857848986403 0.008552532466784106 1158
0.0022003827706433016 0.0086457293479155067 1158
0.0020384273381640469 0.0085372572619337363 1158
0.0020650110282892796 0.0083467230395240406 1158
0.0022501890649312597 0.0082678413784681663 1158
0.002384586714690089 0.0083638605398293243 1158
0.0027199941939179415 0.0085517253538713433 1159
0.0025337776453912041 0.0086503178319454806 1159
0.0023846850971781268 0.0085526107997886767 1159
0.0023865855437443227 0.0083639868341210174 1159
0.0025869480931619278 0.0082695331197611723 1159
0.0027114169016496659 0.0083459172678894064 1159
0.0027219961666846721 0.0085517310313930357 1160
0.0027134205453031154 0.0083459630375505196 1160
0.0029071615527077751 0.0082539732737838475 1160
0.0030320409506439214 0.0083197496297839294 1160
0.0030525529878866098 0.0085337451683600869 1160
0.0028708706248492515 0.0086401926730880207 1160
0.0030545522992548981 0.0085336423506069212 1161
0.0030340440287009462 0.0083196861086922928 1161
0.0032169712460516694 0.0082224675445103975 1161
0.0033688881534398784 0.0083054205188977069 1161
0.0033777556720924677 0.0084985489799911263 1161
0.0032029536693283628 0.0086089425065744123 1161
0.0033797545680119036 0.0084984790429181063 1162
0.003370888011017092 0.0083053715260700822 1162
0.003536680695565373 0.008208728536711998 1162
0.0037210934750969544 0.0083178862893599024 1162
0.0037014435396494688 0.0085105233575078921 1162
0.0035550032763091979 0.0085952306292513461 1162
0.0037034462834893175 0.008510598199409667 1163
0.0037230951880139218 0.0083179712378577946 1163
0.0038701160969483168 0.008235996673840484 1163
0.0040380266322019472 0.0083228771301371695 1163
0.0040478458183916422 0.0085409443803808934 1163
0.0039000237985015191 0.0086268930333880771 1163
0.0040498434497050692 0.0085408467704761008 1164
0.0040400259011648069 0.0083228158896118346 1164
0.0042100885681891726 0.0082243311238215031 1164
0.0043734655891851451 0.008319111397813557 1164
0.0043744968459211008 0.0085153358792708755 1164
0.0042115154288432915 0.0086141143340746074 1164
0.0043764966967144991 0.0085153022332216666 1165
0.0043754656387369239 0.0083191155709209288 1165
0.0045453214506166505 0.0082231632242944375 1165
0.0047262832950991001 0.0083477574691520253 1165
0.0047189254548358891 0.0085117543546125145 1165
0.0045517921328892168 0.0086109951485247044 1165
0.004720924702242198 0.0085118159721435643 1166
0.00472828264053565 0.0083478169017138816 1166
0.0049061536826189795 0.0082362639030248881 1166
0.0050663875599608965 0.0083253113421968214 1166
0.0050724476327007103 0.0085339465357583723 1166
0.0048921684668761303 0.0086246409480959414 1166
0.0050744493120366179 0.0085339753115212108 1167
0.0050683878332879228 0.0083252917121157434 1167
0.0052482140566340258 0.0082251360365440864 1167
0.0054137302710643691 0.0083439727750603248 1167
0.0054099491899845904 0.0085162504177857864 1167
0.0052198282241188573 0.0086204442633072264 1167
0.0054119479500386912 0.0085163288584806495 1168
0.0054157287168308046 0.0083440655356644567 1168
0.0056037804480391536 0.0082403960694291366 1168
0.0057558933852144894 0.008341965886523417 1168
0.0057578379877349381 0.0085311458273859882 1168
0.0055630888446081932 0.0086192508680083216 1168
0.0058862865814604814 0.0086179314871421796 1169
0.0057598392399340363 0.0085312573682703435 1169
0.0057578940009682597 0.008342015511058164 1169
0.0059465115431714989 0.0082383041916238089 1169
0.0061025470653156434 0.008348417601465279 1169
0.0060868672070603837 0.0085283411278551831 1169
0.0064345081434211927 0.0085467685860229192 1170
0.0062340544990602707 0.0086448519300406108 1170
0.0060888550104418425 0.0085285680643485458 1170
0.0061045398251826592 0.0083485876631868502 1170
0.0062696903381205477 0.0082696066957085729 1170
0.0064216678787195171 0.0083552886506897718 1170
0.0064365146036425951 0.0085467979410174897 1171
0.0064236676214333883 0.0083552178311211596 1171
0.0065998070967191527 0.008246714189651989 1171
0.0067608204677273272 0.0083423746407271186 1171
0.0067478201290874906 0.0085397927013068555 1171
0.0065604024292853988 0.0086251312280426345 1171
0.0070971585097849618 0.008518939260396154 1172
0.0069079078378041277 0.008650846368746485 1172
0.0067498134850560955 0.0085399593755540199 1172
0.0067628187900388983 0.0083424658980314134 1172
0.0069232594800720474 0.0082621535079967293 1172
0.007079778389832544 0.0083504843754709842 1172
0.0070817768480742537 0.0083503665315277434 1173
0.0072650025305707518 0.008228820494104153 1173
0.0074448863149197356 0.0083472214575036376 1173
0.0074389498603383876 0.0085126667328909861 1173
0.0072552328021891471 0.0086089890953365382 1173
0.0070991560243163178 0.0085188122696450014 1173
0.0074409465858781961 0.008512793860187046 1174
0.0074468864079540896 0.0083472547348333592 1174
0.0076143294659523856 0.0082399769564407681 1174
0.0077803856940797536 0.0083182908969316148 1174
0.0077889338687732101 0.0085489140593293551 1174
0.0075816902793085766 0.0086174873815059398 1174
0.0077909417762275397 0.00854909034352078 1175
0.0077823837606401536 0.0083182016813924259 1175
0.0079345211409907503 0.0082276181839502915 1175
0.0081226711757280898 0.0083358629873691494 1175
0.0080913606525711453 0.0085485882534938277 1175
0.0078778201402438259 0.008609255053837573 1175
0.0084376150690807557 0.0085624675931791489 1176
0.0082177370672339902 0.0086567239354788262 1176
0.0080933250427059501 0.0085489765876586802 1176
0.0081246716074039344 0.0083360064534948857 1176
0.0082584614668879917 0.0082716487561750283 1176
0.008429293761778478 0.0083633641523612086 1176
0.0087729153843758012 0.0085495508918193332 1177
0.0085666592783754519 0.0086528850355298524 1177
0.0084396216685015835 0.0085625837214862166 1177
0.0084312928779813074 0.0083633012301419733 1177
0.0086062309846868471 0.0082571462101623614 1177
0.0087549292238764953 0.0083264818097807305 1177
0.0087569269238743763 0.0083263727847265948 1178
0.0089278856108865618 0.0082281575692859377 1178
0.0090976982760085767 0.008326826771285184 1178
0.0090882447863262442 0.0085452793356004288 1178
0.008911672067493142 0.0086275820668769015 1178
0.0087749206812020551 0.0085495360846240924 1178
0.009090242324096864 0.0085453794876944721 1179
0.00909969705891105 0.0083268981506978354 1179
0.0092623216165295154 0.0082458922951229672 1179
0.0094278200347258836 0.0083422226674379624 1179
0.0094331361149099478 0.0085318527168725938 1179
0.0092454662650704022 0.008639017746492202 1179
0.0094351369056235122 0.0085318528939903222 1180
0.009429820104751744 0.0083421971368836459 1180
0.0095998971936716044 0.0082409018863176808 1180
0.0097770883853925128 0.0083358024614102744 1180
0.0097691066951113049 0.0085307071871250292 1180
0.0095909934535421491 0.0086268958860240517 1180
0.0097711049418690143 0.0085307909341096281 1181
0.0097790899934035013 0.0083358041300223579 1181
0.009921403252044261 0.0082525711078380356 1181
0.010099567747076144 0.0083276112292111713 1181
0.01011549645412743 0.0085351986507334991 1181
0.0099477374624926708 0.0086464941280464721 1181
0.010117490513994864 0.0085350446173350931 1182
0.010101559520476897 0.0083274273979314344 1182
0.010258771472222837 0.0082204566422066049 1182
0.010445200883837782 0.0083333585270661103 1182
0.010421926620304965 0.0085626471425782995 1182
0.010312052925518535 0.0086245275313671082 1182
0.010423938757689623 0.0085626288162580517 1183
0.010447198212049145 0.0083334860947216968 1183
0.010602086292314274 0.0082581492085754653 1183
0.010756798335634173 0.0083359482904153681 1183
0.010770186779223027 0.0085429881409341997 1183
0.010623549364051497 0.008646521295437179 1183
0.010772179564756141 0.0085428119773417067 1184
0.010758796935875583 0.0083358620458884626 1184
0.010925945308032049 0.0082375525265063233 1184
0.011102585828323202 0.0083465768862224406 1184
0.011089895383396277 0.0085546024165765646 1184
0.01096697012481279 0.0086286787674807013 1184
0.011429759717633435 0.0085501798210270603 1185
0.01129053166472784 0.0086460904048604442 1185
0.011091901335069178 0.0085545658026071961 1185
0.011104584566788901 0.0083466585132810321 1185
0.011280860698692783 0.0082523160744172527 1185
0.011427616731593699 0.0083361133674271799 1185
0.011792223099910936 0.0085116938177905738 1186
0.011625422536206973 0.0086380843951086583 1186
0.011431758566194055 0.0085500547912311566 1186
0.011429617275371009 0.0083361576756567565 1186
0.011591433966395667 0.0082590389047551456 1186
0.011791744211699024 0.0083966609575245755 1186
0.012172364053688422 0.0085298720764388457 1187
0.011972849935996602 0.0086364019601841892 1187
0.011794223002582597 0.0085116662756905565 1187
0.011793743938015952 0.0083965910535775869 1187
0.011957434840290153 0.0082560669998799976 1187
0.012148179502121652 0.0083359694009124408 1187
0.012150160996557094 0.0083356967863508474 1188
0.012300419162720438 0.0082134098117793361 1188
0.012511495060465614 0.0083331833547803571 1188
0.012489941370861023 0.0085156355487412353 1188
0.012288175977470115 0.0085968236092759023 1188
0.012174372851278526 0.0085298183683442542 1188
0.012491921311525041 0.0085159230752698701 1189
0.012513502784670014 0.0083332356933671255 1189
0.012643106107857696 0.0082524261966319661 1189
0.012817062620012833 0.0083301976780378838 1189
0.01283478875980178 0.0085619101543391862 1189
0.012625546983615558 0.0086281053780654249 1189
0.01291956330246612 0.0086146502841644643 1190
0.012836805226392013 0.0085620490132574927 1190
0.012819057767187361 0.008330057853911603 1190
0.012980846065150525 0.0082298883233742348 1190
0.013147791563130775 0.0083333070368094408 1190
0.013102934685751385 0.0085479265379443409 1190
0.013286713456741978 0.0086815018446993481 1191
0.01310491027308327 0.0085482501138377607 1191
0.013149775560352999 0.0083335903752504593 1191
0.013302075743495029 0.0082821761365769811 1191
0.013444459679160551 0.008573108387636379 1191
0.013599 0.0082007398586493915 1192
0.013599 0.0085784293762894582 1192
0.013446372914998044 0.0085724679435430374 1192
0.013303748689223965 0.0082810447091303391 1192
0.013353100456417135 0.0082121699286304799 1192
9.9999999999999995e-07 0.0088949044700695878 1193
9.9999999999999995e-07 0.0085311788972733654 1193
0.00025431615204791786 0.0086010090790065302 1193
0.00023631767116958342 0.0088459903826770946 1193
0.00023829816527244768 0.0088463292516772953 1194
0.00025633413168169321 0.0086008377241554267 1194
0.00035795363118474872 0.0085362538034602642 1194
0.00055441998621361349 0.0086572667550869273 1194
0.00054304609789926155 0.0088251487269960637 1194
0.00035540575840010247 0.008930096162764245 1194
0.00054504321046536133 0.0088252590181279941 1195
0.00055642096757167216 0.0086573199416997114 1195
0.0007126801352934618 0.0085633090261268644 1195
0.00087212612514810431 0.0086427871021734267 1195
0.00088635250496759787 0.0088434616962579631 1195
0.00072056663939556022 0.0089471720675534955 1195
0.00088834943712009747 0.008843347617857612 1196
0.0008741236769738499 0.0086426817647654221 1196
0.0010449769166052528 0.0085378739769467384 1196
0.0011927680724167268 0.0086111379319142155 1196
0.0012203817703012026 0.0088090655929148973 1196
0.0010509850671438046 0.0089235670750539842 1196
0.0012223729399569222 0.0088088634576120126 1197
0.0011947643022468132 0.008610972066598813 1197
0.0013846118165762636 0.0084889936720737077 1197
0.0015416789747991341 0.0085918162742892844 1197
0.0015275273226491384 0.0088053577549837177 1197
0.0013833568476304937 0.0088824436392863533 1197
0.0015295288573164932 0.0088054007962119624 1198
0.0015436732727596833 0.0085919685138690846 1198
0.0017200795321114844 0.0085136823244217029 1198
0.0018725452593506176 0.0086099282911504104 1198
0.0018552946970168144 0.00882155437883567 1198
0.0017119690241031199 0.0089031485026332402 1198
0.0018572976611359337 0.008821599395064772 1199
0.0018745393170849377 0.0086100825689406184 1199
0.0020372492262354745 0.008538875347459951 1199
0.0021992970009412885 0.0086474092810363695 1199
0.0021927795529827227 0.0088464661382095834 1199
0.0020488682783656263 0.0089274781035564091 1199
0.0021947804201682291 0.0088464723853717252 1200
0.0022012947980682134 0.008647509294380672 1200
0.0023836174814834484 0.0085543023579884511 1200
0.002532726333578178 0.0086520200748099671 1200
0.0025337235252834442 0.0088450618578589865 1200
0.0023625471073595822 0.0089360629715607032 1200
0.0025357237296332051 0.0088450962513512196 1201
0.002534726661538359 0.0086520783974782679 1201
0.0027209913753124871 0.0085534604182811915 1201
0.0028698925555430905 0.0086419379383065424 1201
0.0028782659451651593 0.008826258941540507 1201
0.0026859267961116887 0.0089361782852884833 1201
0.0028802679924337165 0.0088262586025858788 1202
0.002871893413498305 0.0086419114193413745 1202
0.0030536437596431821 0.0085354240833825056 1202
0.0032020729514145641 0.0086107383563233855 1202
0.0032241535321661388 0.0088106067487754743 1202
0.0030341892502365464 0.0089239492210546889 1202
0.0032261540121497493 0.0088105009529203093 1203
0.0032040701500315278 0.008610602858284017 1203
0.0033788154640759819 0.0085002451325930581 1203
0.0035539899701351094 0.0085969557532363256 1203
0.0035459897606383278 0.0087897791220015852 1203
0.0033679438517863806 0.0088858419436781324 1203
0.0035479880071156342 0.008789862857907756 1204
0.0035559911114254631 0.0085969697175191356 1204
0.0037023808504319444 0.0085122916711975315 1204
0.0038989587096085639 0.0086285867087828698 1204
0.0038792595794208051 0.0088187579496302338 1204
0.0037169688404400207 0.0089003229458045237 1204
0.0040557418402197773 0.0089355419283918911 1205
0.003881254620061681 0.0088189091361167236 1205
0.0039009616943688217 0.0086286612044192725 1205
0.004048928931432997 0.0085426281173033389 1205
0.0042106399123220768 0.0086159133559700687 1205
0.0042303501170609043 0.0088318494985291304 1205
0.0042126355185389498 0.0086157741310606498 1206
0.0043755258765546742 0.0085170508645943978 1206
0.0045508105306477772 0.0086127378940121842 1206
0.0045500062864365183 0.0088116676084273263 1206
0.0043911112468980537 0.0089088874589423987 1206
0.0042323479139665127 0.0088317342738207048 1206
0.0045520064699074913 0.0088116262697429133 1207
0.004552810633938642 0.0086127163878685058 1207
0.0047198726834897361 0.0085135179142371495 1207
0.0048910703400324058 0.0086263125115985193 1207
0.0048794418801035048 0.0088320478360021919 1207
0.0047389307614100224 0.0089097428004217914 1207
0.0048814439549640905 0.0088320676031311881 1208
0.0048930670196353073 0.0086264277337660036 1208
0.0050734255226106842 0.0085356934086840228 1208
0.0052188368516066222 0.0086221816415095499 1208
0.0052287455180941465 0.0088141179168606219 1208
0.0050560325519459779 0.0089231307216285777 1208
0.0052307447143606885 0.008814050757683661 1209
0.0052208389652070265 0.0086221709926809897 1209
0.0054108797153229454 0.0085180211085785669 1209
0.0055619695834827239 0.0086209083707888944 1209
0.0055539959418875991 0.0088316592693430812 1209
0.0053974266152204695 0.0089082367704002713 1209
0.005555994983849611 0.0088317224121016152 1210
0.0055639656812153061 0.0086210493323195317 1210
0.0057587437501498617 0.0085329312055832784 1210
0.0058851979230861839 0.0086196100070876237 1210
0.0058906256168341454 0.0088110337786768463 1210
0.0057130087512382716 0.0089200109558228227 1210
0.0058926253956036439 0.0088109976276865808 1211
0.0058872016528675759 0.0086197132002890729 1211
0.0060876632903288782 0.0085301759876609609 1211
0.0062328936786557772 0.0086464845995665555 1211
0.0062224053683012171 0.008812888245657402 1211
0.0060640237978752294 0.0089102043304279399 1211
0.0062244062962053216 0.0088129364907298269 1212
0.0062348858527796732 0.0086466717288724224 1212
0.0064354885675209951 0.0085485154436944436 1212
0.0065593442230394046 0.0086268283898057446 1212
0.0065665993895375335 0.0088314084623578679 1212
0.0064156895228948052 0.0089324044354607383 1212
0.0065685960740701904 0.0088312795207606092 1213
0.0065613479584032538 0.0086268982664654027 1213
0.0067486726311890705 0.0085416020985277716 1213
0.0069069270403623725 0.0086526013549063103 1213
0.006912492347403312 0.0087888824194657812 1213
0.006752490554647465 0.008916153263082956 1213
0.0069144892551281896 0.0087887658770725279 1214
0.0069089275694367049 0.0086525734907036932 1214
0.0070982639238918403 0.0085206066619449572 1214
0.0072542099309648696 0.0086107079319018114 1214
0.0072544018361911412 0.0088152313391660492 1214
0.0071044393480196128 0.0089014718827232532 1214
0.0072564018058119501 0.0088151980241727781 1215
0.0072562099572378155 0.0086107349940464338 1215
0.0074398359681733554 0.0085144603674116217 1215
0.0075804588919432562 0.0086190640530816424 1215
0.0075578277748607793 0.0088436860670744934 1215
0.0074384253657747458 0.008908479792327003 1215
0.0075598366776569144 0.0088436982012128421 1216
0.0075824406365986733 0.008619345741579236 1216
0.0077898016690963858 0.0085507335595326524 1216
0.0078766531568425727 0.0086108796575859303 1216
0.007883175112318069 0.008852194564480444 1216
0.0077551416146157612 0.0089321734752668084 1216
0.0078851720633844862 0.0088520547309364327 1217
0.0078786597253881381 0.0086110956745370053 1217
0.0080920095150653886 0.0085504830584452601 1217
0.0082165316234616217 0.0086583257446772744 1217
0.0082074231392806549 0.0088334699343968048 1217
0.0080650042105937687 0.0089238355064091123 1217
0.0082094251842719148 0.0088334825824157876 1218
0.0082185219622615165 0.0086585634873838756 1218
0.0084385211145701234 0.0085642552108329082 1218
0.0085655796001882153 0.0086545713638453894 1218
0.0085689066950090081 0.0088291753504318952 1218
0.0083960326754535259 0.008942944340673338 1218
0.0087481658347773952 0.0089418404522480528 1219
0.0085709066077266534 0.0088291517165436876 1219
0.0085675816501336686 0.008654659890420191 1219
0.0087739356452763533 0.0085512767043278599 1219
0.0089106277259405273 0.0086292888400067418 1219
0.0089114307685972029 0.0088563617481201718 1219
0.0089126279304017914 0.0086293431181510196 1220
0.0090891572193497455 0.008547060630081935 1220
0.0092444773786072385 0.0086407569321977108 1220
0.0092529502143324643 0.0088295994525056688 1220
0.0090752298595638131 0.0089430674307447739 1220
0.0089134307962668805 0.0088563660356701622 1220
0.0092549490925765022 0.008829529606168729 1221
0.0092464787517896382 0.0086407426930344578 1221
0.0094341358238344344 0.0085335849599132152 1221
0.0095899707458406581 0.0086286147642339588 1221
0.0095926552246403049 0.0088281693324079712 1221
0.0094276626082411517 0.0089258045290867873 1221
0.0095946549278456174 0.0088281338180046225 1222
0.0095919712774652707 0.0086286408315634586 1222
0.009770033255262307 0.0085324798172739438 1222
0.0099467335714074658 0.0086482274206906764 1222
0.0099445985205902435 0.0088049865963716143 1222
0.009761287332709933 0.0089179964720003425 1222
0.0099465980065407064 0.0088050379580999552 1223
0.0099487336764803209 0.0086482333253673303 1223
0.010116626885816472 0.0085368488047011838 1223
0.010311029753934017 0.0086262583417186841 1223
0.010287915784819567 0.0088473836802077481 1223
0.010112075536663108 0.0089224606356429845 1223
0.010289904010083157 0.0088476005708869217 1224
0.010313039730372748 0.0086262671445553312 1224
0.010422933161294655 0.0085643756404605465 1224
0.010622727120217456 0.0086483451791766423 1224
0.010641219736661834 0.0088694179280591999 1224
0.010447443220571959 0.0089613301799305479 1224
0.010624717352610771 0.008648144907219036 1225
0.010771335289678748 0.008544625505205506 1225
0.010966008903286776 0.008630440743482036 1225
0.010955559076532831 0.0088414453157098401 1225
0.010766441073217656 0.0089371695144292353 1225
0.010643225796713292 0.0088694068702078865 1225
0.010957556620428105 0.0088415444036121001 1226
0.01096801412941294 0.0086303847105501149 1226
0.011090924056277787 0.0085563175987379506 1226
0.011289651619704862 0.008647887004229431 1226
0.011296070453415465 0.0088374573862973881 1226
0.011125066335093099 0.0089483872237044442 1226
0.011298069210571228 0.0088373868306062444 1227
0.011291648124337098 0.0086477499237201088 1227
0.011430866309707648 0.0085518461373749292 1227
0.011624593463607535 0.0086399044613728587 1227
0.011637293844426154 0.008829933393601495 1227
0.01147234427033224 0.0089333670165388755 1227
0.011639291593372202 0.0088298329528325638 1228
0.011626585114667147 0.0086397127812257273 1228
0.01179324919007039 0.0085134256258310587 1228
0.011971765177269968 0.0086380838362745335 1228
0.011966417987825068 0.0088263208552287076 1228
0.011801557651204166 0.0089134771017013118 1228
0.011968417240170596 0.008826375575851652 1229
0.011973763207872709 0.0086381815658880326 1229
0.012173417539633708 0.0085315768153179112 1229
0.0122871312414698 0.0085985294047918569 1229
0.012303237450296585 0.0088325846750805966 1229
0.012126658770258111 0.0089212363238283608 1229
0.012305239483581195 0.0088325454903257182 1230
0.012289140240457855 0.0085985914455718251 1230
0.012490681491810889 0.0085174935772006077 1230
0.012624256560772975 0.0086296333973250785 1230
0.012594659524968728 0.0088377066621039922 1230
0.012447761269150941 0.0089050228185804155 1230
0.012596656056678424 0.0088378725759182229 1231
0.012626226225623613 0.0086299881906985992 1231
0.01283570340546001 0.0085637184952412678 1231
0.01291848746256679 0.008616336279767248 1231
0.012936996719961283 0.008836898468440383 1231
0.012775099217939212 0.0089450941535658777 1231
0.01311549454415956 0.0089179434229276801 1232
0.012938990249383404 0.008836737591664626 1232
0.012920502917380122 0.0086164366729154854 1232
0.013103639475304227 0.0085497983731130257 1232
0.013285631067496632 0.008683188197063629 1232
0.013271031794832897 0.0088025879169117971 1232
0.013599 0.0085804309012989018 1233
0.013599 0.0090083242357593737 1233
0.013520123230732872 0.0090090200081624286 1233
0.013273030959397157 0.0088027165681272487 1233
0.013287632675392248 0.0086832968655658083 1233
0.013446029912709144 0.0085744560712902786 1233
9.9999999999999995e-07 0.0091561176921188467 1234
9.9999999999999995e-07 0.00889694722063584 1234
0.00023703427403432272 0.0088478841772598148 1234
0.00035434975229226495 0.0089317997883136928 1234
0.0003574980683948083 0.0090983928760345733 1234
0.0002530292056706346 0.0091900804683375751 1234
0.00035949455536455575 0.0090981880875517784 1235
0.00035635122700749551 0.0089318589262899085 1235
0.00054394994598497694 0.0088269347689225071 1235
0.00071950478193041878 0.0089488696326723155 1235
0.00070950672605175262 0.0091094291223187025 1235
0.00058065934173680864 0.0091984510945198293 1235
0.00071151150727017743 0.0091094145502474966 1236
0.00072150397520078543 0.0089489447978559587 1236
0.00088745018072883481 0.0088451341229771642 1236
0.0010501199785658652 0.0089253704333282727 1236
0.0010676180548178276 0.0091129974634573622 1236
0.00090881837247088772 0.0092214080933368126 1236
0.0010696123163496964 0.0091128428734637799 1237
0.0010521144170128685 0.0089252177403467275 1237
0.0012215532214464213 0.0088106878004016141 1237
0.001382395062643716 0.0088842030483985163 1237
0.0013836580492789029 0.0091181737038560882 1237
0.0012436231782641638 0.0091990726788200999 1237
0.0013856576527528871 0.0091180948486477339 1238
0.0013843948409426854 0.0088841565798482847 1238
0.0015284879402470523 0.0088071120672298161 1238
0.0017109601388176866 0.0089048769356252066 1238
0.0017029516003923904 0.0091107932173008187 1238
0.0015606573274184333 0.0091950482927408463 1238
0.0018827747989413983 0.0092045524593017316 1239
0.0017049534108800688 0.0091107855433838515 1239
0.0017129613383279508 0.008904884971216092 1239
0.0018562557168283044 0.0088233086630699984 1239
0.0020478175989991263 0.008929182543802738 1239
0.0020294572369165538 0.0091305552799475307 1239
0.0020498209351202984 0.0089292369412037262 1240
0.0021937732713054364 0.0088482018610708188 1240
0.0023615521354870064 0.0089377989500030418 1240
0.0023637866577523583 0.0091572879458244934 1240
0.0022036285039089415 0.0092377185274332106 1240
0.0020314546356729078 0.0091306747971644335 1240
0.0023657868239754889 0.0091572940930155517 1241
0.0023635521857596421 0.008937793707798701 1241
0.0025346941536577789 0.0088468109084813267 1241
0.0026849477574875822 0.0089379235878964489 1241
0.0026974250620420393 0.0091293807200529733 1241
0.0025188450393303736 0.0092376912254794972 1241
0.0026994244619577223 0.009129306410925497 1242
0.0026869502639471562 0.0089378969469156959 1242
0.0028792655958026522 0.008827991214389274 1242
0.0030331929016280518 0.0089256856714121213 1242
0.0030396977298517034 0.0091040640644732499 1242
0.0028526176130801223 0.0092127463360340174 1242
0.0030416991572462795 0.0091040667528011817 1243
0.0030351939764707305 0.0089256786918996862 1243
0.0032252465185149412 0.0088122835590913797 1243
0.0033669912158083011 0.0088876005631596377 1243
0.0033835820685762484 0.009110197783599493 1243
0.0031951764257135795 0.0092020731676932463 1243
0.0033855864879168904 0.009110182647454312 1244
0.0033689928817274631 0.0088875484847320656 1244
0.0035469163468571339 0.0087915517262946823 1244
0.0037158501829548289 0.0089019810928505187 1244
0.0036975080187054399 0.0090924832509005696 1244
0.003509408463633421 0.0091778165325650876 1244
0.0036994975269013099 0.0090926882801469627 1245
0.0037178460116161767 0.0089021204775907806 1245
0.0038801264210443333 0.008820560672901389 1245
0.0040546935533461517 0.0089372468809880493 1245
0.0040494726241337882 0.0091050124472790706 1245
0.0038550570045473962 0.0092080459185694911 1245
0.0040514698575138198 0.0091051324607007347 1246
0.0040566927658681161 0.0089373032980931306 1246
0.0042314507717050509 0.0088335219505474415 1246
0.0043902015391067938 0.0089106690292802826 1246
0.0044020400445903881 0.0091174086141909173 1246
0.0042009608847272117 0.0092160195759484996 1246
0.0044040456405945042 0.0091174491229678717 1247
0.0043921989506274422 0.0089105666098204528 1247
0.0045510417990133525 0.0088133786924359837 1247
0.0047378961369593095 0.0089114585045042185 1247
0.0047216247443161337 0.009125484497305391 1247
0.0045387028250818686 0.0092042180809720885 1247
0.004723617051393271 0.0091256616020483922 1248
0.0047398993140117225 0.0089114926308739937 1248
0.0048804229298114689 0.0088337907562380663 1248
0.0050551218534928147 0.0089249114196924585 1248
0.0050695782056316124 0.0091296134066796292 1248
0.004872585437259231 0.0092267171047995446 1248
0.0050715835247399184 0.0091296181916486092 1249
0.0050571196467402262 0.0089248096384499653 1249
0.0052298027346042815 0.008815815692228798 1249
0.0053963541111005913 0.0089099279502708219 1249
0.0053825935762485391 0.009120051612348341 1249
0.0051962308660594373 0.0092029774377064711 1249
0.0053845874157784331 0.0091202111005883255 1250
0.0053983530172283366 0.008910010071453001 1250
0.0055549402293547847 0.0088334238226812408 1250
0.0057120794676119883 0.00892178291843395 1250
0.0057273167582205147 0.0091002900301131416 1250
0.0055452560127049084 0.0092283177872632544 1250
0.0057293124202506904 0.0091001540055077393 1251
0.0057140796900703268 0.0089217003199185269 1251
0.0058916565299160029 0.0088127477006502922 1251
0.0060630302623982842 0.0089119401243294063 1251
0.0060602634494101625 0.0090933163554092963 1251
0.0058972214998947864 0.009190742882232995 1251
0.0062363517336517949 0.0091999034534983905 1252
0.0060622634159119889 0.0090933338050193813 1252
0.0060650306025530143 0.0089119330794196119 1252
0.0062233664623595119 0.0088146450811146249 1252
0.0064146855790003787 0.0089341354412909579 1252
0.0064080332943028994 0.0090983847505011657 1252
0.0064166868916056821 0.0089341435167451105 1253
0.006567708630661675 0.008833072673367073 1253
0.0067516950571941646 0.008917988851967474 1253
0.0067708962795139833 0.0091028367500194593 1253
0.0065780185844303649 0.0092112458842922105 1253
0.0064100322803521898 0.0090984502701621194 1253
0.0067729010368116618 0.0091027789508752316 1254
0.006753682148435915 0.0089177609837906152 1254
0.006913595036632322 0.0087905608578703297 1254
0.0071033941315815719 0.0089031772695931689 1254
0.0070908213636408412 0.0090983338352840469 1254
0.0069074525314682719 0.009181365299289446 1254
0.0070928155942755356 0.0090984877456164841 1255
0.0071053949134670712 0.0089032294903363361 1255
0.0072554298729831908 0.0088169472699022953 1255
0.0074373821873516856 0.0089101925267663848 1255
0.0074193719713531846 0.0091100374355996844 1255
0.0072394636509428784 0.0091970155969039874 1255
0.0074213643135776974 0.0091102123465050949 1256
0.0074393865837593222 0.0089102336820784545 1256
0.0075588098021782272 0.0088454286646400745 1256
0.0077542022379415891 0.0089339435766101604 1256
0.0077495214727387341 0.0091397870645617742 1256
0.0075905995460298636 0.0092318240756058337 1256
0.007751522219288964 0.0091397769704238199 1257
0.0077562044807986622 0.0089338676801926989 1257
0.0078842901789135562 0.0088538561612825518 1257
0.0080641342669357744 0.0089256417029821029 1257
0.0080727433685877092 0.0091472879690646745 1257
0.0079303662503224931 0.0092346878440834421 1257
0.0080747400834435268 0.0091471645641526371 1258
0.0080661298783749422 0.0089254898899746981 1258
0.0082084154134008241 0.0088352089569537842 1258
0.0083950722809405954 0.0089446996788019508 1258
0.0083979157957058802 0.0091198104925377509 1258
0.0082487012754537056 0.0092219512565071896 1258
0.0083999146064735533 0.0091197210193075424 1259
0.0083970718145962939 0.0089446547228404748 1259
0.0085699264111364741 0.008830898514952586 1259
0.0087470682249511499 0.0089435126077210235 1259
0.0087299190187204133 0.0091395655950708941 1259
0.008591862330369909 0.0092200063616581958 1259
0.0087319222618620976 0.009139615824476496 1260
0.0087490658765738572 0.0089436267604350427 1260
0.0089124274765484471 0.0088580974459436836 1260
0.0090743225666210028 0.0089448502977773243 1260
0.0090901154970001747 0.0091347409179549158 1260
0.008927483366672484 0.0092504906884651149 1260
0.0090921088464946242 0.0091345779285407543 1261
0.0090763206223411063 0.0089447438949551792 1261
0.0092540098545507814 0.0088312957873372452 1261
0.0094266786873968677 0.0089275458029115067 1261
0.00942707651865669 0.0091225770051071072 1261
0.0092734027842664539 0.0092236805499079887 1261
0.0094290763753572503 0.0091225047147321121 1262
0.0094286786536494395 0.0089275272188771328 1262
0.0095936857554923798 0.0088298834503653233 1262
0.0097603555668096913 0.0089197662771668407 1262
0.0097719496105178067 0.0091148422883713682 1262
0.0096203661137577914 0.0092209450605040127 1262
0.0097739435543379456 0.0091146810088182147 1263
0.0097623544510715542 0.0089196881231986876 1263
0.009945552166873128 0.0088067482021954961 1263
0.010110893649019971 0.0089240743402412732 1263
0.010086950631758344 0.0091366980251400085 1263
0.0099651129335650117 0.0092019147273720188 1263
0.010088955942761184 0.0091367631140319532 1264
0.010112881889432455 0.008924291022885349 1264
0.010288722138188927 0.0088492140671939321 1264
0.0104462941042662 0.0089629673229237334 1264
0.010431092397436033 0.0091460368355853645 1264
0.010272111715113649 0.009232555124927426 1264
0.010621578122788399 0.0092751463926259489 1265
0.010433089015561902 0.0091461604577056342 1265
0.010448286329065973 0.0089631438525284504 1265
0.010642240338704579 0.0088711474117569925 1265
0.010765489739223869 0.008938928822591936 1265
0.010789816388144604 0.0091424661651127205 1265
0.010791800412265327 0.0091422134018473399 1266
0.01076749769584256 0.0089388762988684648 1266
0.010956472035030321 0.0088432248173586428 1266
0.011124075350360521 0.0089501273388184754 1266
0.011125442007977776 0.0091182856314721405 1266
0.010975767160785493 0.0092213855856042061 1266
0.01112607532949925 0.0089501166449003841 1267
0.011297130990995026 0.0088391533715977307 1267
0.011471381562952462 0.0089351200711259172 1267
0.011472810322697048 0.0091255726867579771 1267
0.011305065589808767 0.0092177658887388717 1267
0.011127441537171304 0.0091182195747363474 1267
0.011474810541164442 0.0091255943064881828 1268
0.01147338129925546 0.0089350774186992485 1268
0.011638379878804058 0.0088316130662995443 1268
0.011800566211022408 0.0089152161185817192 1268
0.011801541447569163 0.0091340487336613874 1268
0.011629969605736203 0.0092191144424689665 1268
0.011803541624043018 0.0091340838759816651 1269
0.011802566186734188 0.0089152062120469149 1269
0.011967370199642561 0.0088280797420716324 1269
0.012125613606696986 0.0089229416152301101 1269
0.012124707305351879 0.0091262564929450382 1269
0.011955511413470152 0.0092203062824520402 1269
0.012126707295384875 0.0091262631864921333 1270
0.012127613388767177 0.0089229949620591633 1270
0.012304277876576774 0.0088343002333632226 1270
0.012446728243373959 0.0089067412426663863 1270
0.012442726441698391 0.0091440940142865166 1270
0.012295029334109959 0.0092210668887496242 1270
0.01244472685522445 0.0091440863463897806 1271
0.012448727876449366 0.0089067798644511583 1271
0.012595509721084166 0.0088395170534237028 1271
0.01277413841436871 0.0089468501121511071 1271
0.012777431100830638 0.0091193598934301272 1271
0.01261186453259215 0.0092256741149331599 1271
0.012779430595891149 0.0091193143535227162 1272
0.01277613792710766 0.0089468054984488937 1272
0.012938132909273399 0.0088385446675935484 1272
0.013114661939229642 0.0089197618789811622 1272
0.013129151503624868 0.0091108680271998928 1272
0.012954321429643121 0.0092197859528386286 1272
0.013284318670578011 0.0091923099271042311 1273
0.013131149984316475 0.0091107722778918637 1273
0.013116653430957602 0.00891957395064784 1273
0.013271935693435774 0.0088044075587647742 1273
0.01351817225092916 0.0090099965421785288 1273
9.9999999999999995e-07 0.0095013294783750056 1274
9.9999999999999995e-07 0.0091581357699477804 1274
0.00025248097108688698 0.0091920246675521889 1274
0.00030084356733185946 0.0094838994855354786 1274
0.00030280853817000694 0.0094835235053957277 1275
0.0002544241578711613 0.0091915172176971465 1275
0.00035868138692617623 0.0091000153666865192 1275
0.00057973312347375848 0.0092002271235638831 1275
0.00057105194384998649 0.0093964985181437012 1275
0.00057304096776036482 0.0093967908836665257 1276
0.0005817391091325891 0.0092001360036426186 1276
0.00071052674517969915 0.0091111553121292314 1276
0.00090786649062548404 0.0092231675184066726 1276
0.00090766170520647084 0.0094126777422703263 1276
0.00068371409192969886 0.0094908952282565309 1276
0.00090966146448038252 0.0094129015929081579 1277
0.00090986654947715036 0.0092231141371613822 1277
0.0010687488672661992 0.009114647093061215 1277
0.0012426453604783443 0.0092008202238465838 1277
0.0012380693843082786 0.0094050544429476121 1277
0.0010123916643222342 0.009493412411273626 1277
0.0012400651839909133 0.0094052643135444265 1278
0.0012446465115997711 0.0092007912499035404 1278
0.0013847225641357881 0.0091198684841306051 1278
0.0015597382530880188 0.009196828970262607 1278
0.0015642953758555813 0.0094183357363901692 1278
0.0013660662618737551 0.0095039308189146451 1278
0.001566297641245621 0.0094184252784447389 1279
0.0015617367117418484 0.0091967334793763462 1279
0.0017039579496220094 0.0091125216493685417 1279
0.0018817267629450327 0.0092062608421248811 1279
0.001867843564477734 0.0094312609522083663 1279
0.0016924769443479603 0.0094971003080877511 1279
0.0018698361296106351 0.009431443090937644 1280
0.0018837274115380762 0.0092063119750613598 1280
0.0020303517225473242 0.0091323441191325187 1280
0.0022025279824147352 0.0092393893363234784 1280
0.0021863529192812838 0.0094289924539604948 1280
0.0019999600366082666 0.0095144578563615811 1280
0.0021883435372324041 0.0094291875852295388 1281
0.0022045252767618727 0.0092395062072797764 1281
0.0023647826941080152 0.0091590257760626251 1281
0.0025179278191873157 0.0092394685597358851 1281
0.0025333219016856257 0.0094305753329344006 1281
0.0023469357606682555 0.009546818917930933 1281
0.0025353217284417224 0.0094304927602193271 1282
0.0025199267038265821 0.0092393742912989379 1282
0.0026984891910699338 0.0091310744213030023 1282
0.0028516760372276624 0.0092145109122777121 1282
0.0028673925662446144 0.0094286007591648738 1282
0.0026962598088549534 0.0095215904268316706 1282
0.0028693929025560999 0.0094285320281217149 1283
0.0028536765198246584 0.0092144441739291493 1283
0.0030406943359152856 0.009105798095308832 1283
0.0031940987663220247 0.0092037579977938492 1283
0.0031897307651417828 0.0094041673592541401 1283
0.0030135837968115488 0.0095008894647549743 1283
0.0031917304435400222 0.0094042039075525989 1284
0.0031960972522469943 0.0092038492582585084 1284
0.0033846036798461931 0.0091119247268237353 1284
0.0035084105526097136 0.0091795503624183573 1284
0.0035258132755574133 0.0094116391842592947 1284
0.0033636927055444989 0.0095061677173030115 1284
0.0035278095410950891 0.0094115145022314207 1285
0.0035104165443081217 0.0091795553918840259 1285
0.0036983250958561036 0.0090943087609163149 1285
0.0038539469129136804 0.0092097126281344074 1285
0.003846997169117683 0.0093775037389561833 1285
0.0036821950742387121 0.009479432948559692 1285
0.0038489973763599088 0.0093775401366781412 1286
0.003855943365238024 0.0092098396827008551 1286
0.0040503649643855184 0.009106803042452415 1286
0.004199838761220139 0.0092176773768194008 1286
0.0041942837011902942 0.009398660649958172 1286
0.0040257871471079806 0.0094897773655829576 1286
0.0043560723944984217 0.0095020506996318505 1287
0.0041962824167730856 0.0093987331826862735 1287
0.0042018353785033494 0.0092178182719277225 1287
0.0044030095184101571 0.0091191607311340208 1287
0.0045375896317051342 0.0092058800268266343 1287
0.0045303802142246663 0.009411589939897139 1287
0.0045395861191683323 0.0092060152875645413 1288
0.0047224680488882186 0.0091272989162570276 1288
0.004871497573680438 0.0092283958937472294 1288
0.0048686584407919902 0.00941616545305244 1288
0.0047062625122422314 0.0095226535829489936 1288
0.0045323785365142177 0.0094116728466174943 1288
0.0048706593410646638 0.0094161210318478121 1289
0.004873496259723992 0.0092284979133195576 1289
0.0050705810388851141 0.0091313488602968833 1289
0.0051951980353515887 0.0092046902473653935 1289
0.0052073668347131664 0.0094266784711153889 1289
0.0050682908966194953 0.0095234972771410971 1289
0.0052093589911731339 0.0094264806098439922 1290
0.0051972034222698641 0.0092047337415352287 1290
0.0053834528794887539 0.0091218583103574603 1290
0.0055442947401608544 0.0092300815784292431 1290
0.0055510620696780297 0.0093656037156825793 1290
0.0053925897238051345 0.00949726527087685 1290
0.005553057867437562 0.0093654696577224784 1291
0.0055462947724031 0.0092300323199673781 1291
0.0057284314071793657 0.0091019511963883488 1291
0.0058962537132943981 0.0091924932577981695 1291
0.0058986303522838429 0.0093946690369679457 1291
0.005741072734694333 0.009477982057006706 1291
0.0059006305948189905 0.0093946779140289399 1292
0.0058982534149678387 0.0091924561248686743 1292
0.0060612485843770398 0.0090950575517297957 1292
0.0062353277331862259 0.0092016215873697276 1292
0.0062305403302780277 0.0093809004695777458 1292
0.0060494300621259395 0.0094780598532217559 1292
0.0062325386883367835 0.0093809886559728002 1293
0.0062373276915121999 0.0092016498468850544 1293
0.0064089765977103554 0.0091001504531118237 1293
0.0065769654517239236 0.0092129477794144054 1293
0.0065746561312922938 0.0093996775490309062 1293
0.0063894874951851673 0.0094880531946588669 1293
0.0065766549813065494 0.0093997829026475997 1294
0.0065789648563643827 0.0092130082864079615 1294
0.0067719492418532685 0.0091045391855617587 1294
0.0069064072024157394 0.0091830709043122186 1294
0.0069113325304572043 0.0094015738540855244 1294
0.0067252657384543335 0.0094993941403555219 1294
0.0069133331356688614 0.0094015781647864404 1295
0.0069084089904425791 0.0091831276883924968 1295
0.0070916855630227347 0.0091001380005653956 1295
0.0072383764980458402 0.0091986946603646244 1295
0.0072362200633931803 0.0093979341425991358 1295
0.0070682110592477252 0.0094885996499314354 1295
0.0072382199092448918 0.0093979592078360357 1296
0.007240375515996207 0.0091987962178963992 1296
0.007420216708695037 0.0091118505100378482 1296
0.0075894940016359193 0.0092334924636295838 1296
0.0075760627860144963 0.0093828137308561467 1296
0.0073950089914499662 0.0094880619403525622 1296
0.0075780568041425448 0.0093829700014353753 1297
0.0075914906783533459 0.0092336191773953382 1297
0.0077505296268361454 0.0091415143951222126 1297
0.0079293866892460266 0.0092364321844127777 1297
0.007924481723064496 0.0094265268390355157 1297
0.0077538735237673486 0.0095222705052532171 1297
0.0079264813355446086 0.0094265676560448663 1298
0.0079313879944432134 0.0092364073992435725 1298
0.0080738466612087154 0.0091489574647151042 1298
0.0082478593085056236 0.0092237662779269293 1298
0.0082627042958015144 0.0094251015706557188 1298
0.0080956828006781729 0.0095295565853933551 1298
0.008264701350110858 0.0094249879869733964 1299
0.008249851559796146 0.0092235875532525099 1299
0.0083989936486661993 0.0091214963702266182 1299
0.0085908457661152179 0.009221731761866173 1299
0.008576917529706185 0.00942237275486499 1299
0.0084316095489529157 0.0095080262734189951 1299
0.0087754313402681507 0.0095314637003832848 1300
0.0085789203525066023 0.0094224014267298272 1300
0.008592849601476547 0.0092217458474459744 1300
0.0087308768806695393 0.0091413222165382512 1300
0.0089265515278813771 0.0092522614542597248 1300
0.0089286678390637642 0.0094215641732602728 1300
0.0089285507390276415 0.0092521858470994683 1301
0.0090912533041483459 0.0091363859462053765 1301
0.0092725003211494086 0.0092254655068805466 1301
0.0092806277638806146 0.0094211141020277295 1301
0.0091246233845555715 0.0095256762177161509 1301
0.0089306668310516306 0.0094214710336536743 1301
0.0092826249456489495 0.0094210047367761715 1302
0.0092744974306378652 0.0092253544016651125 1302
0.0094281393405094751 0.0091242717945453338 1302
0.009619460662177004 0.0092227283935033648 1302
0.0096241440959897121 0.0094053828916378871 1302
0.009463102950982346 0.0095121725361428291 1302
0.0096261428474589215 0.0094053085620513597 1303
0.0096214585823074985 0.009222621641604185 1303
0.0097730860417662661 0.0091164880972284673 1303
0.0099640906671723487 0.0092036466359155557 1303
0.0099440168260533351 0.009433631613055363 1303
0.009807469483389902 0.0095042011988053666 1303
0.0099460194589355636 0.0094336885659198396 1304
0.0099660974322401848 0.00920365624653963 1304
0.010087891003389804 0.0091384631644212053 1304
0.010271110747220043 0.0092342886329381171 1304
0.010267351256376568 0.0094560222642684679 1304
0.010132648567149398 0.0095308274867039605 1304
0.010269352306155576 0.0094559773023892898 1305
0.010273111040884941 0.0092342882664399797 1305
0.010431984703192804 0.0091478282180643446 1305
0.010620633589311536 0.0092769234920870546 1305
0.010623392051929888 0.0093840437200839819 1305
0.010435667625798563 0.0095315561447968499 1305
0.010625392222347643 0.0093840245911469104 1306
0.010622632665165393 0.0092768618576132816 1306
0.010791027528129363 0.0091440581302162285 1306
0.010974909410010102 0.0092231937906490386 1306
0.010984476254746899 0.0094297443321968884 1306
0.010800864600092233 0.0095221594956282282 1306
0.010986478962551761 0.0094297565019775577 1307
0.010976904016643136 0.0092230310541283368 1307
0.011126500677353553 0.0091199849568923737 1307
0.01130405396842174 0.0092194916138029111 1307
0.011301563299166087 0.0094320904632780589 1307
0.011131154548593175 0.0095142130985259449 1307
0.011303562891751891 0.0094321369543332208 1308
0.011306053950687482 0.0092195048425105942 1308
0.011473791755264081 0.0091273154483585764 1308
0.01162891084064754 0.0092208114873964138 1308
0.011624561096623166 0.0094277778843199316 1308
0.011452375827480264 0.0095146298466742153 1308
0.011626560273107758 0.0094278380825863605 1309
0.011630909829712472 0.0092208806033305061 1309
0.011802512633427822 0.0091357995435513289 1309
0.011954521595504907 0.0092220441752294841 1309
0.011959708830337314 0.0094192916506537373 1309
0.011780405007389685 0.0095192466474398971 1309
0.011961709599182394 0.0094192945928537834 1310
0.011956521986740992 0.009222032758638388 1310
0.012125701473103444 0.0091279920883577323 1310
0.01229397603165871 0.0092227690484493335 1310
0.012281899899451578 0.0094288792924783135 1310
0.012111583960310819 0.0095089850404343722 1310
0.012283895656654232 0.0094290102471713353 1311
0.012295975957272338 0.0092228288584920055 1311
0.012443731000937564 0.0091458257904358138 1311
0.012610969746905974 0.0092274628953211372 1311
0.012623239184286735 0.0094235277830152561 1311
0.012440163441036236 0.0095308339094213167 1311
0.012625239871288378 0.0094234762439536855 1312
0.012612966189972211 0.009227343538421336 1312
0.012778470467555036 0.0091210693152261376 1312
0.012953355971193134 0.0092215378524886892 1312
0.012957842693598178 0.0094092916768998853 1312
0.012791976592253644 0.0095179120816664513 1312
0.013164772191005144 0.0095158164698187601 1313
0.012959841292347569 0.0094092091459796832 1313
0.012955355590966694 0.0092214980479007336 1313
0.013130233666452761 0.009112550217657148 1313
0.013283521366193197 0.009194151222373376 1313
0.013315251356704701 0.0093743493816518912 1313
0.013599 0.0090103243135679946 1314
0.013599 0.0094628946467720156 1314
0.013317209513452517 0.0093739370094085717 1314
0.013285510804554966 0.0091939165019087939 1314
0.013520112113642993 0.0090110201840349572 1314
9.9999999999999995e-07 0.0098583142466383174 1315
9.9999999999999995e-07 0.0095033328546555371 1315
0.00030121433157254845 0.009485881309184022 1315
0.00034297609916893483 0.0096802006290916728 1315
0.00011242963414108192 0.0098628533583875518 1315
0.00034497153968283495 0.0096799669263795424 1316
0.00030317930431754511 0.0094855058386188219 1316
0.000571797864190386 0.0093983591417994422 1316
0.00068246760351549059 0.0094924606082873765 1316
0.00066799473235344914 0.009685348116644699 1316
0.00049085391204266673 0.0097684714664578159 1316
0.00066998778967178687 0.0096855155727797095 1317
0.00068445103780439317 0.009492756315558586 1317
0.00090847446163303425 0.0094145123514568427 1317
0.0010112440210469035 0.0094950540163636268 1317
0.0010187474443696595 0.0096791119773289198 1317
0.00083391606091830835 0.0098014048934030769 1317
0.0010207466261710147 0.0096790511573174049 1318
0.0010132525781319597 0.0094952231707954061 1318
0.001238887176266793 0.0094068820856564594 1318
0.001364889471422065 0.0095055495442250056 1318
0.0013545847446267913 0.0096877395466319956 1318
0.0011956224329632999 0.0097826116707326032 1318
0.0013565851991400534 0.0096877880258980469 1319
0.0013668809034268798 0.0095057575435703798 1319
0.0015652244491474051 0.0094201130495648096 1319
0.0016913386864367717 0.0094987475095213644 1319
0.0016797426331632433 0.0097330165724337711 1319
0.0015362268832639337 0.0097986829119044265 1319
0.0016817415091727619 0.0097330887484164564 1320
0.001693332830401155 0.009498915284562915 1320
0.001868685299510388 0.0094330812415194462 1320
0.0019988940931618998 0.009516150161831766 1320
0.0020035023629371013 0.0097162550958419976 1320
0.0018338225685222609 0.0098141003300365078 1320
0.0020055023261018861 0.0097162304701326214 1321
0.0020008964325413325 0.009516228718509382 1321
0.0021871789784969078 0.0094308139080183546 1321
0.0023458783558750643 0.0095485247191504329 1321
0.0023433947953671371 0.0096928944625327244 1321
0.0021642566056423373 0.0098048264697857285 1321
0.0023478775522164709 0.0095485886374490399 1322
0.0025343923027159611 0.0094322648424798976 1322
0.0026952353934630519 0.0095233087409789668 1322
0.0026902558056442175 0.0097248750252711263 1322
0.0025065224094504963 0.0098092246792740954 1322
0.0023453941438212711 0.0096929495384957681 1322
0.0026922531278169909 0.009725008120421175 1323
0.0026972353167525284 0.0095233365468062933 1323
0.0028684555524397509 0.0094302993454122193 1323
0.0030126616824342665 0.0095026644275977828 1323
0.0030332973505234244 0.0097193419884205427 1323
0.0028500039684087055 0.0098340600589490994 1323
0.0030352931119441043 0.0097192024609320683 1324
0.0030146625754908815 0.0095025787830440717 1324
0.0031906989177298123 0.009405917422207628 1324
0.0033626751818290998 0.0095078895344013464 1324
0.0033583668099867619 0.0096940233803086886 1324
0.0031975815983748389 0.0097963616520152143 1324
0.0033603677042910798 0.0096940078873670871 1325
0.0033646752444981146 0.0095079099704563873 1325
0.0035269208578713931 0.0094133085276923243 1325
0.0036813413893404187 0.0094812423707474596 1325
0.0037042371460284168 0.0096942029736920877 1325
0.0035466996268742191 0.0098005495094308868 1325
0.0037062270432664268 0.0096940018019309633 1326
0.003683335382810007 0.0094810792993190139 1326
0.0038479674239106894 0.0093792552670630587 1326
0.0040247112368085166 0.0094914633190435801 1326
0.004012660252363358 0.0096818342661847568 1326
0.0038784215839672456 0.0097664637488297425 1326
0.0040146654348627202 0.0096818156369320868 1327
0.0040267096118628042 0.0094915522278740169 1327
0.00419522011345094 0.0094004279699530183 1327
0.0043550027691929621 0.00950374075262711 1327
0.0043497739615580991 0.0097005757915378139 1327
0.0042178029484759979 0.0097855765855397649 1327
0.0043517763928084307 0.0097005108284415262 1328
0.0043570013189311845 0.0095038219065120104 1328
0.0045313075803439257 0.0094133619554973152 1328
0.0047052599500452437 0.0095243863440025479 1328
0.0047024488087132731 0.009680732866196624 1328
0.0045419910020679114 0.0097923198743230418 1328
0.0047044492590053218 0.0096807258011644675 1329
0.0047072601893527206 0.0095243910132448411 1329
0.0048696984751896398 0.0094178751083397773 1329
0.0050673420338555909 0.0095252578751068243 1329
0.0050634583922187703 0.009694716213190676 1329
0.0048965003591948299 0.0098056147638048256 1329
0.005065459018176531 0.0096947118151919018 1330
0.0050693438587725691 0.0095252011618700907 1330
0.005208531133805005 0.0094283048477604853 1330
0.0053918861853167093 0.0094991375349603151 1330
0.0054229009613194872 0.0096821760588806354 1330
0.0052539724620547443 0.0098115372717594903 1330
0.005424882452398843 0.0096818985807118289 1331
0.0053938593090314653 0.0094988106754880577 1331
0.0055521800255757788 0.0093672750965523195 1331
0.0057399918662927501 0.0094796660001088707 1331
0.0057225071828488731 0.0096803739697218297 1331
0.0056014963433080149 0.0097574538199453401 1331
0.0057245183710273526 0.0096803324901843894 1332
0.0057419913655282137 0.0094797586988095914 1332
0.0058996235899284113 0.0093964062283221055 1332
0.0060484472642016026 0.0094798017322394752 1332
0.0060581930693926547 0.0096831386914125721 1332
0.0059378928194065749 0.0097766006602439687 1332
0.0060601838702906219 0.0096828988590547272 1333
0.0060504486637161714 0.0094797830299400213 1333
0.0062314623594784896 0.0093826754540370233 1333
0.0063883620045655006 0.009489706456429263 1333
0.0063736428043135122 0.0097028427270647866 1333
0.0062779416306066342 0.0097626330913163691 1333
0.0063756521436006434 0.0097027764706569264 1334
0.0063903565418385643 0.0094898545354487624 1334
0.0065755648752717924 0.0094014599434328067 1334
0.0067242079674896078 0.0095010928547827247 1334
0.0067256553707346727 0.0096857451840483156 1334
0.0065748356541579425 0.0097866995359296872 1334
0.006726208539823861 0.0095011580318580275 1335
0.0069123303628652252 0.0094033088143000709 1335
0.0070672022117940657 0.0094903268862725834 1335
0.0070675223312845819 0.009701681256418692 1335
0.0069111130784556369 0.0097881854919937127 1335
0.0067276549761472841 0.0096856870061884353 1335
0.007069522315911592 0.0097016695920096613 1336
0.0070692022300181583 0.0094903374038634251 1336
0.0072371983281784751 0.0093996788612036239 1336
0.0073940437641497351 0.0094898139788087629 1336
0.007404710967535485 0.0096800845186421781 1336
0.0072371022431739103 0.0097909274169725516 1336
0.0074067075513645766 0.0096799675651558087 1337
0.0073960446235240129 0.0094897732880747706 1337
0.0075769256965325226 0.0093846254831821702 1337
0.0077527197146863612 0.009523908000506183 1337
0.0077354354777625471 0.0096706681901060597 1337
0.0075829321475074565 0.0097683255626247346 1337
0.0077374367061137277 0.0096707751265935372 1338
0.0077547116847015898 0.0095240935493816816 1338
0.007925446239661493 0.0094282789735919293 1338
0.0080946916119649347 0.0095312946281960933 1338
0.008095215003765208 0.0097045998837229034 1338
0.0079440902733389409 0.009813855516440196 1338
0.0080972147031324101 0.0097044973182776537 1339
0.0080966915908221165 0.0095312846073463808 1339
0.0082638016342311132 0.0094267742146319378 1339
0.0084306533417438847 0.0095097843961479047 1339
0.0084318330960345099 0.0097229520832150841 1339
0.0082980841401751985 0.0098073194749931994 1339
0.0084338325965239019 0.0097228562931861891 1340
0.0084326530865719666 0.0095097327552388609 1340
0.0085778936421362154 0.0094241189812649482 1340
0.0087744926021218923 0.009533230078909832 1340
0.0087724917441726717 0.009700846871060511 1340
0.0086145416103032904 0.0098050374863815053 1340
0.0087744920795449939 0.0097008307127679997 1341
0.0087764935443110197 0.0095331630860809313 1341
0.0089297503317394729 0.0094232490081741765 1341
0.0091236834439888202 0.0095274415981778035 1341
0.0091247062662976764 0.0097181191943581328 1341
0.0089551601932641601 0.0098104986074347596 1341
0.0091267064378061126 0.0097181458033677101 1342
0.0091256831081266525 0.0095273736216407948 1342
0.009281721206119295 0.0094227889059764133 1342
0.0094621971889364085 0.0095139556836764221 1342
0.0094707404350724868 0.009712202605784764 1342
0.0092710628613499758 0.0098054825940894503 1342
0.0094727454737464304 0.0097122764547645495 1343
0.0094641944274746394 0.0095138485296893671 1343
0.0096252082897150728 0.0094070769769396857 1343
0.0098064109968323855 0.0095059020249079074 1343
0.0097900294669936577 0.009722466356964039 1343
0.0095959728667872491 0.0097946069615797542 1343
0.0097920176662023781 0.0097226978986829343 1344
0.0098084119131764558 0.0095059654457034654 1344
0.0099449635232866148 0.0094353936544770162 1344
0.010131616035336268 0.0095325447567658119 1344
0.010115310948489002 0.0097438652253126149 1344
0.0099193953524963352 0.0098147749719987593 1344
0.010117297161167023 0.0097441209581456464 1345
0.010133619572519773 0.0095325759570557052 1345
0.01026838632962008 0.0094577351554381746 1345
0.010434929004308837 0.0095334173150339006 1345
0.010474780759058352 0.0097296751499043772 1345
0.010242912366453421 0.0098400665567821427 1345
0.010476807858591997 0.0097296075998315797 1346
0.010436910135670762 0.0095331233856231837 1346
0.010624404083774847 0.0093857920687892542 1346
0.010799690794429223 0.0095237808129113033 1346
0.010780827067419733 0.009693951294350963 1346
0.010564058278489627 0.0097812150470652278 1346
0.01080168006687251 0.0095239881001246088 1347
0.010985469869748738 0.0094314832713774041 1347
0.01113009902882278 0.0095159127654701556 1347
0.011126175086397043 0.0097293201750502257 1347
0.010925084827113964 0.0098153986303169717 1347
0.010782807491124105 0.0096942384064133656 1347
0.011128172726389947 0.0097294669118636427 1348
0.011132098158456626 0.0095159784867182053 1348
0.011302523828042435 0.0094338476979340721 1348
0.011451367608653293 0.0095163576888126211 1348
0.01145657470098037 0.0097363924087023011 1348
0.011272677519973139 0.0098292169509116064 1348
0.011458575410695504 0.0097363987373921875 1349
0.011453368440749167 0.0095163691889129775 1349
0.011625508934044933 0.0094295398119413412 1349
0.011779404312902933 0.0095209784678346367 1349
0.011784602486352078 0.0097139900311227368 1349
0.011605688837391355 0.0098165179428007631 1349
0.011786602757955738 0.0097139731888976968 1350
0.011781405050635515 0.009520978933279866 1350
0.011960706659605382 0.0094210251707013016 1350
0.012110512267723899 0.0095106744738981223 1350
0.012104764488182984 0.009725642492911326 1350
0.011949335613344002 0.0098075720172208832 1350
0.012106764779498014 0.009725658330733692 1351
0.012112510713699946 0.0095107593277401533 1351
0.012282784563001203 0.0094306733761583602 1351
0.012439143257548321 0.0095325562752240703 1351
0.012441531796298306 0.0097012609951163987 1351
0.012271651513410453 0.0098122192015355474 1351
0.012443531560203348 0.0097012301621161642 1352
0.012441143759147396 0.0095325775462415507 1352
0.012624284216091531 0.0094252334892190853 1352
0.012791029865376937 0.009519674383726702 1352
0.012795694421785877 0.0096933481064230345 1352
0.012619246294173027 0.0098080962506040623 1352
0.012797694411580775 0.0096933208731434344 1353
0.012793028954480919 0.009519613615351653 1353
0.012958913669112174 0.0094109810213389329 1353
0.013164000353040094 0.0095176693864015352 1353
0.013180303249585053 0.0096767320331487029 1353
0.012974817426052202 0.0098052726210724351 1353
0.013599 0.0094649919387217816 1354
0.013599 0.0096448914895223784 1354
0.013293917283896669 0.0097500825582762657 1354
0.013182307891164867 0.0096766750939102902 1354
0.013165985370902657 0.00951742098422915 1354
0.013316587784396252 0.009375838029480589 1354
0.00011428795639304348 0.009863932692083157 1355
0.00034416029661108274 0.0096818140448708349 1355
0.00048978399373166221 0.0097701616507513082 1355
0.00048628265669662215 0.0099788746444567939 1355
0.00032513107648857886 0.010062369058530349 1355
0.00048828227956309407 0.0099789138998683906 1356
0.00049178288028632491 0.0097702447973508806 1356
0.00066884618299736397 0.0096871578226801446 1356
0.00083290797712360894 0.0098031415374900746 1356
0.00083578693903272195 0.0099428744009944399 1356
0.00065383173808230817 0.010073705880026047 1356
0.00083778668705421786 0.0099428415698623891 1357
0.00083490850164464215 0.0098031463944231265 1357
0.0010197989995112049 0.0096808143655420231 1357
0.001194605510488165 0.009784333842347618 1357
0.0011886474030112144 0.009965566882192977 1357
0.0010208778726225204 0.010066852983644911 1357
0.0011906476785946637 0.0099655913660420675 1358
0.0011966059344651803 0.0097843538123779938 1358
0.0013555444081361553 0.0096894959153036586 1358
0.0015350739387159863 0.0098003215676322145 1358
0.0015039085410483582 0.010018094041698922 1358
0.0013785136056290235 0.010079808075886159 1358
0.0015059131636213161 0.010018204125412074 1359
0.0015370692220466988 0.0098004969105765036 1359
0.0016806777132997912 0.0097347881368418376 1359
0.0018328816725252572 0.0098158651856106276 1359
0.0018462172291578774 0.010012357224032358 1359
0.0016937424956614902 0.010117835862401196 1359
0.0018482108090390856 0.01001219483693332 1360
0.0018348817315447866 0.0098157982650249904 1360
0.0020045238326285904 0.0097179747665522599 1360
0.0021633136817175384 0.0098065906165030418 1360
0.0021721953937702139 0.0099878009224606112 1360
0.0020282150820958938 0.010094590354333683 1360
0.0021741894633327571 0.0099876309420429289 1361
0.0021653128570551941 0.0098065248073380303 1361
0.0023443451806560811 0.0096946589490606704 1361
0.0025053655007513274 0.00981085619300252 1361
0.0024875186451487332 0.010020667318699234 1361
0.0023826139728183237 0.010083556517235531 1361
0.0024895292033332555 0.010020628102836951 1362
0.0025073568952405758 0.009811042269290712 1362
0.0026911398305612139 0.009726669872507707 1362
0.0028489790251963552 0.0098357828895039075 1362
0.00284962599606659 0.0099788862514572033 1362
0.0026825039577176835 0.0101036031237727 1362
0.0028516259002489743 0.0099788605365962336 1363
0.0028509791642743979 0.0098358091311682959 1363
0.0030344171746854972 0.0097210005419373531 1363
0.0031966993159266671 0.0097981567162341281 1363
0.0032123448424144383 0.010001141669862353 1363
0.0030461400988995549 0.010113556483154942 1363
0.0032143389525644754 0.010000988291855615 1364
0.0031986949984896765 0.0097980237387025326 1364
0.0033593818712167912 0.0096957480587692921 1364
0.0035457497152429256 0.0098023102201413876 1364
0.0035476982264955968 0.0099811527295549356 1364
0.0033829754777090705 0.01008065041537432 1364
0.0035496981919959365 0.0099811386682314967 1365
0.0035477492216627331 0.0098022540224872202 1365
0.0037054067431209442 0.0096958264785582393 1365
0.0038775386606895355 0.0097682620727395433 1365
0.0038855615070641459 0.0099820140125252942 1365
0.0037066521881520304 0.010073793395999345 1365
0.0040363884022161572 0.010068603738877973 1366
0.0038875633446063661 0.0099820254497554849 1366
0.0038795349657313963 0.00976812610808412 1366
0.0040136778688398119 0.0096835569997474492 1366
0.0042168205303786677 0.0097873205778726009 1366
0.0042051095585200794 0.0099696480244786806 1366
0.0042188262001304228 0.00978729647016237 1367
0.0043508297700552917 0.0097022747067261397 1367
0.0045411117863284689 0.0097941162872990598 1367
0.0045504924579764005 0.0099913117830879826 1367
0.0043926103542213631 0.010088493531586203 1367
0.0042071092017878326 0.0099697177427508967 1367
0.0045524902795025853 0.0099912184448352984 1368
0.0045431075400830471 0.0097939794814501518 1368
0.004703458179639893 0.0096824670004223342 1368
0.0048954895518950924 0.0098073431341788777 1368
0.0048906115316221287 0.0099677584683383388 1368
0.0047201176687189719 0.010074104924660408 1368
0.0048926113358725076 0.0099677953072946253 1369
0.004897490011918376 0.0098073584078230223 1369
0.0050644649045109898 0.0096964486585759246 1369
0.0052530584980484581 0.0098133237854500094 1369
0.0052604059081845745 0.0099680474669273621 1369
0.0050684107119130005 0.01008338085967503 1369
0.0052624079761064381 0.0099680435532056837 1370
0.005255056131121514 0.009813226481523947 1370
0.005424131624383953 0.0096837527043240317 1370
0.0056005990211755738 0.0097592452735260904 1370
0.0056039849902923397 0.0099675675221978337 1370
0.0054051198740952223 0.010062691626711386 1370
0.0056059866164418623 0.0099676513188434908 1371
0.0056025973110760824 0.0097591238069596985 1371
0.0057235419807913634 0.0096820861046980084 1371
0.0059370300882468016 0.0097784055543337564 1371
0.0059368780317785282 0.00995489027991831 1371
0.005740109693053338 0.010056914494048171 1371
0.0059388779523725406 0.0099549833042642602 1372
0.0059390302233074642 0.0097782496574174045 1372
0.006059392982369816 0.0096847391249185281 1372
0.006276977621287436 0.0097644099670085912 1372
0.006252647948674298 0.0099867741767754262 1372
0.00608527108531605 0.010059244315522376 1372
0.0062546393269029806 0.0099869620646828531 1373
0.0062789981698584425 0.0097643312487753313 1373
0.0063746951251553233 0.0097045435200219417 1373
0.0065739812058846605 0.0097885098017397761 1373
0.0065861489085399794 0.010001608342268731 1373
0.0064184787872333896 0.010094907968273632 1373
0.0065881484370695015 0.010001543032705923 1374
0.0065759749743356652 0.0097883436132879913 1374
0.006726706681308669 0.0096874481724873816 1374
0.0069100820844570417 0.0097899004540718104 1374
0.0069001942223850437 0.0099960530882752599 1374
0.0067463200776650559 0.010080951940450307 1374
0.00690219510587448 0.0099960826045888355 1375
0.0069120827406802003 0.0097899347086737223 1375
0.0070685322042932644 0.0097034082339851006 1375
0.00723620402448017 0.0097927150037274268 1375
0.0072507869863351207 0.0099759522702167116 1375
0.0070868822586843206 0.010097386418639042 1375
0.0072527793197655092 0.0099757764790241194 1376
0.0072382010780050673 0.0097925985212832158 1376
0.0074058105485174681 0.0096817551295088396 1376
0.0075820051390992627 0.0097700980823622677 1376
0.007586165887449107 0.0099705258568203638 1376
0.007430703064674235 0.010062321422407511 1376
0.0075881654079686164 0.0099704820026194126 1377
0.0075840038290831127 0.0097700142203550663 1377
0.0077363516287858765 0.0096724564437275836 1377
0.0079430583086941668 0.0098155736071151127 1377
0.0079320840308828994 0.0099475858669065987 1377
0.0077510622344005332 0.010057029668145824 1377
0.008105229595403135 0.010086316260995392 1378
0.0079340786832032117 0.0099477331830656827 1378
0.0079450612274146702 0.0098156214847336092 1378
0.0080963060825353077 0.0097062790078614822 1378
0.00829709521292178 0.0098090600567623063 1378
0.0082843953873685452 0.010004511576630152 1378
0.0082991005391718029 0.0098090429936881687 1379
0.008432913324389826 0.0097246353390423659 1379
0.0086136689461140791 0.0098068377281727449 1379
0.0086260260252210737 0.010011329244004784 1379
0.0084409280595591756 0.010112913115703935 1379
0.0082863888867721943 0.010004676529843506 1379
0.0086280272578064584 0.010011289268225695 1380
0.0086156638572304992 0.0098066931413638564 1380
0.0087735075662531779 0.0097025727283908542 1380
0.0089540995221926434 0.0098121943942948812 1380
0.0089427578492225161 0.010004346152041389 1380
0.0087796549288501266 0.010094280043336514 1380
0.0089447576046155029 0.010004409269438382 1381
0.008956098848705742 0.009812264777817839 1381
0.0091256833933185278 0.0097198644029940651 1381
0.0092700202791062541 0.0098071893732170883 1381
0.0092771795037530497 0.01002835429504194 1381
0.0091238255398202843 0.010111674942711859 1381
0.0092791786579232444 0.01002829580336359 1382
0.0092720230149071579 0.0098072415263521853 1382
0.009471681102216533 0.0097139706411849009 1382
0.009594830138407234 0.0097962487963352378 1382
0.0095899717336139986 0.010011404090777835 1382
0.0094361952915390408 0.010102603608322032 1382
0.0095919728451388901 0.010011377444749907 1383
0.009596826708391305 0.0097964232732259803 1383
0.009790825696974469 0.0097243040857500542 1383
0.0099182072800372972 0.0098163839759098925 1383
0.0099050880089575511 0.010036024298408183 1383
0.0097829107383692951 0.01010932394922612 1383
0.0099070943451699724 0.010035977896276553 1384
0.0099201972421249611 0.0098166117062373406 1384
0.010116085238925213 0.0097457119488107685 1384
0.010241802679906906 0.0098417356356449836 1384
0.010246097249077185 0.010018792856285619 1384
0.010103018615216933 0.01012297302442498 1384
0.010248094784893455 0.01001866701080905 1385
0.010243806190304487 0.0098418561112124346 1385
0.010475865439943525 0.0097313738382348511 1385
0.010563040634267816 0.0097829367905559114 1385
0.010590582391593696 0.01000975003495572 1385
0.010441865879202036 0.010115480619994935 1385
0.010592568075562301 0.010009511153986293 1386
0.010565059129164615 0.0097829681157678549 1386
0.010781567352699459 0.0096958092578326317 1386
0.01092386169344752 0.00981698396261119 1386
0.010905192961343077 0.010005248418222378 1386
0.010775160966325239 0.010082367139857761 1386
0.010907197910995026 0.010005297423254917 1387
0.01092584525515823 0.009817248653909507 1387
0.011127049159906468 0.0097311215517012148 1387
0.011271580870625684 0.0098308901713464215 1387
0.011265535553482623 0.010016836186673898 1387
0.011102578048820432 0.010114574724675239 1387
0.011267535473814023 0.010016871139730103 1388
0.011273578271182305 0.0098310026293653256 1388
0.011457571729792749 0.0097381294897583067 1388
0.011604745194127358 0.0098182813921682387 1388
0.011620241966432163 0.010022903456229727 1388
0.011445784394896429 0.010128501489480152 1388
0.011622240261718051 0.010022805321540273 1389
0.011606746060999271 0.0098182172131458818 1389
0.011785617298180744 0.0097157136058805306 1389
0.011948294241953586 0.0098092802755982474 1389
0.011941484448470274 0.010004906802173993 1389
0.011783188688852343 0.010104960290280657 1389
0.011943486328584918 0.010004887591317169 1390
0.011950293799575556 0.0098093277835303756 1390
0.012105749439286431 0.009727384150946379 1390
0.01227075039421357 0.0098140049845497398 1390
0.012284575093809518 0.010000703095630054 1390
0.012145827825896974 0.010115290610503921 1390
0.012286561005858582 0.010000438895205108 1391
0.012272747515348275 0.0098138921592126338 1391
0.012442558507161829 0.0097029792106256146 1391
0.012618268973337855 0.0098098427035291594 1391
0.012619839686089322 0.0099916028495074909 1391
0.01249645884828581 0.010081118812870302 1391
0.012825604813776441 0.010083594338089773 1392
0.01262183854147431 0.0099914617551334177 1392
0.012620268825883721 0.0098098169988761457 1392
0.012796716785732944 0.009695068963795541 1392
0.012973809527770774 0.009807001577836913 1392
0.012972230784393518 0.0099765872552268452 1392
0.012975809525870808 0.0098070110911404763 1393
0.013181347993948753 0.0096784375716954286 1393
0.013292852235953842 0.0097517758765754935 1393
0.013327462865693253 0.0099942922187947307 1393
0.013204737384072187 0.010103468589521927 1393
0.012974231580425053 0.0099765110562129288 1393
0.013599 0.00964700703555923 1394
0.013599 0.010043328817803315 1394
0.01332941700471457 0.0099938288761157196 1394
0.013294885133536719 0.009751864394362814 1394
9.9999999999999995e-07 0.010241050807763608 1395
9.9999999999999995e-07 0.0098603159053094625 1395
0.00011234614672661149 0.0098648516161796863 1395
0.00032376338430804656 0.010063828317012767 1395
0.00025407482069846868 0.010223343631618491 1395
0.00025588636718744368 0.01022419280779723 1396
0.00032573637777717578 0.010064307945241347 1396
0.00048724859790587517 0.0099806266796406279 1396
0.00065293837632433686 0.010075499005582704 1396
0.00066726972854659833 0.01025482702599626 1396
0.00053327715161520788 0.010347411073178721 1396
0.00030052750086743491 0.010289738756354729 1396
0.00066926398085858079 0.010254675315477205 1397
0.0006549349220243717 0.010075375992197952 1397
0.00083681465435225171 0.0099445987774657713 1397
0.0010198206659677734 0.010068552501183809 1397
0.0010115858894360666 0.010237178796017021 1397
0.00082859881957590437 0.01033295323838815 1397
0.0010135817949560018 0.010237311445459675 1398
0.0010218197244512253 0.010068620586329725 1398
0.00118962720757195 0.0099673115719909403 1398
0.0013773662955365049 0.01008145116757881 1398
0.0013453028502544513 0.010275759565902194 1398
0.0011672620320047589 0.010350190858570477 1398
0.0013472810995596278 0.01027605528268234 1399
0.0013793658567338822 0.010081617731686731 1399
0.0015048066423742337 0.010019881131978027 1399
0.0016928339572665019 0.010119617886512777 1399
0.0016995799997680369 0.01029593089132666 1399
0.0015151213544280283 0.010411020149022756 1399
0.0018671643398012368 0.01039312844540065 1400
0.0017015797883035268 0.010295887116791498 1400
0.0016948314632971642 0.010119514456959947 1400
0.0018473544691644233 0.010014002424835742 1400
0.0020273835837171872 0.010096409313232345 1400
0.0020416614686128518 0.010284937589715075 1400
0.0020293749836222145 0.010096220130616448 1401
0.002173340335674968 0.0099894417942151762 1401
0.0023815870077414474 0.010085285521276006 1401
0.0023541362997885314 0.010292101394378748 1401
0.0021978938127730973 0.010367027609530474 1401
0.0020436600795277204 0.010284843622830844 1401
0.0023561288274591952 0.010292289842203556 1402
0.0023836032485443155 0.010085295312428315 1402
0.0024885468685099453 0.010022382765212596 1402
0.0026817198604481419 0.010105443024060563 1402
0.0027082430688607239 0.010312778469983205 1402
0.0025326236223338866 0.010412558883271431 1402
0.0027102421595338491 0.010312643956632525 1403
0.002683705338671993 0.010105202100384387 1403
0.0028506500946983643 0.0099806175271779842 1403
0.0030451069188181306 0.010115273743389035 1403
0.0030384503200055072 0.010248366002652156 1403
0.0028441430624937016 0.010375261249876798 1403
0.0030404480872855823 0.010248460627410914 1404
0.0030471072632274358 0.010115316840939807 1404
0.0032134747312959977 0.010002791966707121 1404
0.0033820649232013489 0.010082432202890183 1404
0.0033926842287473388 0.010292108462273382 1404
0.0032177835991179429 0.010388983200796911 1404
0.0033946844724385564 0.010292062660149039 1405
0.0033840623336806961 0.010082330459512007 1405
0.0035487102740910789 0.0099828779602886535 1405
0.0037056314101577247 0.010075513289744152 1405
0.0037103860395063777 0.010281894533117003 1405
0.0035557461375799052 0.010377229502131331 1405
0.003712384372774082 0.010281799151270882 1406
0.0037076325171096487 0.010075538303486448 1406
0.0038865545508725268 0.0099837523973719255 1406
0.0040354122973106114 0.010070349703069126 1406
0.0040422170673234401 0.010247528631646722 1406
0.0038814050954559562 0.010360079490223681 1406
0.0040442150560908059 0.010247437872205513 1407
0.0040374126923795614 0.010070321597609743 1407
0.0042060505461654516 0.0099714147405106472 1407
0.0043915534568237371 0.010090191655131588 1407
0.0043769862719870442 0.010265600291603085 1407
0.0042229967567049779 0.010348005639644602 1407
0.0043789828594800861 0.010265724287245988 1408
0.0043935545966559816 0.01009026083444441 1408
0.004551572250049791 0.0099929956505815046 1408
0.0047192122535715149 0.010075888367784468 1408
0.0047327834370325516 0.010291944037596732 1408
0.0045473088741046375 0.010379379605414029 1408
0.0047347885983353467 0.010291963454932822 1409
0.0047212094569059658 0.010075781092840099 1409
0.0048915806048563286 0.0099695111806243405 1409
0.005067383354102362 0.010085098950838702 1409
0.005066319966872939 0.010257380945047832 1409
0.0048604112684708977 0.010365098772291959 1409
0.0050683194310450841 0.010257473928148872 1410
0.0050693832018687953 0.010085129786880897 1410
0.005261406718236137 0.0099697793819746357 1410
0.0054040608290532614 0.010064389130403398 1410
0.0054117598394717832 0.010258632382221401 1410
0.0052224776597017148 0.010366834006761397 1410
0.0054137605801017827 0.010258611447681401 1411
0.00540606507108265 0.010064456534905194 1411
0.0056049142380232104 0.0099693400594759989 1411
0.0057390642104653876 0.010058621134711818 1411
0.0057450760292502654 0.01023905962544152 1411
0.0055705460197472108 0.010349953279416868 1411
0.0057470753639780889 0.010239006349400944 1412
0.0057410669815699533 0.01005867099794658 1412
0.0059377952270196384 0.009956667572145533 1412
0.0060841037730183338 0.010060868340684417 1412
0.0060668811101146679 0.010254537839754191 1412
0.0059227312622951315 0.010339495446003535 1412
0.0060688847193824174 0.010254586006389392 1413
0.00608609395913006 0.010061067451219374 1413
0.0062534800296910184 0.0099885933259760556 1413
0.0064174010165626875 0.01009659294346546 1413
0.0064059540650586956 0.010280623388343631 1413
0.0062626877125051923 0.010364507431404846 1413
0.0064193991805276554 0.010096684602401301 1414
0.0065872070618651739 0.010003308320166516 1414
0.0067453494855147225 0.010082702559758246 1414
0.0067479823271756854 0.010300566532418466 1414
0.0065984410575227531 0.010392736259345786 1414
0.0064079552447488808 0.010280666564043299 1414
0.0067499814470983414 0.010300481622891867 1415
0.0067473492180605919 0.01008266834394738 1415
0.0069011677305757827 0.0099978001864048822 1415
0.007085996381311006 0.010099181614297214 1415
0.0070950379537213963 0.010256312014653811 1415
0.0069292088921685561 0.010384549807766362 1415
0.0070970337579662097 0.010256181603768863 1416
0.0070879922954693109 0.010099053113561338 1416
0.0072519358062604579 0.0099775902313880768 1416
0.007429757385849823 0.010064085479932905 1416
0.0074328912832705048 0.010292368507965069 1416
0.0072923737939429569 0.010367799135581633 1416
0.0074348906530586085 0.010292308873855736 1417
0.007431756701654333 0.010064021913487304 1417
0.0075872036008860725 0.0099722357502165567 1417
0.0077501301087272139 0.010058799185581668 1417
0.0077623772435354704 0.01025928005948412 1417
0.0075791288892542415 0.010356524276127521 1417
0.0077643800847352349 0.010259265536921882 1418
0.0077521291075284158 0.010058721764436731 1418
0.0079329547544781387 0.0099493965530628239 1418
0.0081040082841977966 0.010087900779155416 1418
0.0080773333777268592 0.010266830664807802 1418
0.0079041705575618772 0.010340336158901221 1418
0.0080793153305201582 0.010267099982799496 1419
0.0081059906409223156 0.01008816738765805 1419
0.0082852494454712412 0.010006320235001554 1419
0.0084398533570903544 0.010114602162829568 1419
0.0084363324601567456 0.010289700903760668 1419
0.008233016045874935 0.010386013552120276 1419
0.0084383297093122405 0.010289857812835293 1420
0.0084418520470550141 0.010114687418608079 1420
0.0086270630578520208 0.010013041506451268 1420
0.0087786692723566349 0.010096020537697691 1420
0.008783062296450846 0.010301919393126377 1420
0.0085733794959965727 0.010394723474695377 1420
0.008785065173568956 0.010302032908814035 1421
0.0087806693867257361 0.010096004564712732 1421
0.0089437029789881453 0.010006108900487311 1421
0.0091227525969536059 0.010113363601327306 1421
0.0091067190164074285 0.010303885033276443 1421
0.0089116913191672198 0.010389810026914862 1421
0.0091087083097764476 0.01030409626425895 1422
0.0091247526164387974 0.010113447377621401 1422
0.0092782301599180373 0.010030059586412531 1422
0.0094352963437848679 0.01010439084092727 1422
0.0094514718598563072 0.010311212809663869 1422
0.0092649988938836875 0.010422590087536671 1422
0.0094534711511627227 0.010311125657607282 1423
0.0094372935885734376 0.010104277521863186 1423
0.0095909939826923623 0.010013123105745491 1423
0.0097818956309290751 0.010111051017419733 1423
0.0097657212638702882 0.010301792071620136 1423
0.0096051819335526475 0.010391086901323714 1423
0.0097677195240916063 0.010301897234101976 1424
0.0097839019091327216 0.010111061625450305 1424
0.0099061237620142323 0.010037735227705447 1424
0.010102172900995762 0.010124785800689585 1424
0.010111642907359242 0.010311542569459459 1424
0.0099537137361704366 0.010423660405721444 1424
0.010113638122414365 0.010311397531034508 1425
0.010104166613760228 0.010124611135785219 1425
0.010247206701081459 0.010020459034624193 1425
0.010440973005545254 0.010117270250665928 1425
0.010446022717198175 0.010299287169624758 1425
0.010300157612410651 0.010401484034071767 1425
0.01044802019524836 0.010299168528159449 1426
0.010442970419062995 0.010117149283127909 1426
0.010591782248031839 0.010011350932396055 1426
0.010774234459857864 0.010084150786275758 1426
0.010769689099202218 0.010319541662831168 1426
0.010644866141402797 0.010396756514671356 1426
0.01077169140867474 0.010319441370075563 1427
0.010776236693153614 0.01008405443849131 1427
0.010906152792092731 0.01000700445191942 1427
0.011101581542407797 0.010116308942601373 1427
0.011096753748903815 0.010319748710906291 1427
0.010970139800543529 0.01040120291022246 1427
0.011103582208434059 0.010116304604215304 1428
0.011266506027153693 0.010018586270344992 1428
0.011444769989954985 0.010130226040137138 1428
0.011443014871943059 0.010308089466006348 1428
0.011293559749251775 0.010409271860768819 1428
0.011098756203051792 0.010319669022348999 1428
0.011445015514629354 0.010308034203807194 1429
0.01144676992192604 0.010130242801725682 1429
0.011621326908702514 0.010024584593076707 1429
0.01178228689738788 0.010106745463327802 1429
0.011796694247894231 0.010296111486865 1429
0.011636935068587059 0.010413092168912908 1429
0.011798687211593753 0.010295943031535955 1430
0.011784284187883444 0.010106633878147161 1430
0.011942502681447413 0.010006629227344984 1430
0.012144952746473521 0.010117091484026652 1430
0.012147345660687812 0.010260084389446615 1430
0.011982040843923056 0.010385580081510018 1430
0.012149344821990626 0.010260017538258809 1431
0.012146950777396789 0.01011695708496998 1431
0.012285796966438195 0.010002287873883317 1431
0.012495605121567556 0.010082933317807744 1431
0.012495091189668975 0.010301715849138518 1431
0.012340063913942255 0.010380511764653147 1431
0.012497091159178074 0.010301731178267524 1432
0.012497605539385979 0.010082757800155695 1432
0.012620961284000339 0.0099932600425454189 1432
0.012824751096164879 0.010085403269011618 1432
0.012833474056635959 0.010287948750872251 1432
0.012650355597184365 0.010383575993851021 1432
0.012835476052150926 0.010287952039625715 1433
0.012826745815482809 0.01008523760585475 1433
0.012973301294179179 0.0099782819677308992 1433
0.013203865790195975 0.010105271827507855 1433
0.013201918304634047 0.010245984052289395 1433
0.012968039524066912 0.0103652199479084 1433
0.013599 0.010045362253413173 1434
0.013599 0.010318675616156523 1434
0.013329974374394976 0.010368196660482906 1434
0.013203915744165835 0.010246182894061755 1434
0.013205867808771385 0.010105139818347139 1434
0.013328828456338789 0.0099957542444112767 1434
9.9999999999999995e-07 0.010607934552254037 1435
9.9999999999999995e-07 0.010243055697328177 1435
0.00025424555421290311 0.010225336575275501 1435
0.00029883680104863234 0.010290809275681394 1435
0.0002331258746446305 0.010552300435532191 1435
0.00023508577175364599 0.010552707468102546 1436
0.00030064301844309581 0.01029182786387884 1436
0.00053246981460116304 0.010349271509415428 1436
0.00053112289627196439 0.010575066301109144 1436
0.00038106138923819731 0.010654900408778247 1436
0.00053312321099408032 0.010575019506879453 1437
0.00053447136896177152 0.01034901690457901 1437
0.00066839818953172165 0.010256478292675198 1437
0.00082765923615948337 0.010334719963053147 1437
0.00084510308735692339 0.01056466205062615 1437
0.0007081920512502875 0.010652460729826351 1437
0.00084709381744160544 0.010564464102969778 1438
0.00082966006743463803 0.010334655167691985 1438
0.0010124676798134882 0.010238974652395675 1438
0.0011660783941747333 0.010351803000513905 1438
0.0011470612957930658 0.010558829890952625 1438
0.001026823617249245 0.010630316483311059 1438
0.0011490693494454151 0.010558833881179598 1439
0.0011680666783597212 0.010352022208187371 1439
0.0013460362672926248 0.010277620693466509 1439
0.0015140186640434899 0.010412699859920344 1439
0.0015056853641033144 0.010549922058187767 1439
0.0013437321907420333 0.010654117400149484 1439
0.0015076842033444459 0.010550001844714633 1440
0.0015160150586295419 0.010412819901921814 1440
0.001700617126700045 0.010297641158500834 1440
0.0018661934022642973 0.010394877626978064 1440
0.0018710261615538972 0.010577364824061854 1440
0.0016913602570612606 0.010683375411908329 1440
0.0018730264729997122 0.010577350106309042 1441
0.001868193206558841 0.010394843758961709 1441
0.0020427422032034347 0.01028662074443621 1441
0.0021968605005739258 0.010368743220724291 1441
0.0021931154300056151 0.010605512194512482 1441
0.0020333741785318105 0.010673001496214092 1441
0.0021951144434908462 0.010605590379869611 1442
0.0021988601327848751 0.010368782289314284 1442
0.0023549693847714072 0.010293919967131958 1442
0.0025315312843664016 0.010414234735442767 1442
0.0025180167504970231 0.010578637428941018 1442
0.0023318599620596771 0.010679963181428291 1442
0.0025200111603136707 0.010578787498296842 1443
0.0025335289861967191 0.010414344757844727 1443
0.0027093646659941246 0.010314441488884586 1443
0.0028433460861902651 0.010377096435134063 1443
0.0028822240682633933 0.010564938074467786 1443
0.0027021181981726787 0.010714715220971633 1443
0.0028841975353444201 0.010564605077028137 1444
0.002845341105420143 0.010376867568381132 1444
0.0030393672157698047 0.010250155928496242 1444
0.0032166304746423678 0.01039062124785714 1444
0.0031983064284456567 0.010557043943312715 1444
0.0030654376121869243 0.010640745512253011 1444
0.0032003128113139117 0.010557095746563896 1445
0.0032186223365126081 0.010390804933750631 1445
0.003393725541399671 0.010293817991942532 1445
0.0035548018428519946 0.010378992573372837 1445
0.0035604341625659411 0.010569296248330605 1445
0.0034004563328226783 0.010673552766059734 1445
0.0035624330286738266 0.010569228346608277 1446
0.0035568008315250946 0.010378928812859076 1446
0.0037114663382073771 0.010283578058600633 1446
0.0038805765525274137 0.010361899844753853 1446
0.0039031272543046352 0.010561290230057242 1446
0.003733970824178129 0.010664089702030696 1446
0.003905124085381885 0.010561149471983097 1447
0.0038825675057903458 0.010361707115806564 1447
0.0040432952738630075 0.010249215190711312 1447
0.004221933675315568 0.010349702349918635 1447
0.0042046726942488377 0.0105520102781847 1447
0.0040472006382817165 0.010628995601564474 1447
0.0042066698335576115 0.010552128972643784 1448
0.0042239350064486704 0.010349771913955053 1448
0.0043778779715750813 0.010267391476582103 1448
0.0045461745160036964 0.010381026896194931 1448
0.0045294719751303699 0.010577151212969768 1448
0.0043727447433649369 0.01065364724467535 1448
0.0045481682417558957 0.010381185578740348 1449
0.0047337750833817581 0.010293687652705934 1449
0.004859450570414074 0.010366853719136891 1449
0.004882755171514091 0.010565177122222144 1449
0.0047119225053503036 0.010694142633921374 1449
0.0045314675675348194 0.010577287976940035 1449
0.004884742207094177 0.010564949689106245 1450
0.0048614589399122747 0.010366807838806367 1450
0.0050672371303301716 0.010259158284717282 1450
0.0052214223002737502 0.010368537475519175 1450
0.0052222509987837678 0.010534716355397515 1450
0.0050618131272974418 0.010644403792799382 1450
0.0052242508099799127 0.01053467350781305 1451
0.0052234226246659458 0.010368597539118531 1451
0.0054127783534439235 0.010260353870884042 1451
0.0055696034976542245 0.01035171883415323 1451
0.0055807590049245862 0.010531856132305615 1451
0.0054041223858854112 0.01064227860287739 1451
0.0055827587250309504 0.010531789744085824 1452
0.0055716031387849953 0.01035165117064857 1452
0.0057461215878347825 0.010240764862005456 1452
0.0059217115635813783 0.010341216245672625 1452
0.0059131191735766449 0.010526997401914529 1452
0.0057398291359172238 0.010622099813224621 1452
0.0059151174561040748 0.010527080761762241 1453
0.0059237126700280533 0.010341238547888839 1453
0.0060678412557344918 0.010256293472892629 1453
0.0062616372105384491 0.010366210905905579 1453
0.0062420572503996789 0.010566580868305468 1453
0.0060859288877203304 0.010639148516369917 1453
0.0062440519146461466 0.010566732958180227 1454
0.0062636412837516232 0.010366266709869034 1454
0.0064069178452212912 0.010282376689373844 1454
0.0065974237087882571 0.010394458181283331 1454
0.0065883786012293343 0.010573199315329029 1454
0.0064077653133335806 0.010670936180315818 1454
0.0065903755475959181 0.010573310230591224 1455
0.0065994252120271397 0.010394479047807381 1455
0.0067490537203558345 0.010302255551342452 1455
0.0069284140464981421 0.010386386065234307 1455
0.0069524246334828352 0.010576926703348368 1455
0.0067532418074833615 0.0106876667061046 1455
0.0069544310568947819 0.010576852160941364 1456
0.0069304009047488971 0.01038615625972189 1456
0.0070961501540404981 0.010257980186480085 1456
0.0072912821679964861 0.010369478854259664 1456
0.0072661521227176621 0.010566619283151658 1456
0.0070765644320329151 0.010646739503348369 1456
0.0072681356270359997 0.010566875647781743 1457
0.0072932855006619971 0.010369579669274827 1457
0.0074339406130719118 0.010294075164765592 1457
0.0075782518987351482 0.010358323088933592 1457
0.0076134556441998721 0.010615843947030121 1457
0.007416416708078152 0.01068164247188079 1457
0.007615479992904229 0.010615885991838329 1458
0.007580252596502678 0.010358192123470717 1458
0.0077633930997086289 0.010261005140047066 1458
0.0079030833414914445 0.010342017633651127 1458
0.0078961720127193914 0.010566508647302105 1458
0.0076902345297624854 0.010655440999749901 1458
0.0078981692274648421 0.010566629896194611 1459
0.0079050810639578976 0.010342122390953381 1459
0.0080780912935092784 0.010268681669704596 1459
0.0082318592719089895 0.010387647278397723 1459
0.0082208655138851956 0.010568477334825709 1459
0.0080460396489192218 0.010658639324205837 1459
0.008222862277958945 0.01056859130073372 1460
0.0082338518137298634 0.0103878306937355 1460
0.0084371921984897191 0.01029150669036439 1460
0.0085722254736950304 0.010396359531121838 1460
0.0085676715095371267 0.010575575587243641 1460
0.0083892897277721892 0.01067916233881069 1460
0.0087376436998511525 0.010684556866695775 1461
0.0085696708907468007 0.010575625345398958 1461
0.0085742215867176414 0.010396537905044884 1461
0.008783967809213979 0.010303705753341608 1461
0.0089105797798497491 0.010391473045372541 1461
0.0089097726336714537 0.010587594370750148 1461
0.0089125792564915141 0.010391604327097957 1462
0.00910753041262332 0.010305713055819728 1462
0.0092639222267080611 0.010424283627976042 1462
0.0092610736506217005 0.010563978397264844 1462
0.0090773892596895233 0.010688133826515593 1462
0.0089117725504145751 0.010587618716131656 1462
0.0092630732841600481 0.010564016757931545 1463
0.0092659209020775398 0.010424368977445392 1463
0.0094525477758796526 0.010312899772922511 1463
0.0096042132333108172 0.010392837127499248 1463
0.0096107219981270663 0.010603286752303773 1463
0.009432287757589735 0.01068774472597026 1463
0.0096127244330454064 0.010603334560659436 1464
0.0096062131003923634 0.010392801909304599 1464
0.0097666306171715102 0.010303574834456816 1464
0.0099527230184983263 0.010425402286755344 1464
0.009949322952771537 0.010562056828871159 1464
0.0097461097008107837 0.010683570931993938 1464
0.0099513208047513225 0.010562168038418935 1465
0.0099547237916251738 0.010425396090333222 1465
0.010112766535930719 0.010313197625698337 1465
0.010299268072316081 0.010403275457373556 1465
0.01030449303829728 0.010593184716325027 1465
0.010102243910273099 0.010685580577556853 1465
0.010306496765365119 0.010593292674463611 1466
0.010301265375661482 0.0104031499356442 1466
0.010447124913300486 0.010300956971685406 1466
0.010643880878649616 0.010398500349477721 1466
0.010632175815088204 0.0105888363377066 1466
0.010431509279422334 0.010682042009542229 1466
0.010634168063243202 0.010589023829240566 1467
0.010645886073116072 0.010398477321096687 1467
0.01077076991359583 0.010321224807537657 1467
0.010969230397654888 0.010402991329715856 1467
0.010965631564143799 0.010617797365622416 1467
0.010783596558741346 0.010704072097784753 1467
0.010967630316748687 0.01061788857244687 1468
0.010971232576656753 0.01040287802284154 1468
0.011097820961920133 0.010321440268961415 1468
0.011292678035184902 0.010411067727964541 1468
0.01130021417957257 0.01060762518634773 1468
0.011121648415995384 0.01071478324892801 1468
0.011302213785590353 0.010607576583928448 1469
0.011294674320756657 0.010410932521786201 1469
0.011444064855123231 0.010309793853871298 1469
0.011636040293278383 0.010414882410336484 1469
0.011643880328967342 0.010581117422618091 1469
0.01146446278391627 0.010697461532553952 1469
0.011645880146848673 0.010581066424927846 1470
0.011638036940516875 0.010414764184399834 1470
0.011797836981841593 0.010297753581901017 1470
0.01198120743964198 0.010387398857431198 1470
0.011996378074400856 0.010562790990891729 1470
0.011808747307665492 0.010680322512617035 1470
0.011998378836417762 0.010562713466442102 1471
0.011983198751753646 0.010387212079870728 1471
0.012148406243820138 0.010261790274525218 1471
0.0123389368298397 0.010382165404943258 1471
0.012312899760413469 0.010583747761282545 1471
0.012157739814107883 0.010656403450154698 1471
0.012314894122975572 0.010583920036222327 1472
0.012340934401358288 0.010382312835727218 1472
0.01249607833740215 0.010303457625121125 1472
0.012649372671986627 0.010385318405790586 1472
0.012657620125231136 0.010604641605916463 1472
0.012491309476109956 0.010696862704794753 1472
0.012814127414519495 0.010682742837930076 1473
0.012659619663655454 0.010604591740485064 1473
0.012651373421932085 0.010385300758146436 1473
0.012834473944833048 0.010289682881907054 1473
0.012967068645416453 0.010366968992593274 1473
0.01299132481911139 0.010587205229129475 1473
0.012969077093672871 0.010366935894256565 1474
0.013202727656986837 0.010247816348177745 1474
0.013328561297559169 0.010369612344221865 1474
0.013288601927273345 0.010569348032044361 1474
0.01312622997023149 0.010652279701853458 1474
0.012993326398622416 0.010587109765365569 1474
0.013599 0.010320709217704544 1475
0.013599 0.01075526047054492 1475
0.013520138355837557 0.010753650757199005 1475
0.013290587427422626 0.010569618607596875 1475
0.013330496537359654 0.010370134144587614 1475
9.9999999999999974e-07 0.010820894974022411 1476
9.9999999999999995e-07 0.010609991192969999 1476
0.00023374336487698476 0.010554209081011887 1476
0.00037993107827902336 0.010656550503371633 1476
0.00035970108969469327 0.010840077345027628 1476
0.00025424068189692703 0.010899114916484282 1476
0.00036170100772354156 0.010840187984902947 1477
0.00038192607263659589 0.010656705810886525 1477
0.00053215959557300339 0.010576780189168527 1477
0.0007072925726863739 0.010654249782878876 1477
0.00071157112707639979 0.010861927119660187 1477
0.00054109050565448089 0.010953921811958615 1477
0.00071357166794863919 0.010861932773385308 1478
0.00070929057426380253 0.010654132181425835 1478
0.00084626738598913372 0.010566291321459136 1478
0.0010259325882140584 0.010632120033468338 1478
0.0010281725683703277 0.010868818320794185 1478
0.00087246084065641929 0.010953609052802521 1478
0.0010301722286502656 0.010868772959409627 1479
0.001027931396529745 0.010631984645179515 1479
0.0011480566234891225 0.010560564910237775 1479
0.0013428057762475251 0.010655890676920434 1479
0.0013451183033947908 0.010868929013756986 1479
0.0012056779751786954 0.010951677945990418 1479
0.001347117458511594 0.010868840325409865 1480
0.0013448049681656269 0.010655805378841587 1480
0.0015066186609982183 0.010551699774061812 1480
0.0016902730985517058 0.010685057645007937 1480
0.0016807271794007322 0.010847500207064124 1480
0.0015258790650627997 0.010947865328766118 1480
0.0016827291985638078 0.010847524561282034 1481
0.0016922705031299935 0.010685160525448833 1481
0.001872038609875195 0.010579089633890839 1481
0.0020322384092970125 0.010674652794126641 1481
0.0020084842288528052 0.010911707337075143 1481
0.0018847709292552739 0.010971338790493475 1481
0.0020104880820419478 0.010911768839481398 1482
0.0020342326762585691 0.010674809962169705 1482
0.0021940504149031382 0.010607288345297804 1482
0.0023309176737542955 0.010681727358648679 1482
0.0023513332376040009 0.010886123789219158 1482
0.0021928940392192328 0.010999970166412548 1482
0.0023329211612891131 0.010681662640819637 1483
0.0025188844510432343 0.010580442210302337 1483
0.0027011717128512676 0.010716504455130975 1483
0.0027056194819472688 0.010826376172541095 1483
0.0025318642145431653 0.010962924727448097 1483
0.0023533222204625399 0.010885913853551426 1483
0.002707618026682913 0.01082629975874083 1484
0.0027031707857806831 0.010716441089120623 1484
0.0028834974820594267 0.010566480302204057 1484
0.0030645250479492949 0.010642531459843611 1484
0.0030628753945446288 0.010855971962808339 1484
0.002889329060244123 0.010948564179112838 1484
0.0030648751943523908 0.01085600559344505 1485
0.0030665259407252447 0.010642423676727051 1485
0.0031992681838692682 0.010558801843337844 1485
0.0033994766993206754 0.010675296680699524 1485
0.0033964749444342765 0.010860988425036727 1485
0.0032361310908589603 0.010956954441810553 1485
0.0033984754873457724 0.010860971004156833 1486
0.0034014773172881744 0.010675274616775626 1486
0.0035614925680278612 0.010570993712024974 1486
0.003733005573805531 0.010665841358590627 1486
0.0037366244766965581 0.010857122405464638 1486
0.0035745629124867306 0.010956542565517119 1486
0.0037386238328873662 0.010857069458625758 1487
0.0037350051769953225 0.010665801467151544 1487
0.0039042498825291629 0.010562948348590399 1487
0.0040462352053587461 0.010630750912875171 1487
0.0040572930681164517 0.01086386524442493 1487
0.0039157713465424538 0.010951512964091858 1487
0.0040592878042525317 0.010863706866522308 1488
0.0040482357861917227 0.010630715748891927 1488
0.0042055673459634102 0.010553799111635367 1488
0.0043716404704596066 0.010655316292341933 1488
0.0043526531358364573 0.010871676604705584 1488
0.0042442534604235039 0.010934963576333209 1488
0.0043546627862702794 0.010871654227816422 1489
0.0043736375654424781 0.010655436984574556 1489
0.0045303510338282156 0.010578947670552414 1489
0.0047109833174213663 0.010695917168835783 1489
0.0047149716998580267 0.010823237713503289 1489
0.004545296396154635 0.010955984101789489 1489
0.0047169708373788121 0.010823178862866153 1490
0.0047129821506184666 0.010695848603318542 1490
0.0048839456024948134 0.010566784358474638 1490
0.0050609625759301885 0.010646214255527382 1490
0.0050771663692474409 0.010860938080646261 1490
0.0048969466737746404 0.010948237140970724 1490
0.0050791714989797997 0.010860930700774861 1491
0.0050629555275199167 0.010646045497556595 1491
0.0052232895845639032 0.01053642903554252 1491
0.0054031433535857492 0.010644023477943155 1491
0.0054063993392360638 0.010837600927770204 1491
0.0051950330942358873 0.010925725993933991 1491
0.0054084019576508113 0.010837739780969939 1492
0.0054051432260801323 0.010643999078500345 1492
0.0055818153970303352 0.010533554383036183 1492
0.0057388322961550485 0.010623833684757621 1492
0.0057441478743594874 0.010833431923795829 1492
0.0055170000385432122 0.01091474214677495 1492
0.0057461532363570047 0.010833617995672317 1493
0.0057408328548743956 0.01062383035886642 1493
0.0059140462693725105 0.010528769998718074 1493
0.0060847700071289135 0.010640780218218916 1493
0.0060579396823599333 0.010838575632336077 1493
0.0058543662773898027 0.010914175400508111 1493
0.0062065013692421973 0.010957591472236558 1494
0.0060599165439338435 0.010838881239309286 1494
0.0060867630868316454 0.010640966263780404 1494
0.0062429218936614628 0.010568384465433718 1494
0.00640671637278641 0.010672639295091413 1494
0.0064039760342131068 0.010864256523952821 1494
0.006408715767680399 0.010672695907296645 1495
0.0065892806569780244 0.010574985232671075 1495
0.0067521673983773917 0.010689356089269388 1495
0.0067480647695183178 0.010859256453032677 1495
0.0065500514393592689 0.010964287867656868 1495
0.0064059745305424867 0.010864375967978242 1495
0.0067500628011437878 0.010859362112205576 1496
0.0067541659251054535 0.010689441244976439 1496
0.0069534942142220023 0.010578620368852211 1496
0.0070755316599853393 0.010648452818409038 1496
0.0070888917264647616 0.010871663804777514 1496
0.0069110014892590412 0.010975139686931317 1496
0.0070908903577674197 0.010871581137033166 1497
0.0070775380226983358 0.010648499321857822 1497
0.0072669218325523447 0.010568465262197135 1497
0.0074151347285801783 0.010683179312351658 1497
0.0073743267372057917 0.010908456079981635 1497
0.0072683845296799355 0.010959888481726628 1497
0.0073763392066810568 0.010908566927281852 1498
0.0074171053696483408 0.010683521069530794 1498
0.0076144694050714248 0.010617613982104217 1498
0.0076892946204107976 0.010657206388252701 1498
0.007729933483616014 0.010878667027893307 1498
0.0075790459409219389 0.011007384429248522 1498
0.0077319000534589047 0.010878302866508323 1499
0.0076913179696824841 0.010657151645183775 1499
0.0078970679994001501 0.010568300242824812 1499
0.0080449791023430185 0.010660334984082932 1499
0.0080396422727598369 0.010869134691487767 1499
0.0079351034167293947 0.010949830417928305 1499
0.0080416480442194738 0.010868934442576254 1500
0.0080469779473199225 0.010660405728941261 1500
0.0082217652523263098 0.01057026362587868 1500
0.0083882470032317601 0.01068087074050517 1500
0.0083858411054627026 0.010860126050143143 1500
0.0082729808597822134 0.010950527106996502 1500
0.0083878435478377585 0.010859957498056011 1501
0.0083902465291675905 0.010680919482445608 1501
0.0085686281154614286 0.010577332844389123 1501
0.0087365893358160342 0.01068625685030207 1501
0.0087303765056755168 0.010875957331545078 1501
0.0086129092589162983 0.010957018366080014 1501
0.0087323806802063631 0.010875862609771138 1502
0.0087385883322248659 0.010686320235576925 1502
0.0089107514176213331 0.010589338501598555 1502
0.009076449911028673 0.010689903247922796 1502
0.0090856341665019446 0.010850675920339784 1502
0.0089318898666513012 0.010967494865308883 1502
0.0090876293459890446 0.010850534456869022 1503
0.0090784490726764783 0.010689831493163889 1503
0.0092620402813233856 0.010565739047417439 1503
0.0094311225705766902 0.010689370363679156 1503
0.0094108070440104916 0.010880699106759321 1503
0.0092787001359705985 0.010953272613891431 1503
0.0094128107292543086 0.010880770283305504 1504
0.0094331129485430744 0.0106895668662737 1504
0.0096116853682159942 0.010605043488513472 1504
0.0097451716928005014 0.010685340649413431 1504
0.0097651824197285287 0.010857220968782416 1504
0.0095969066546345537 0.010982669502220871 1504
0.009767174376423186 0.010857035850949855 1505
0.009747176217332473 0.010685263481876671 1505
0.0099502194985219353 0.010563851015067622 1505
0.010101053215837163 0.010687190459860569 1505
0.01008637816704239 0.010865269864196942 1505
0.0099390646036512757 0.010946517449627883 1505
0.010088378013924766 0.010865353990154938 1506
0.010103041488908438 0.010687415032192218 1506
0.010305402055866532 0.010594968260994181 1506
0.010430414524732836 0.010683717563990702 1506
0.010434144009470578 0.01086389728970022 1506
0.010261375793916498 0.010970889066297111 1506
0.01043614413835829 0.010863882820077169 1507
0.010432417187626289 0.010683825517836702 1507
0.010633008193852279 0.010590654927945174 1507
0.010782423077809147 0.010705692716665879 1507
0.010766355986627911 0.010872202438037855 1507
0.01059905733522081 0.010964704602004761 1507
0.010948929651074787 0.011004440445442082 1508
0.010768350857768543 0.010872351860307976 1508
0.010784412496719718 0.010705898642586701 1508
0.010966553205165715 0.010619573812907407 1508
0.011120649088444611 0.010716517424277835 1508
0.01112452281323245 0.010879643898421044 1508
0.011122649592957437 0.010716514926413507 1509
0.011301256081744119 0.010609332424464444 1509
0.011463543461880416 0.01069923863637718 1509
0.011476963830308043 0.010891632252185606 1509
0.011310502295907155 0.010993176916077558 1509
0.01112652198546569 0.010879585296914025 1509
0.011478962323333484 0.010891540978183388 1510
0.01146554182582708 0.01069914551190921 1510
0.011644922790083174 0.010582825122953537 1510
0.011807785680222256 0.010682078607964803 1510
0.011818188383918968 0.010866541505920514 1510
0.01162860064544851 0.010969457820118935 1510
0.011820191456242494 0.010866539635206869 1511
0.01180978621393926 0.01068203172215419 1511
0.011997443486026282 0.010564483597531779 1511
0.01215664521127769 0.010658079955071863 1511
0.012141456472955342 0.010870235427384469 1511
0.011957409884094092 0.010950837590803458 1511
0.012143449039563499 0.010870410757585002 1512
0.012158642511843874 0.010658189161603663 1512
0.012313746140327434 0.010585559844293579 1512
0.012490241142357703 0.010698553504793243 1512
0.012479923651490532 0.010880070576798424 1512
0.012298626075861531 0.010977528516325177 1512
0.012481920680859078 0.01088017963403356 1513
0.012492239810660173 0.010698633728032658 1513
0.012658664023328022 0.010606349656908622 1513
0.012813165447993394 0.010684497554518248 1513
0.012821842416970758 0.010911161615999225 1513
0.012645475441744694 0.010992083022072958 1513
0.012823845051460669 0.010911192168272599 1514
0.012815165300154883 0.01068445542543685 1514
0.012992414277940206 0.010588890010475152 1514
0.013125298435512234 0.01065405042719208 1514
0.013147778956655523 0.010882637435540018 1514
0.012955054212176111 0.010984429954235686 1514
0.013274332755852764 0.010947766199915211 1515
0.01314978222184579 0.010882572527807275 1515
0.013127301004125251 0.010653978436504759 1515
0.013289366596637125 0.010571203242743032 1515
0.013518173445764677 0.010754638860187019 1515
9.9999999999999995e-07 0.011197524599281704 1516
9.9999999999999995e-07 0.010822988205322553 1516
0.00025326486432695957 0.010900906741258412 1516
0.00022331268535163455 0.011155892240245246 1516
0.00022528328440278697 0.011156259596842584 1517
0.00025528877570410555 0.010900820245397911 1517
0.00036060683334189741 0.010841862362688122 1517
0.00054002819468482481 0.010955616391304249 1517
0.00053250103374927996 0.01114899163220248 1517
0.00033319303158059992 0.011230974238575232 1517
0.00053449527917341178 0.011149178379569939 1518
0.00054202687762122431 0.010955689137521591 1518
0.00071256718483051482 0.010863662237599811 1518
0.00087143698859472232 0.010955327341474643 1518
0.00086805670609422408 0.011157486247667573 1518
0.00066520067872400453 0.011244509390370956 1518
0.00087005435273066498 0.011157643711098323 1519
0.00087343680736127224 0.010955354899950144 1519
0.0010292103541653325 0.010870530505185745 1519
0.0012047158234547199 0.010953435360805019 1519
0.0011996059829645475 0.011163757806962734 1519
0.0010011653718028364 0.01125193727438157 1519
0.0012016031314963835 0.011163899465865389 1520
0.0012067175970542742 0.010953386650642716 1520
0.0013461915929610191 0.010870617738784397 1520
0.0015250110460875491 0.010949668314330883 1520
0.0015389135448294292 0.011161564473564258 1520
0.0013525609276466813 0.011268360749635444 1520
0.0015409134739999349 0.01116149785450498 1521
0.0015270055216422308 0.010949518573505622 1521
0.0016817107124653913 0.010849246087971753 1521
0.0018835980958675058 0.010972965730829195 1521
0.0018424119741365364 0.011182121606823194 1521
0.0017071523383047859 0.011249067652316746 1521
0.001844413266526668 0.011182310086825279 1522
0.001885598199312063 0.010973160248664959 1522
0.0020094226690866961 0.010913475209744837 1522
0.0021920524448599942 0.011001784762840668 1522
0.0022097261806704287 0.011186723506120043 1522
0.0020493279351700327 0.011308019526999545 1522
0.0022117156158029164 0.011186517606737211 1523
0.0021940444997858386 0.011001606277089918 1523
0.0023525094502827972 0.010887741395733999 1523
0.002531097314390285 0.010964772054840713 1523
0.0025569385376113434 0.011160372125786971 1523
0.0023948945982491632 0.011271222509019995 1523
0.0025589283160953307 0.011160163214968509 1524
0.002533080420542894 0.010964512639118519 1524
0.0027066849660135391 0.010828082531626171 1524
0.0028882464688961681 0.010950246340156476 1524
0.0028799337327119947 0.011144640013505127 1524
0.0027195095079972685 0.011231253768592476 1524
0.0028819333398388061 0.011144691943709699 1525
0.0028902441722048274 0.010950342791225873 1525
0.0030638463894878047 0.010857720759660672 1525
0.0032351167173455694 0.010958678114759739 1525
0.0032293080014355537 0.011142048282732535 1525
0.0030474248330347462 0.011241774405404165 1525
0.0032313062228019086 0.011142136100428142 1526
0.0032371171823579984 0.010958695104795002 1526
0.0033974900280561342 0.010862711736195815 1526
0.0035736100735856398 0.010958301002292612 1526
0.003579454097486568 0.011166526770275693 1526
0.0033954179052742201 0.011254947171722981 1526
0.0037101165565298021 0.011242703929427288 1527
0.0035814560306132587 0.011166567588356123 1527
0.003575609344543389 0.010958246965837597 1527
0.0037376699531840168 0.010858827391999643 1527
0.0039148046952332547 0.010953264088478127 1527
0.0039134940022989215 0.011151746359496088 1527
0.0039168049949878398 0.010953225299222243 1528
0.0040584239579540922 0.010865517355681599 1528
0.0042433109338292398 0.010936743754465452 1528
0.0042325377773082037 0.011174362355229272 1528
0.004045717563106236 0.01124329421134135 1528
0.0039154931694043039 0.01115187909080026 1528
0.0042345316890430194 0.011174541956062135 1529
0.0042453168468948527 0.010936658647417561 1529
0.004353666914751881 0.010873400638164337 1529
0.0045445218355187212 0.010957828412601229 1529
0.0045686837351892155 0.011142042799653119 1529
0.0043633635857969252 0.011257650902448579 1529
0.0045706901905797478 0.01114196141409473 1530
0.0045465060045814468 0.010957577112331139 1530
0.0047160222540159596 0.010824955161009392 1530
0.0048957943514987166 0.010949871868788956 1530
0.0048746575810125472 0.011133175210005005 1530
0.0047098688024955681 0.011221730614052136 1530
0.0048766559178264916 0.011133304563130443 1531
0.0048977867771313726 0.010950052485151667 1531
0.0050781815783594239 0.010862668602977682 1531
0.0051940186729101624 0.010927450194181627 1531
0.0052144564169067393 0.011163562455842449 1531
0.0050682886771414096 0.011256537690209165 1531
0.0052164468791191295 0.011163365870210811 1532
0.0051960285436352671 0.010927477830354174 1532
0.0054072841121837892 0.010839398908595447 1532
0.0055158654040870746 0.01091638937002912 1532
0.0055241399669014955 0.01114144868209155 1532
0.0053932676027420839 0.011229687735237208 1532
0.0055261347326375082 0.011141269561948944 1533
0.0055178728083394944 0.010916554004097072 1533
0.0057449985004794594 0.010835251707705726 1533
0.0058531966702502821 0.010915798041877022 1533
0.0058498579455895797 0.011117626529599902 1533
0.0057175383479870006 0.011214502996380309 1533
0.0058518601377180179 0.011117510554994483 1534
0.0058551935760481353 0.010916001630043715 1534
0.0060586636923281537 0.010840440219539416 1534
0.006205318182661409 0.01095920686998 1534
0.0061893703648530189 0.01114261685713689 1534
0.0060738814851994836 0.011222114268922206 1534
0.0061913814288042587 0.011142576402710918 1535
0.0062073069481932983 0.010959422861473824 1535
0.0064048719583738927 0.010866045212191078 1535
0.0065489902455231307 0.010965985806181895 1535
0.006551872519147248 0.011148850325954815 1535
0.0064129903338809892 0.011250986075467434 1535
0.0065538706847356248 0.011148718181736784 1536
0.0065509915552739561 0.010966053141899246 1536
0.0067489704117724295 0.010861040013000235 1536
0.0069099323347058365 0.010976834302606198 1536
0.0069063344408856068 0.011137974740014574 1536
0.0067507902348163873 0.01124388038872997 1536
0.006908335216050044 0.011137962347295863 1537
0.0069119310826405364 0.010976912704308592 1537
0.0070899637384922365 0.010873353979525203 1537
0.0072672875414873514 0.010961576561848435 1537
0.007234733913235804 0.011190679539359009 1537
0.0070992316201899282 0.011256139517286401 1537
0.0072367332934647477 0.011190825282753922 1538
0.0072692943518634714 0.010961670014026266 1538
0.0073752193165333236 0.010910245983274457 1538
0.0075782679698933467 0.011009230167385923 1538
0.0075978486779222556 0.011173945601844981 1538
0.0074239353601424519 0.01130080298921993 1538
0.0075998412826311429 0.011173764932761392 1539
0.0075802527631047677 0.011008983786980913 1539
0.0077312321375288505 0.010880188046874618 1539
0.007934296445962729 0.010951666651014319 1539
0.0079377381806147781 0.011148662981766699 1539
0.0077588814799672149 0.011256307133131499 1539
0.0079397384529777248 0.011148661101417634 1540
0.0079362927717495802 0.010951438878466004 1540
0.0080408102060540321 0.010870759687903186 1540
0.0082721867260561049 0.010952367767177755 1540
0.008276302516511163 0.011152858847372386 1540
0.008106179034130849 0.0112523534294051 1540
0.0084458507905659005 0.011246731659007555 1541
0.0082783024060520214 0.011152832940230305 1541
0.0082741822114808447 0.010952127323846898 1541
0.008386990672715847 0.010861767746334407 1541
0.0086119833094658298 0.010958797100638594 1541
0.0086004023608306415 0.011161424093262408 1541
0.0086139920581730593 0.010958701135612488 1542
0.008731459138405619 0.010877640215993184 1542
0.0089310662638041986 0.010969317453756497 1542
0.008945770728352502 0.011157294785682005 1542
0.0087721871275982521 0.011258403950206948 1542
0.0086024029260724933 0.011161471310891822 1542
0.0089477715537840275 0.011157227232376148 1543
0.0089330569235557596 0.010969119945538581 1543
0.0090867557799314928 0.010852335529711694 1543
0.0092776478981085719 0.010954977615472216 1543
0.0092587251750725665 0.011157371211349774 1543
0.009099335958253893 0.011240741618806253 1543
0.009260724060727232 0.011157476421406586 1544
0.0092796515476300453 0.010955031872178819 1544
0.0094117444848276274 0.01088246603998998 1544
0.0095960332296271909 0.010984471986678816 1544
0.0096094156932589655 0.011150793624320497 1544
0.0094363768283241348 0.011264472673556602 1544
0.0096114138037279393 0.011150689809067206 1545
0.0095980281130698866 0.010984328064886783 1545
0.0097663371061957084 0.010858854760157809 1545
0.0099380534627403257 0.010948245846262951 1545
0.009929713436947275 0.01115491618132735 1545
0.0097715756391082882 0.011239606824819868 1545
0.0099317133956549775 0.011154957542404391 1546
0.0099400547051018834 0.010948255397705466 1546
0.010087305449992576 0.010867042458449409 1546
0.010260390722021473 0.010972630907986341 1546
0.010263894972421306 0.011150599735907945 1546
0.010103775205273207 0.011252128563552878 1546
0.010265894202616043 0.011150540951805852 1547
0.01026239075653204 0.010972612972319322 1547
0.010435155777918764 0.010865623173804101 1547
0.01059801305250716 0.010966410347219704 1547
0.010592684642755566 0.011155283399369911 1547
0.010439308488287107 0.011244487631397944 1547
0.010594685199028635 0.011155291887462979 1548
0.01060001239404266 0.010966461893411357 1548
0.010767225805594588 0.010874006859956226 1548
0.010947909273969283 0.01100617201211926 1548
0.01094490499648113 0.011134416066129291 1548
0.010764955119987225 0.011250868302326453 1548
0.010946904038773431 0.011134480370983333 1549
0.010949909215825273 0.011006197917160041 1549
0.011125573985553951 0.010881350477624206 1549
0.011309466809826887 0.010994888081792798 1549
0.011299485862707917 0.0111697141991044 1549
0.011113861529011908 0.011261060848632952 1549
0.01130148011080964 0.011169871993532501 1550
0.011311467627797221 0.010994930798502637 1550
0.011478042573899261 0.01089331695134191 1550
0.011627659063961912 0.010971222425303332 1550
0.011645644818611809 0.011189734169846482 1550
0.011461682545075024 0.011288670078499763 1550
0.01164764580427975 0.011189663973580262 1551
0.011629660536534421 0.010971158144516784 1551
0.011819191554503563 0.010868272620626758 1551
0.01195633710380732 0.010952525804448257 1551
0.011958343106692837 0.011172605310330035 1551
0.01179265979310915 0.011262735357665506 1551
0.011960342997076665 0.011172584169577652 1552
0.011958337995494667 0.010952614517168691 1552
0.012142301403440156 0.01087204878236165 1552
0.012297541604477338 0.010979210143334799 1552
0.012291201389338728 0.011151546853276063 1552
0.012121320534120251 0.011255515718297882 1552
0.012293201079912618 0.011151592041204897 1553
0.012299539348767301 0.010979308234226919 1553
0.012480827789214362 0.01088185520538916 1553
0.012644323458124494 0.010993718162980511 1553
0.012623783905018608 0.011197404652711735 1553
0.012471286628307791 0.011268071298248248 1553
0.012625778708505073 0.011197556769463143 1554
0.012646315458837142 0.010993898074258757 1554
0.012822823021515167 0.010912912163283953 1554
0.012954094421403002 0.010986184689650538 1554
0.012973978740708412 0.011198526800325381 1554
0.012784186677245393 0.01129749858194613 1554
0.013085171542486998 0.011260910294998426 1555
0.012975984263767623 0.011198492341918718 1555
0.012956098982866518 0.010986139962486045 1555
0.013148841992029961 0.010884337796828875 1555
0.013273611249462617 0.010949645955666313 1555
0.013339654795847635 0.011164374199387764 1555
0.013599 0.010757260887145821 1556
0.013599 0.01115317487918743 1556
0.01334161530762952 0.011163945191659048 1556
0.013275601252967605 0.01094931283476157 1556
0.013520117118955186 0.010755650740315498 1556
9.9999999999999995e-07 0.011466810493655114 1557
9.9999999999999995e-07 0.011199559366905944 1557
0.00022399387826945697 0.011157799441293234 1557
0.00033199898565721488 0.011232580108608441 1557
0.00029768014618370732 0.011491121998327919 1557
0.00029965938361552126 0.011491410574024212 1558
0.00033398592222668903 0.011232810682646453 1558
0.00053333816455202311 0.011150809878693529 1558
0.00066405703110871339 0.01124615071176132 1558
0.00065843734148990233 0.011444501767750935 1558
0.00050527128893520026 0.011535113714494609 1558
0.00066043828658389654 0.011444496736321592 1559
0.00066605303731016234 0.011246320002157237 1559
0.00086892065419693547 0.011159291887670829 1559
0.0010000396776402942 0.011253591207607383 1559
0.00099720472405183305 0.011446972505434116 1559
0.00084120646342639941 0.011542953394899847 1559
0.0009992052195308531 0.0114469533663458 1560
0.0010020377377010108 0.011253738196230684 1560
0.0012004831375333218 0.01116555660090859 1560
0.0013515057584377818 0.011270062742759594 1560
0.0013499777934984003 0.011431561524951509 1560
0.0011820746876388133 0.011548752623280626 1560
0.0013519780661970595 0.011431542162915318 1561
0.0013535052616321713 0.011270124713743076 1561
0.0015399725482287852 0.011163262722113048 1561
0.0017060961654203604 0.011250771811098088 1561
0.0016908216640527678 0.011474580898500801 1561
0.0015519615286204414 0.011559368901740134 1561
0.001692827701529635 0.0114745606032048 1562
0.0017080967237757894 0.011250831798433862 1562
0.0018432460146904713 0.011183940367576769 1562
0.0020483840077939026 0.01130978681108534 1562
0.0020476459592202929 0.01146047816677283 1562
0.0018950883466895656 0.011572985736700821 1562
0.0020503843190802706 0.01130972815179019 1563
0.0022108995022689648 0.011188343700540155 1563
0.0023940299555295038 0.011273026162148371 1563
0.0024068222868152698 0.011475580806102708 1563
0.0022456589986786257 0.011575424702639357 1563
0.002049646297439658 0.011460414008422477 1563
0.0024088196113178249 0.011475475349978838 1564
0.0023960242621708164 0.011272872921004248 1564
0.0025581151275634578 0.011161990436796138 1564
0.002718583869171164 0.011233031207792527 1564
0.0027302965031961645 0.011476795882950929 1564
0.0025749952112261052 0.011557635373860165 1564
0.0027322955521054764 0.011476728067504658 1565
0.0027205821555386289 0.011232947522238367 1565
0.0028808882030122887 0.011146397571571034 1565
0.0030464202700123564 0.011243503835122071 1565
0.0030507866034273803 0.011448819792501539 1565
0.0028756021285513697 0.011541489466170779 1565
0.0030527871940941214 0.01144882630312786 1566
0.0030484208363709456 0.011243509202718124 1566
0.0032302303268559288 0.01114382347747819 1566
0.0033942831125753263 0.011256594062893584 1566
0.0033778813202572518 0.011449366586147446 1566
0.0032019460472215598 0.011533566591154667 1566
0.0033798744613232411 0.011449532130375558 1567
0.0033962767833567971 0.011256753381302711 1567
0.0035804228988235596 0.011168280167100678 1567
0.0037090904915996772 0.011244420690067003 1567
0.003724366875696244 0.011469293132433556 1567
0.0035459809802521683 0.011565645491728612 1567
0.0037263671213380407 0.011469228892990161 1568
0.0037110975082152225 0.01124445612116046 1568
0.0039143797960496133 0.011153541109215324 1568
0.0040445415263624784 0.011244912241214001 1568
0.0040319994403909057 0.011461941683672736 1568
0.0038754881249563724 0.011543853531105808 1568
0.0040339998245626533 0.011461992777549605 1569
0.0040465325505470908 0.011245125301193967 1569
0.0042333842885196237 0.01117618181362099 1569
0.0043623773996501634 0.011259394758763348 1569
0.0043789963359319112 0.011439656637465701 1569
0.0042087427154203589 0.011558091333980657 1569
0.0043809910362551784 0.01143950715483949 1570
0.0043643837580276193 0.01125937172843914 1570
0.004569758728072245 0.011143732758183136 1570
0.0047088696306819547 0.01122346315104868 1570
0.004714405061886604 0.011416730707201795 1570
0.0045485243424400225 0.011525847614901328 1570
0.0047164039149474564 0.011416662026827003 1571
0.0047108704419049057 0.011223462839187483 1571
0.004875545680733665 0.011134968449931873 1571
0.0050672345021668076 0.011258237628832648 1571
0.0050517815692677883 0.011426740852136375 1571
0.0048963301451725415 0.011516651968782621 1571
0.0050537801594496496 0.011426847740233326 1572
0.0050692367185959149 0.01125830497528703 1572
0.0052156208469236994 0.011165192099212639 1572
0.0053924425840146256 0.011231514344370305 1572
0.0054065403221676992 0.011451335716407468 1572
0.0052383395939149683 0.011550688557805406 1572
0.0054085385007517691 0.011451243248779806 1573
0.0053944338161622451 0.011231313563254719 1573
0.0055252877939881021 0.011143086906864282 1573
0.0057167466813034208 0.011216341489046058 1573
0.0057347764408765206 0.01142730031145768 1573
0.0055694215937545843 0.01153055000029702 1573
0.005736772094766209 0.011427164149128441 1574
0.0057187338829218894 0.011216106430157717 1574
0.0058509608996711957 0.01111929774552084 1574
0.0060729122668814247 0.01122386848876193 1574
0.0060546777425511816 0.011413187994462594 1574
0.005892372501091701 0.011500095925445064 1574
0.0062364408724442533 0.011536976149434958 1575
0.006056673648318133 0.011413326596533151 1575
0.0060749258655523304 0.011223823394687164 1575
0.0061904113392046252 0.01114432832744172 1575
0.0064120867027196524 0.011252770511245321 1575
0.0064096720502484954 0.011437212185442237 1575
0.0064140883049297395 0.011252661218584571 1576
0.0065529877369500875 0.011150512785586649 1576
0.0067498910632355089 0.011245667152361992 1576
0.0067549333872220316 0.011446009256867878 1576
0.0065746546096858444 0.011537468614390291 1576
0.0064116718558681774 0.011437240124182639 1576
0.0067569347909843562 0.01144603986670437 1577
0.0067518887979584347 0.011245551983570046 1577
0.0069073486074191113 0.011139703798117366 1577
0.0070980870400581784 0.011257783173573795 1577
0.0070688540928058362 0.011456168651980863 1577
0.0069013561387891104 0.011532446269767876 1577
0.0070708430338676607 0.011456390264933884 1578
0.0071000842343417539 0.011257948777143595 1578
0.0072356029873672087 0.011192480847543386 1578
0.0074230122528015485 0.011302580279396523 1578
0.007427853635357788 0.011457808099580764 1578
0.0072419403631445124 0.011577022119136514 1578
0.0074298542592007299 0.011457796920369422 1579
0.0074250105422689365 0.011302494253790691 1579
0.0075989997613426404 0.011175581501823968 1579
0.0077579766509037395 0.011258090845324342 1579
0.0077792470142220181 0.01146996280159813 1579
0.0075917544652756731 0.011565495966133217 1579
0.0077812523416390389 0.011469915726616237 1580
0.0077599758544105585 0.011257982770686955 1580
0.0079387390858493799 0.011150394873371446 1580
0.0081051535003677355 0.011254070899569672 1580
0.0081022474743267913 0.011430196541583561 1580
0.0079021559067554408 0.011535250355465839 1580
0.008104246068075277 0.011430298268937992 1581
0.0081071532829244328 0.011254100576774943 1581
0.0082773249516304732 0.011154577813574816 1581
0.0084448323262250342 0.01124845354926636 1581
0.0084400545561831037 0.011439376006484954 1581
0.008260005714683577 0.011541785808056525 1581
0.0084420539937696115 0.011439423501599521 1582
0.0084468324339529131 0.011248474265143728 1582
0.0086013609506936945 0.011163179424212745 1582
0.0087711966458634497 0.011260141462110164 1582
0.0087727645186799607 0.011461546065884299 1582
0.0086156432631519491 0.011549066404637633 1582
0.0087747643804411465 0.011461520523535025 1583
0.0087731966210364363 0.011260130488327132 1583
0.0089468303399826248 0.011158992130903246 1583
0.0090983306866449388 0.011242471220467225 1583
0.0091007118405355952 0.011441531772298563 1583
0.008936252907723501 0.011545174168517865 1583
0.0091027114061836261 0.011441483499658046 1584
0.0091003309140254875 0.011242478267577804 1584
0.009259632809050667 0.011159153534814059 1584
0.009435402366699994 0.011266220927875029 1584
0.0094370440436223127 0.011438518075804729 1584
0.0092871438343129966 0.011542648179347298 1584
0.009439043232641801 0.011438423433885679 1585
0.009437402182269454 0.011266192043579428 1585
0.0096105034887793584 0.011152471972929491 1585
0.0097705678111687823 0.011241334852413487 1585
0.0097708473121475865 0.011450991100253808 1585
0.0096306363442823159 0.011536630336545251 1585
0.0097728472178837712 0.011450919058962115 1586
0.0097725678254286935 0.011241344215765883 1586
0.009930676780723225 0.011156669018888175 1586
0.010102807521724195 0.011253878968680185 1586
0.010103632508496769 0.011439492512852483 1586
0.0099528778778857144 0.01153640401840066 1586
0.010105632266677222 0.011439433661314643 1587
0.010104807378292687 0.011253842253439894 1587
0.010264945634922045 0.011152301701974785 1587
0.010438318937303372 0.011246226178990114 1587
0.01043599207132098 0.011447046641211801 1587
0.010294299226314446 0.011539404589904679 1587
0.010437993224139913 0.011446958733436497 1588
0.010440319219007305 0.011246213452905024 1588
0.010593677352600812 0.011157019701895478 1588
0.010764017587308501 0.011252635585480239 1588
0.010772391971108297 0.011440403324409425 1588
0.010636275345470255 0.011539340310470367 1588
0.010774385771244064 0.011440219735510617 1589
0.010766016373062948 0.011252563782519322 1589
0.010945846946429605 0.011136188751798616 1589
0.011112704279152711 0.01126269329403427 1589
0.011096228686099082 0.011448440722648832 1589
0.010976349932179271 0.011525245323319715 1589
0.011114695620351035 0.011262879439327148 1590
0.011300345255950034 0.011171520338607424 1590
0.01146056417798035 0.011290330650073671 1590
0.011449812453000325 0.011458006099347452 1590
0.011301871576937562 0.011550387725995665 1590
0.011098237625957401 0.011448428458947836 1590
0.011451813039098691 0.011458061015478534 1591
0.011462559388682476 0.011290469396658176 1591
0.011646710201328512 0.011191432090649168 1591
0.011791710885212173 0.011264496770479136 1591
0.011804130364253372 0.011489958352958574 1591
0.011636424392794092 0.011577396140151875 1591
0.011806131498451134 0.011489923900078292 1592
0.011793710811444346 0.01126444038835102 1592
0.011959361270736631 0.011174328213417873 1592
0.012120400446465278 0.011257291516827028 1592
0.012133291331816448 0.011461309433106255 1592
0.011941437232506295 0.011560562921759642 1592
0.012135294995500024 0.011461304294358597 1593
0.012122398696664319 0.011257200701432298 1593
0.012292163225451312 0.011153303029406524 1593
0.012470121515697026 0.011269699051539267 1593
0.012440948493681341 0.011468687129344547 1593
0.012272905862121035 0.011542070433964904 1593
0.012442935947650377 0.011468918532807631 1594
0.01247211462046572 0.011269891911112001 1594
0.012624648329569447 0.01119920838294616 1594
0.01278313905736958 0.01129920240928242 1594
0.012783054598788843 0.011487365066821749 1594
0.012611620275179673 0.011587933452926925 1594
0.012785054600262132 0.0114873622333878 1595
0.012785139032818253 0.011299257555286452 1595
0.01297501503248974 0.011200242003046725 1595
0.013084152639757814 0.011262631560965816 1595
0.013110540061391769 0.011480419126466431 1595
0.012964744344349018 0.011591638119798076 1595
0.013112517665745969 0.011480113565011539 1596
0.01308617190906484 0.011262669879590168 1596
0.013340051966663997 0.011166362601251109 1596
0.013382087084388932 0.011502221288573559 1596
0.013316502803053994 0.01154650724385922 1596
0.013599 0.011155176629441869 1597
0.013599 0.011514922240403805 1597
0.013384044827123066 0.011501758984101515 1597
0.013342013462145474 0.011165930281060391 1597
9.9999999999999995e-07 0.011831726080230963 1598
9.9999999999999995e-07 0.011468817197430658 1598
0.00029731538716586689 0.011493098811864158 1598
0.00022439736347965982 0.011813545830938261 1598
0.00022633217854375228 0.01181405697318825 1599
0.0002993026580819 0.011493379430568147 1599
0.00050455159150971339 0.011537005420780381 1599
0.00053762025776013761 0.011773278413683301 1599
0.00032487243514522603 0.011884634352634984 1599
0.00053962359779529268 0.01177316299717393 1600
0.00050652754078607141 0.011536694299475722 1600
0.00065944171819355278 0.011446231360276775 1600
0.00084023370303419229 0.011544700986048618 1600
0.00083916953759110343 0.01173710548264156 1600
0.00067538128089643097 0.011836999220851786 1600
0.0008411697137828397 0.011737079157449143 1601
0.00084223390788827786 0.011544669478612301 1601
0.00099822183529986691 0.011448694946852434 1601
0.0011811552389317575 0.011550529795233414 1601
0.0011875720410795599 0.011730077476972104 1601
0.0010157597463241663 0.011833048885745939 1601
0.0011895723301061421 0.011730049836882899 1602
0.0011831532635380281 0.011550438794702656 1602
0.0013509972997488822 0.011433288925134484 1602
0.0015508879951949791 0.011561056368555405 1602
0.0015320753366089429 0.011733455400550784 1602
0.0013456773142640191 0.011822505269649175 1602
0.001534061863077545 0.011733687671699598 1603
0.0015528901707708145 0.011561145231428016 1603
0.0016918384183095857 0.011476303426933603 1603
0.0018942086526983553 0.011574781889313599 1603
0.0018985499572661724 0.01177057899571613 1603
0.0016822968079601012 0.011855219765464917 1603
0.001900554243902181 0.011770750157475777 1604
0.001896206141059035 0.011574646442168671 1604
0.0020487062395157236 0.011462181287486954 1604
0.0022446526063453118 0.011577153059907317 1604
0.0022381464042263996 0.011761412290697045 1604
0.0020071832606905573 0.011851514369823273 1604
0.0022401392543417806 0.011761650078418923 1605
0.0022466535633955771 0.011577161254764046 1605
0.0024079126316149 0.011477258020540905 1605
0.0025739989895886346 0.011559373921702183 1605
0.0025712310605186302 0.011778803242525868 1605
0.0023653721400810294 0.011865903585641543 1605
0.0025732294817975322 0.01177894101035076 1606
0.0025759992299399775 0.011559367481413362 1606
0.0027313569213904851 0.011478498632697572 1606
0.0028746971191052008 0.011543275225086464 1606
0.0028973515422366434 0.011777485217841522 1606
0.0027102541881639016 0.011870963568696765 1606
0.0028993551709070313 0.01177742623063204 1607
0.0028766965758889817 0.011543173107335703 1607
0.0030517823384059338 0.011450555650862693 1607
0.0032009094651102728 0.011535277914439894 1607
0.0032020699265283173 0.01175581479893963 1607
0.0030313335166188074 0.011843539062797392 1607
0.0032040700174532722 0.011755826816590129 1608
0.0032029097281053168 0.011535322632704915 1608
0.0033787345420914997 0.011451175491755942 1608
0.0035448832107654476 0.011567318317025324 1608
0.0035352736523411683 0.011734693176832942 1608
0.0033634998936191308 0.011842338710622076 1608
0.003537273480929159 0.011734753528565157 1609
0.0035468799174768065 0.011567433044165904 1609
0.0037254257904698199 0.011470994275492821 1609
0.0038745177468481932 0.011545604377495392 1609
0.0038815738146308265 0.011767879235151425 1609
0.0037221397902113796 0.011858684021751725 1609
0.0038835730289530873 0.011767822748538964 1610
0.0038765177273646159 0.011545572026946173 1610
0.004032953378331575 0.011463699779310133 1610
0.0042078393973568129 0.011559877048015069 1610
0.0042181532028443477 0.01173125945663382 1610
0.0040443216703335951 0.011848372484651417 1610
0.0042098363843019381 0.011559766855013273 1611
0.0043801225275415766 0.011441309534489387 1611
0.0045476324020083721 0.011527637918711727 1611
0.0045624793677755621 0.011716575519998532 1611
0.0043911258893744465 0.011828394539533186 1611
0.0042201513380835639 0.011731168344601424 1611
0.0045644761224575186 0.011716455760767958 1612
0.0045496289040074982 0.011527514943922608 1612
0.0047154642244780906 0.011418427899825605 1612
0.0048953077205233049 0.011518371864127864 1612
0.004884373151518657 0.011720727970542359 1612
0.0047312370432315313 0.011802639879461153 1612
0.0048863730101166604 0.011720784584221424 1613
0.0048973093309132307 0.011518396058989805 1613
0.0050526908833537602 0.011428525355215519 1613
0.0052372763465372528 0.011552383638260165 1613
0.005227842089969046 0.011726519967594842 1613
0.0050663526772061693 0.011824513180557642 1613
0.0052298429100397009 0.011726558968553321 1614
0.0052392752100212416 0.01155245875365093 1614
0.0054076205038238274 0.011453020520243721 1614
0.0055685186724265543 0.011532334703224578 1614
0.005581690142076717 0.011734030620901439 1614
0.005412168575161639 0.011837936283910975 1614
0.0055836885668159603 0.011733941264663726 1615
0.0055705157468928356 0.011532224670133694 1615
0.0057358930836793583 0.011428960938459137 1615
0.0058914307887350248 0.011501863325938716 1615
0.0059023404248502364 0.011741841964455189 1615
0.0057486064167651275 0.011819954429455749 1615
0.0059043396525823083 0.011741779539522684 1616
0.0058934299027916413 0.011501798400493715 1616
0.0060555569111415157 0.011414985906175209 1616
0.0062353539887603192 0.011538655993248584 1616
0.0062229970006879532 0.011705737897319334 1616
0.0060468986834811347 0.01180542830025891 1616
0.0062249937891032557 0.01170585517876541 1617
0.0062373517958546751 0.011538759500882217 1617
0.006410647730996125 0.011438958243090887 1617
0.0065735953783564839 0.011539165144098884 1617
0.0065690005465798527 0.011748662568238324 1617
0.0064018420566303146 0.011831100769271782 1617
0.0065709997115660328 0.011748722569983059 1618
0.0065755943376339405 0.011539234524956924 1618
0.0067559091745899988 0.011447756873703994 1618
0.0069002845774400936 0.011534135788184048 1618
0.0068971590797226902 0.011744823803760069 1618
0.0067284983229778305 0.01184011933264118 1618
0.0068991592398756386 0.011744827841845197 1619
0.0069022835250388288 0.011534221563856044 1619
0.0070696565383013979 0.011458000843379498 1619
0.0072409055758564629 0.011578739659221895 1619
0.0072385286880972243 0.011727387314490705 1619
0.0070700866999705457 0.011839502076080165 1619
0.007240528869038536 0.011727391987699396 1620
0.0072429051977066774 0.011578779297304402 1620
0.0074288607891470765 0.011459538141196698 1620
0.0075906636198240516 0.011567172411024155 1620
0.007582514050687229 0.011752467372622739 1620
0.0074238069983274058 0.011846666043393466 1620
0.0075845146970103441 0.011752496637668751 1621
0.0075926608750019591 0.011567278779793161 1621
0.0077802966637627565 0.011471672630209661 1621
0.0079012305318259136 0.0115370236343562 1621
0.0079313704096859797 0.011747744664072505 1621
0.0077703002125658078 0.011862600817427075 1621
0.0079333551402414881 0.011747495600752503 1622
0.0079032390089711461 0.011536940593800529 1622
0.0081031567036662505 0.01143197806816694 1622
0.0082589347897698874 0.011543478805658749 1622
0.0082559997875050768 0.01170864233602114 1622
0.0080977929154209035 0.011814395106002238 1622
0.008442871503331964 0.011820147625537767 1623
0.0082580004200104879 0.01170862451145906 1623
0.0082609336826253727 0.011543558877690164 1623
0.0084410131778370912 0.01144113164062411 1623
0.0086145627289912711 0.011550749456732283 1623
0.0085987112706438704 0.011734976451932758 1623
0.0086165619838992694 0.011550844000669911 1624
0.0087737862813193086 0.011463266265091013 1624
0.0089353513595214675 0.011546959564677039 1624
0.0089517714778813273 0.011741957967240592 1624
0.008783297941430887 0.01185323444322529 1624
0.0086007094398184679 0.011735083614356179 1624
0.0089537664726081958 0.011741814469046425 1625
0.008937348995882324 0.011546847437414357 1625
0.0091017536322551065 0.011443239258935501 1625
0.0092862011443387172 0.011544412212459321 1625
0.0092849230256761648 0.011707042337024206 1625
0.0091155014459794372 0.011820379123357637 1625
0.0092869231359647905 0.011707036162631614 1626
0.0092882017066629585 0.011544348520239112 1626
0.0094381268077090782 0.011440201125332223 1626
0.0096296568821236557 0.011538375716335815 1626
0.0096223468492156843 0.011741371407511816 1626
0.0094720630061480449 0.011826073755679111 1626
0.0096243476803359266 0.01174138432686035 1627
0.0096316591339496802 0.011538349183447209 1627
0.0097719077205077279 0.011452686970093636 1627
0.0099519700239254355 0.011538186954951254 1627
0.0099585059399607424 0.011753924526459569 1627
0.0098010006883547419 0.011837329443723583 1627
0.0099605059829621107 0.01175389565711929 1628
0.0099539677320119833 0.011538081014722942 1628
0.010104683617870189 0.011441194415954186 1628
0.01029334506850031 0.011541162425429205 1628
0.010291278479298503 0.011730358785583232 1628
0.01010942005429763 0.011830058222873065 1628
0.010293278023644525 0.011730411423391096 1629
0.010295345762697843 0.011541109794265408 1629
0.010437066751957408 0.011448733500641444 1629
0.010635397211457471 0.011541137598900728 1629
0.010638446117999382 0.01172833610429086 1629
0.010454518640832926 0.011833723771051635 1629
0.010640446546059702 0.011728346100638925 1630
0.010637395216572559 0.011540998829873566 1630
0.010773546704873311 0.011442036503728274 1630
0.010975422906779686 0.011527025061362833 1630
0.010968042017745702 0.011736258665320191 1630
0.010805875574762544 0.011830240173222997 1630
0.010970042966556019 0.011736267033287067 1631
0.010977427496586371 0.011526930214285072 1631
0.011097242117761511 0.011450166702545157 1631
0.011300900575056777 0.011552138239874611 1631
0.011292617769374009 0.011760319570602133 1631
0.011148623564036524 0.011834531368113417 1631
0.011294617720602087 0.011760360567206455 1632
0.011302903632215386 0.011552101171536275 1632
0.011450768284774293 0.011459767142627525 1632
0.011635316775776236 0.011579061632057091 1632
0.011617120283715369 0.011768069203754131 1632
0.011455298459976129 0.011847895143376504 1632
0.011619114734599065 0.011768222894435076 1633
0.011637313866634422 0.011579187901234694 1633
0.011805163999941784 0.011491674951583644 1633
0.011940494990008429 0.011562327158662903 1633
0.01196261797662861 0.011779040700813016 1633
0.011789223230921657 0.01188284757694073 1633
0.011964614865737855 0.011778908407556873 1634
0.011942499077344236 0.011562265378181655 1634
0.012134300052762104 0.011463039372556562 1634
0.012271830971620622 0.011543758589472057 1634
0.012268669019674995 0.011766912112437357 1634
0.0121183187615271 0.011851386167369084 1634
0.012270669565097888 0.011766887788120637 1635
0.012273829887021897 0.011543849303293767 1635
0.012441741263611075 0.011470523317006502 1635
0.012610546761361301 0.011589623728554526 1635
0.012603035320089516 0.011756343675032692 1635
0.01244934098461052 0.011856061179822353 1635
0.012798940739612293 0.011871662021691933 1636
0.012605037098319472 0.011756349237792649 1636
0.012612544913745522 0.011589709768653566 1636
0.012784057070468891 0.011489095723368157 1636
0.012963846346697588 0.011593429369348218 1636
0.012970522695833086 0.011737135773976738 1636
0.012965843207016445 0.011593315355441228 1637
0.013111791029189088 0.011481980330035597 1637
0.013315611000664661 0.011548320250225263 1637
0.01330122548326255 0.011777068337457307 1637
0.013182209549675344 0.011864814130345458 1637
0.012972519808579743 0.011737027193502144 1637
0.013598999999999998 0.011516925986891356 1638
0.013599 0.011881423883258918 1638
0.013303239684277848 0.011776905349166219 1638
0.013317624850457658 0.011548162846817046 1638
0.013383433624512211 0.011503725302242905 1638
9.9999999999999995e-07 0.012205043088457131 1639
9.9999999999999995e-07 0.011833732692131262 1639
0.000224925406170043 0.011815509470318208 1639
0.00032383923617093809 0.011886354413829334 1639
0.00033807155531230179 0.012032991187679969 1639
0.00013916637679036969 0.012207783943668397 1639
0.00034006480585663202 0.012032824816662187 1640
0.00032585107110992805 0.011886379519383273 1640
0.00053873208677140841 0.011774953864856689 1640
0.00067449828765878996 0.011838794093783423 1640
0.0006937468701285884 0.012051832287475554 1640
0.00051932236143052311 0.012147885687629855 1640
0.00069574939459607723 0.01205177005853263 1641
0.00067649457657648071 0.011838662851433005 1641
0.00084019247457129689 0.011738824222596859 1641
0.0010147841243395607 0.011834794839860956 1641
0.0010157602560890071 0.012036290131579969 1641
0.00083218179280490634 0.012125930738556119 1641
0.0010177605784367505 0.012036351826908634 1642
0.0010167840115079187 0.011834766704490834 1642
0.0011885955209744667 0.01173179576636026 1642
0.001344620678645516 0.011824203920736128 1642
0.0013422797703429462 0.012040226080659109 1642
0.0011641385580211303 0.012126147398664711 1642
0.0013442792162047133 0.012040288053387516 1643
0.0013466200648829735 0.011824271395675856 1643
0.0015328665431024041 0.011735293925331312 1643
0.0016810696135674504 0.011856799886495439 1643
0.0016621860361207977 0.012054350187562199 1643
0.0015068657660281919 0.012135623395224851 1643
0.0016641863612607568 0.012054442157458324 1644
0.0016830527548276949 0.011857071625326803 1644
0.0018994079942188666 0.011772390897855251 1644
0.0020060474573654675 0.011853163022607079 1644
0.0020148776913422738 0.012050482258738051 1644
0.001844021794909776 0.012158919560469205 1644
0.0020168766819879903 0.012050414975219749 1645
0.0020080565065380023 0.011853320505593677 1645
0.0022389362799363367 0.011763250950369801 1645
0.0023641788245161652 0.011867512498355838 1645
0.0023562234245231811 0.012040204245419212 1645
0.0021862812532287166 0.012145077948875186 1645
0.0023661705844768158 0.011867737411547287 1646
0.0025721142533215607 0.011780601210790246 1646
0.0027091735545417667 0.01187264700222348 1646
0.0027068593566643368 0.012060307410062024 1646
0.0025376716695470064 0.012158906801283516 1646
0.0023582231239169804 0.012040256813463671 1646
0.0027088592361105513 0.012060329517247937 1647
0.002711172554069221 0.011872740462820802 1647
0.0028984124510802252 0.011779190894075489 1647
0.0030303770223382349 0.011845296826107753 1647
0.0030441972503290732 0.012066763320919117 1647
0.0028720846888059363 0.012160058518444684 1647
0.0030461981508547397 0.012066715409058558 1648
0.0030323780485872411 0.011845250928939524 1648
0.0032030603971418842 0.011757554441773104 1648
0.0033625722644090223 0.011844110826873073 1648
0.0033734316867427604 0.012019656953602539 1648
0.0031998454671124249 0.012147689670305923 1648
0.0033754274489092538 0.012019526645909953 1649
0.0033645709500951656 0.011844027778835291 1649
0.0035362240646561703 0.011736457849173409 1649
0.003721046146898839 0.011860358693481034 1649
0.003704628370826911 0.012036715155759865 1649
0.0035637887280562234 0.012122776973621357 1649
0.0037066319210712502 0.01203676991318395 1650
0.0037230443912025018 0.011860470446257146 1650
0.0038826225985463371 0.011769583541051811 1650
0.004043459582492445 0.011850177544850047 1650
0.0040632360459765251 0.012035407886590091 1650
0.0038978397562956795 0.012150247395019853 1650
0.004065229599634926 0.012035241044528947 1651
0.0040454542362752593 0.011850021006775818 1651
0.0042192303015260307 0.011732945347920645 1651
0.0043901869898941926 0.011830161384942976 1651
0.0043977800873532119 0.012002372889844222 1651
0.0042322574395424958 0.01211866922181774 1651
0.0045846297921178138 0.012104357163470534 1652
0.0043997775768537511 0.012002271881410233 1652
0.0043921858309786286 0.011830091030441471 1652
0.0045635812979452003 0.011718244610703072 1652
0.0047302316880356732 0.011804371605763794 1652
0.0047253349940750925 0.012029024016541665 1652
0.0047273356730692063 0.012029014659556829 1653
0.004732232072058082 0.011804375781604324 1653
0.0048853232037042874 0.011722487930515883 1653
0.0050653535587356505 0.011826245740091269 1653
0.0050613625539635276 0.012015923827440536 1653
0.0049012701391158552 0.012114759507256547 1653
0.0050633631560476908 0.012015916251157232 1654
0.0050673540175154644 0.011826244974547677 1654
0.0052288103387904423 0.011728271841794258 1654
0.0054111634299909483 0.01183966591092599 1654
0.0054091147621522185 0.012030951733442811 1654
0.0052460210670020819 0.012120532377649621 1654
0.0054111146470602429 0.01203097318935206 1655
0.0054131634765895833 0.011839672269648192 1655
0.0055827670694921852 0.011735716330058672 1655
0.0057475752752613792 0.011821672309755673 1655
0.0057385804066735317 0.012041037557129064 1655
0.0055742865249707643 0.012125213099657072 1655
0.0057405799053088999 0.01204109077117203 1656
0.0057495756012538824 0.011821705346360732 1656
0.0059033964987243517 0.011743548732741674 1656
0.0060460296764802361 0.011807230598048928 1656
0.0060745238219298255 0.012035022512164026 1656
0.0059127763143886651 0.012138107731071471 1656
0.0060765135865414998 0.012034816084022536 1657
0.0060480273731543617 0.011807087581519203 1657
0.006223895003379068 0.011707527771980886 1657
0.0064006813198506235 0.011832729488172645 1657
0.006375544943817711 0.012027217534143438 1657
0.0062454520902819992 0.012102268386140355 1657
0.0065872257459034956 0.012143596083685509 1658
0.0063775520439140667 0.012027291307015296 1658
0.0064026732214720649 0.011832920856424366 1658
0.0065699486397770941 0.011750424989380169 1658
0.0067275103166248573 0.011841858349038299 1658
0.0067339087165357529 0.012037775262554392 1658
0.0067295109261314434 0.011841844361892586 1659
0.006898155315972424 0.011746558080525783 1659
0.0070691572599046407 0.011841273570274966 1659
0.0070763233723797822 0.01202341792646457 1659
0.0069280216485703072 0.012125848110601077 1659
0.0067359048446463182 0.012037624056527555 1659
0.0070783201254548522 0.012023296070063501 1660
0.0070711556414989555 0.0118411931066919 1660
0.0072395263481660485 0.011729125789946428 1660
0.0074227476874082852 0.011848362887716435 1660
0.0074118894554696954 0.012019318509082246 1660
0.0072601222666961078 0.012113502106347039 1660
0.0074138907673001924 0.012019361306173652 1661
0.007424747216951519 0.011848433745732329 1661
0.0075834897172160805 0.011754214035282151 1661
0.0077693556518402245 0.011864365874706344 1661
0.0077707903974506744 0.012025540063938295 1661
0.0075982455376919908 0.012133380899256514 1661
0.0077727905302346235 0.012025546078756154 1662
0.0077713551886649948 0.011864304941601995 1662
0.007932579204482355 0.011749339103003421 1662
0.0080969789805260609 0.01181622314876779 1662
0.0081216194377015556 0.01203927445271499 1662
0.0079377176240638531 0.012132995764074915 1662
0.0081236239713523683 0.012039205357488106 1663
0.0080989681735029479 0.011816015186096247 1663
0.0082570178384131551 0.011710367500640801 1663
0.0084418049873408972 0.011821839981463082 1663
0.0084273228367774365 0.012020649515044434 1663
0.0082525499627527036 0.012104850593212212 1663
0.0084293189259197539 0.012020775950881317 1664
0.0084438046895615911 0.011821916817316603 1664
0.008599618455229165 0.011736759854401209 1664
0.0087822944169811019 0.01185496727767734 1664
0.0087796073574237642 0.012015682060784585 1664
0.008591043558934839 0.012123589584092291 1664
0.0087816063621341395 0.012015758307967167 1665
0.0087842946003024204 0.011854973031371457 1665
0.0089528933796530173 0.011743613832670393 1665
0.0091146488596921486 0.011822188448335295 1665
0.0091378626887449049 0.012027110915729911 1665
0.0089349370381152406 0.012125014791960953 1665
0.0091398736099752489 0.012027094404090635 1666
0.0091166427805539386 0.011822021864191252 1666
0.009285929707291073 0.011708775155720027 1666
0.0094709677812428641 0.01182774729782839 1666
0.0094519640598802294 0.012001736622426472 1666
0.0092469627624014207 0.012090055151013064 1666
0.0095981317626409705 0.012124616234452689 1667
0.0094539465244218197 0.012002006068677877 1667
0.0094729673852308703 0.011827859823198433 1667
0.0096233349975824809 0.011743110261339286 1667
0.00979996002513411 0.011839040181239702 1667
0.0097876104201635155 0.012054392448866601 1667
0.0097896012530354175 0.012054609604134537 1668
0.0098019607902708333 0.011839084137789351 1668
0.0099595323624906799 0.011755644101281666 1668
0.010108485956212365 0.011831826880882986 1668
0.010127268889215961 0.012057087472781943 1668
0.0099236151272748905 0.012150350705104025 1668
0.010129276652711093 0.012057097340392724 1669
0.010110486838139544 0.011831754218993722 1669
0.010292232295880265 0.011732116713243595 1669
0.010453495836760059 0.011835443748892905 1669
0.010455551823139527 0.012017829044740889 1669
0.010252304540659597 0.012127491774277212 1669
0.010457552562792231 0.012017883386474887 1670
0.010455496244725937 0.011835468666891228 1670
0.010639437142349944 0.011730073310410949 1670
0.010804854973801906 0.011831960486179492 1670
0.010803307674618526 0.012005925938804188 1670
0.010612728673248915 0.012121494259322912 1670
0.01080685484161073 0.011831984242769948 1671
0.010969034648812999 0.011737994989803239 1671
0.011147550200438528 0.011836223533016377 1671
0.011126893484222966 0.012052454558840183 1671
0.010969912403065111 0.012116680480013483 1671
0.010805307426628611 0.012005962714841608 1671
0.011128884890230369 0.01205263983310865 1672
0.011149551713241149 0.011836303011054946 1672
0.011293580830770972 0.011762073220482464 1672
0.011454267352953205 0.011849610946971997 1672
0.011451261395848518 0.012066483132060154 1672
0.011277982400859421 0.012148545762135967 1672
0.011453260663208335 0.012066549850027204 1673
0.011456267039090326 0.011849647451218151 1673
0.011617984506468672 0.011769872990094602 1673
0.011788176380402651 0.01188455385516868 1673
0.011783791681840678 0.012039602695438675 1673
0.011604697748998392 0.012154707459154855 1673
0.011785791304760089 0.012039644303330821 1674
0.011790175637089602 0.011884608413533455 1674
0.011963733384475959 0.011780703952585203 1674
0.012117381618786463 0.011853155465702323 1674
0.012125364048304565 0.012072855672068051 1674
0.011961798879949736 0.012161238922942538 1674
0.012127364183568447 0.012072823073633736 1675
0.01211938033391652 0.011853083780960576 1675
0.012269688474117867 0.011768633389930557 1675
0.012448417002749727 0.011857835284309825 1675
0.012451907743946635 0.012049554447145951 1675
0.012288673309529997 0.012157131785254693 1675
0.012453906679734781 0.012049477792229887 1676
0.012450415743928106 0.01185774794099834 1676
0.012604034126198108 0.011758079714957037 1676
0.012798050429907717 0.011873459498201119 1676
0.012806947602913982 0.012029414733340009 1676
0.012639901604940286 0.012147625720854543 1676
0.012808944754590513 0.012029307802950497 1677
0.012800046657443231 0.011873336368887624 1677
0.012971617067929696 0.011738819173431477 1677
0.013181228424125691 0.011866558341766122 1677
0.013171841722309178 0.012023660062369388 1677
0.012983047386182247 0.012127289958211192 1677
0.013599 0.011883545094238416 1678
0.013599 0.012033488025758663 1678
0.013313474175846423 0.012135692183115875 1678
0.013173836086446592 0.012023814083662734 1678
0.013183232817237722 0.011866544511859072 1678
0.01330236092621827 0.011778716016440807 1678
0.00014095899088942382 0.012208871153777166 1679
0.00033921037608983777 0.012034652934547228 1679
0.00051824954855899058 0.012149573630947885 1679
0.00050676298586376032 0.012338917283826462 1679
0.00033103494388566517 0.012417868687751311 1679
0.00050875719840920452 0.012339073293245772 1680
0.00052024803836545432 0.012149659134311793 1680
0.00069480473237650572 0.012053532941355279 1680
0.00083118516317318668 0.012127665373406331 1680
0.00084173041856836276 0.012348942205875285 1680
0.00066404266354010231 0.012444271804855061 1680
0.00084373078871597155 0.01234890234352012 1681
0.00083318743362925793 0.012127665386257742 1681
0.0010167085385635888 0.012038052787127372 1681
0.0011630768765967421 0.012127842444273838 1681
0.0011614957045343298 0.012336289145059142 1681
0.00099836223989870705 0.012429093272325057 1681
0.0011634958099477118 0.012336282833749516 1682
0.0011650763796058948 0.012127915548213877 1682
0.0013432271436768176 0.012041989623195323 1682
0.0015058088952019729 0.012137322151470209 1682
0.0014958428373288183 0.012334982395800153 1682
0.0013415075723633442 0.012433635239614837 1682
0.0014978455103452464 0.012334979769088152 1683
0.0015078081386183497 0.012137387545192443 1683
0.001663104671653309 0.012056126758231955 1683
0.0018430551272701472 0.012160670984539238 1683
0.0018465098164919544 0.012351062694764612 1683
0.0016985988749390684 0.012448044563003654 1683
0.0018485084235494705 0.012350967784504445 1684
0.0018450547630601247 0.012160632768852786 1684
0.0020159351504237741 0.012052179923435132 1684
0.0021853233807144607 0.012146833765796698 1684
0.0021908671843363751 0.012336527294797764 1684
0.0020303859867238923 0.012440266993785113 1684
0.0021928657859676911 0.012336450227697388 1685
0.0021873228199065261 0.012146785357693856 1685
0.0023571794920245193 0.01204196441698188 1685
0.0025366097717068378 0.012160602327498646 1685
0.0025274980820698474 0.012334097041152363 1685
0.0023758726031770936 0.012433439599113362 1685
0.0025295011791097105 0.012334090553124672 1686
0.0025386086809009115 0.01216067557979738 1686
0.0027078401854306487 0.012062050652614835 1686
0.0028710478830187218 0.012161768805631419 1686
0.0028685316919712131 0.012365314470991677 1686
0.002732827618870871 0.012449303628337982 1686
0.0028705327800478773 0.012365238813054864 1687
0.0028730475074904274 0.012161811545081566 1687
0.003045241705699679 0.012068472095639176 1687
0.0031990147965648445 0.012149512641844665 1687
0.003221510328785716 0.012310349613070428 1687
0.003048695844339176 0.012447207263754397 1687
0.0033920553076847377 0.0124002070111188 1688
0.003223499899531454 0.012310135858706531 1688
0.0032010070521957326 0.012149318083683431 1688
0.0033745428827562404 0.012021322532657808 1688
0.0035627749288150963 0.012124502021188466 1688
0.0035503334552738539 0.0123076582127553 1688
0.0037325639965744071 0.012421943499278956 1689
0.0035523333133160246 0.012307728152614559 1689
0.0035647785918787086 0.012124515945718516 1689
0.0037055851254825392 0.012038474359625807 1689
0.0038968892707937565 0.012152008999297895 1689
0.0038990130506454846 0.012320655553830618 1689
0.0042489992863640339 0.012301144734220946 1690
0.0040623026014474321 0.012417103644612534 1690
0.0039010130375368448 0.01232064192030825 1690
0.0038988887352911891 0.012151953883163332 1690
0.0040643767674356027 0.012037050675242862 1690
0.0042314025711016612 0.012120477835456191 1690
0.00425100045593202 0.012301059573506129 1691
0.0042333960333125363 0.012120313542682573 1691
0.0043988668341522251 0.01200405363842837 1691
0.0045835624189022499 0.012106052420739763 1691
0.0045627954200903615 0.012316017752798954 1691
0.0044019226565930698 0.012388870143476814 1691
0.0045647891293240598 0.01231618002185482 1692
0.0045855649919292335 0.012106125072161552 1692
0.0047263408880721261 0.012030754075775823 1692
0.004900346949762365 0.012116534218133898 1692
0.0049077701969633706 0.012319411934421475 1692
0.0047275485223718227 0.012420744544725854 1692
0.0049097709926146467 0.012319397102087777 1693
0.0049023450719240897 0.012116446319197411 1693
0.0050623700570046363 0.012017652268254823 1693
0.0052449791722827223 0.012122240447342045 1693
0.005233781417609217 0.012330391606657857 1693
0.0050738244627064463 0.012414710505870027 1693
0.0052357812812282743 0.012330447899193598 1694
0.0052469795185489066 0.012122287768118509 1694
0.0054100961222559221 0.012032694541185673 1694
0.0055732558731327294 0.012126927447522941 1694
0.0055725085977179067 0.01233919090879187 1694
0.0054075324277458566 0.012428059715543368 1694
0.0055745085708741862 0.012339202054244278 1695
0.0055752557577723062 0.012126963736130716 1695
0.0057395331828177078 0.012042796625128261 1695
0.0059118145656105198 0.012139861459959328 1695
0.0059139202920014192 0.012326310462947923 1695
0.0057336257048617618 0.012427626549998858 1695
0.0059159206953973533 0.012326334887667913 1696
0.0059138142013282283 0.012139817911537024 1696
0.0060756997967620152 0.01203664468619995 1696
0.0062445383552421846 0.012104057083040139 1696
0.0062469205680830168 0.012345790487671428 1696
0.0060762972716631456 0.012426972230831316 1696
0.0062489209086174164 0.012345815188692955 1697
0.006246537409070824 0.012103951216482309 1697
0.006376482933158018 0.012028985359166763 1697
0.006586287606235891 0.012145362784734035 1697
0.0065839160033861728 0.012314412454713262 1697
0.0063985727325671354 0.01242539945019701 1697
0.0065859156078761256 0.012314454675312309 1698
0.0065882887492184055 0.012145295340403324 1698
0.0067350379291918417 0.012039426754171601 1698
0.0069271476255097046 0.012127647544283745 1698
0.0069355739742864228 0.0123324742982152 1698
0.0067503263697229234 0.012424382445424251 1698
0.0069375766037934865 0.012332497094466339 1699
0.0069291434119865443 0.012127504000913149 1699
0.0070774276421437764 0.012025085899427974 1699
0.0072591852642540766 0.012115269846343835 1699
0.0072620053492405204 0.012314255601390064 1699
0.0070727355048964616 0.012412299710862759 1699
0.0074134570119299909 0.012406094496401135 1700
0.0072640061101765614 0.012314295121603638 1700
0.0072611844294584301 0.012115196771413518 1700
0.0074128556606148956 0.01202107272347318 1700
0.00759723259916807 0.012135106027103017 1700
0.0075922772011388718 0.012312270354000966 1700
0.0077545686586542465 0.012417933845009129 1701
0.007594275616080521 0.012312354987829337 1701
0.007599232926867372 0.012135122276430304 1701
0.0077717841764348618 0.012027277447470548 1701
0.0079366334458039062 0.012134676430302759 1701
0.0079285903669720336 0.012326989078419132 1701
0.0079305886836750928 0.012327071131259464 1702
0.0079386310721007696 0.012134774990981225 1702
0.0081226894825728729 0.012040973873661888 1702
0.0082515758136743975 0.01210659891555513 1702
0.0082660785529287979 0.01233511308528216 1702
0.0081009639665700871 0.012434573896374399 1702
0.0082680752213508419 0.012334997189266249 1703
0.0082535783297164669 0.012106575158273259 1703
0.0084282110704166878 0.012022441592739097 1703
0.0085900216465375403 0.012125309862790413 1703
0.0085918003302893307 0.012311042007135405 1703
0.0084381434151657025 0.012413252797956116 1703
0.0089285896246347491 0.012318181233176774 1704
0.0087843360301027591 0.012409045126167991 1704
0.0085937996508808467 0.012310961486155373 1704
0.0085920219694622154 0.012125334006558477 1704
0.0087805387634303095 0.012017453382058854 1704
0.0089338244477547013 0.012126677807039079 1704
0.0092681223962944644 0.012311741345696599 1705
0.0091136030453721865 0.012411283908785096 1705
0.0089305915504475746 0.012318138112239056 1705
0.0089358216190577495 0.012126808618417842 1705
0.0091388897354780577 0.01202883600788391 1705
0.0092459488183640592 0.0120917790760717 1705
0.0092701150746214399 0.012311568163099798 1706
0.0092479613317991601 0.012091802658084351 1706
0.0094527201793792887 0.012003588581608896 1706
0.0095968507948943904 0.012126152298115521 1706
0.0095641185893679866 0.012323146044849641 1706
0.0094417323916695592 0.012386551750852163 1706
0.0095661225801801208 0.012323287054070781 1707
0.0095988215154765993 0.012126493539100532 1707
0.0097884215547145194 0.012056224767532032 1707
0.0099224917806485027 0.012152006126820334 1707
0.009917582400631713 0.012344287305213411 1707
0.0097589435791445821 0.012435648470029276 1707
0.0099195821639128465 0.012344322104700248 1708
0.0099244887494884613 0.012152150373618456 1708
0.010128273063579569 0.012058827354944365 1708
0.01025135591341267 0.012129253237070519 1708
0.010274804473832546 0.012328967808875114 1708
0.010095356313083923 0.012451852856628857 1708
0.010618692593978633 0.012282809127179212 1709
0.010445171504338732 0.012413424045595454 1709
0.010276798489218593 0.012328799828608523 1709
0.010253362629038332 0.01212919342646856 1709
0.01045650377881774 0.012019587961174544 1709
0.010611725896557667 0.012123229553021525 1709
0.010816355372892163 0.012396269515143063 1710
0.010620689789308784 0.012282701247457279 1710
0.010613727709136253 0.012123227436259307 1710
0.010804274792590655 0.0120076784709677 1710
0.010968713453503203 0.012118284367813819 1710
0.010934802413688315 0.0123418821197277 1710
0.010936805065950314 0.012342015430336705 1711
0.010970700761554212 0.012118518852881097 1711
0.011127728324623934 0.012054273914488746 1711
0.011276891475902426 0.012150222066403888 1711
0.011270827332175682 0.012346327114171291 1711
0.011119112604586184 0.012438996032252077 1711
0.011272828711251907 0.012346313432521367 1712
0.011278889115873368 0.012150329301647339 1712
0.011452204705841676 0.012068249340675527 1712
0.011603765385672061 0.012156478898857405 1712
0.011615988782062584 0.012320798989231099 1712
0.011457967255823187 0.012446729752559579 1712
0.01181411415703113 0.012422012344514281 1713
0.01161798100130952 0.012320620106854424 1713
0.011605764968383179 0.012156399004115711 1713
0.01178475633724765 0.01204136015889406 1713
0.011960679926491167 0.012162896756916869 1713
0.011941937876401984 0.012346190271270457 1713
0.011943943165927291 0.012346240526458099 1714
0.011962675877385365 0.012163038342055454 1714
0.012126393759186482 0.012074572571711992 1714
0.012287771337949688 0.012158917060400619 1714
0.012299615020203492 0.012337234028266402 1714
0.012138620663461198 0.012454856161821501 1714
0.01230161029050955 0.01233709647242289 1715
0.012289768328057213 0.012158805397668398 1715
0.012452974009585498 0.012051247008742787 1715
0.012638996655822955 0.012149409565518521 1715
0.012644599000748956 0.012328741131284434 1715
0.012484522313439723 0.012434808450425791 1715
0.01283160367716704 0.012429967764579809 1716
0.012646597577752192 0.012328664348498813 1716
0.012640994289907734 0.012149302599828221 1716
0.012808038599704474 0.012031092806961075 1716
0.012982042439063811 0.012129019363545488 1716
0.012982442190866767 0.012337815650753906 1716
0.012984042453996205 0.012129025248404701 1717
0.01317270284145248 0.012025468877474042 1717
0.013312270776504395 0.012137290769232372 1717
0.013305918058654579 0.012352683253109361 1717
0.013191881826725938 0.012438062361412828 1717
0.012984442065255826 0.012337748127747395 1717
0.013599 0.012035612293797664 1718
0.013599 0.012442366502791003 1718
0.013307925401193115 0.01235246378746927 1718
0.013314264485418536 0.012137533559321508 1718
1.0000000000000002e-06 0.012586131765743721 1719
9.9999999999999995e-07 0.012207043481939002 1719
0.00013908459886840456 0.012209782714892748 1719
0.00032963211215563781 0.012419298751793669 1719
0.00026849391073848866 0.012582108179239413 1719
0.00031329184405782937 0.012649671016781 1720
0.00027030339671232261 0.012582978653108813 1720
0.00033157289828899443 0.012419819576780702 1720
0.0005076254994852658 0.01234072235431919 1720
0.00066296586510324572 0.012445958058395419 1720
0.00065694960903395693 0.012639373331568728 1720
0.00055832732296088997 0.012713749022311533 1720
0.00065895518249792923 0.012639225249382073 1721
0.0006649640618508674 0.012446047128615788 1721
0.00084276724721026584 0.012350655601186434 1721
0.00099740325766092103 0.012430848894399946 1721
0.0010041949801974336 0.012646814916754527 1721
0.00087993368510361734 0.012731268867330321 1721
0.0010061908720786254 0.012646652844746174 1722
0.0009994027812977957 0.012430802306471622 1722
0.001162500907175317 0.012338018282883459 1722
0.0013405522849012652 0.012435392353866389 1722
0.00134208144769046 0.012615144618420554 1722
0.0011914676029652217 0.012722381209291747 1722
0.0015409956719356398 0.01272287318280314 1723
0.0013440808150629229 0.012615061746490113 1723
0.001342551923463867 0.012435341360191154 1723
0.0014968481772952525 0.012336713452733817 1723
0.0016976019428344951 0.012449778472462774 1723
0.0016865612352288729 0.012630157421316353 1723
0.0018797317490146129 0.012741447017419328 1724
0.0016885640271522521 0.01263017295909954 1724
0.0016996058435179099 0.012449775895739448 1724
0.0018475909651812178 0.012352745389275136 1724
0.0020294866140966139 0.012442053478388698 1724
0.0020408359724250372 0.01265145939022775 1724
0.002377326486948432 0.01262120707927121 1725
0.002197028296825475 0.012731372809803541 1725
0.0020428358814310096 0.012651403553158958 1725
0.0020314833509916998 0.012441939113009016 1725
0.0021919333568940083 0.012338219577247466 1725
0.0023749341129871275 0.012435205736412299 1725
0.0023793264610910839 0.012621192207323492 1726
0.0023769333767681734 0.012435135635551906 1726
0.0025285078802029363 0.012335826475885355 1726
0.0027317921569679415 0.012451015659820912 1726
0.0027140516854902734 0.012634181336513981 1726
0.0025531287225225171 0.012725191563722746 1726
0.0030784106896521559 0.012628101704135983 1727
0.0029076902811846243 0.012758697275265091 1727
0.0027160507560579474 0.012634287561352021 1727
0.0027337976752562373 0.012451055313648582 1727
0.0028695945930830185 0.012367008693396709 1727
0.003047938199099866 0.012449060206910573 1727
0.0030499207081445849 0.012448788455674492 1728
0.0032226868925660881 0.012311969055418292 1728
0.003391088008716109 0.012401957758630656 1728
0.0033946186957692121 0.012598041840399098 1728
0.0032434179947391918 0.012696615639253119 1728
0.003080391662166281 0.012627820924995295 1728
0.0033966173726320613 0.012597950352687249 1729
0.0033930876563037656 0.012401920182148994 1729
0.0035512743565102247 0.012309424855130133 1729
0.0037315248034298122 0.012423652726373448 1729
0.0037224025090938817 0.012602193941602568 1729
0.0035783485208567109 0.012687711728408253 1729
0.0040732753386528006 0.012602417560884113 1730
0.0039002705481904643 0.01270449411126375 1730
0.0037244036687057299 0.012602222305912389 1730
0.0037335250019136412 0.012423699901846124 1730
0.0039000246304893038 0.012322381180688728 1730
0.0040613485850979044 0.012418863472883146 1730
0.0040633491965620062 0.012418807975043435 1731
0.0042500716497397692 0.012302833059764089 1731
0.0044008336093893444 0.012390550397231611 1731
0.0043887279282475919 0.012612480125194102 1731
0.0042275878939639798 0.012688310220687043 1731
0.0040752759083343259 0.012602361420005837 1731
0.0045478389454261222 0.012703539605674195 1732
0.00439072585242491 0.012612572687459371 1732
0.0044028309119227924 0.012390654355902694 1732
0.00456365082875287 0.012317825897219054 1732
0.0047265093982493313 0.012422454135847711 1732
0.0047248493264316236 0.012611902723465808 1732
0.0048728733829828215 0.01270557190755137 1733
0.0047268488126882557 0.012611970114710363 1733
0.0047285090826045557 0.012422498919938704 1733
0.0049087836976570111 0.012321136542986631 1733
0.0050727747834307946 0.012416413702112248 1733
0.0050637910769895439 0.012616767868196202 1733
0.0052091400895336089 0.012720529347830904 1734
0.0050657860695511809 0.012616924360447548 1734
0.0050747742369631867 0.012416470706019693 1734
0.0052347314394444646 0.012332151676300243 1734
0.0054065074205225496 0.012429777606946239 1734
0.0054021401965058929 0.012642184148502638 1734
0.0054041373147111675 0.012642344867457869 1735
0.0054085072529581942 0.012429806315204557 1735
0.0055734990222617879 0.012340929105457768 1735
0.0057326497004487999 0.012429372242378424 1735
0.0057401600235722815 0.012634755618361389 1735
0.0055309570445381028 0.012729642453967849 1735
0.0057421643477259211 0.012634837315046384 1736
0.0057346500438684271 0.012429345078688578 1736
0.0059148987567857903 0.012328054770540785 1736
0.0060751986729468384 0.012428644008990597 1736
0.0060637403563775791 0.012627901202509987 1736
0.0058787592367233327 0.012724693543213709 1736
0.0062409050503967759 0.01274153897202325 1737
0.0060657378926376199 0.012628001504014682 1737
0.0060771953192911912 0.012428759785901432 1737
0.0062479018117826638 0.012347538458451131 1737
0.0063976523254709186 0.012427175202776662 1737
0.0064146125898604054 0.012623777665403088 1737
0.0067403493452149067 0.012624952325554351 1738
0.0065950610057375061 0.012713370125020881 1738
0.0064166076017819883 0.012623633736978087 1738
0.006399651918604617 0.012427084379513426 1738
0.0065848786150017116 0.01231616719096027 1738
0.0067492278739465549 0.01242605383920895 1738
0.0070860733582190109 0.012611499148094934 1739
0.006927966586694416 0.012719780869372387 1739
0.0067423522618946007 0.012624931601820832 1739
0.00675122470843619 0.012426169369851916 1739
0.0069365584037047881 0.012334218509878958 1739
0.0070717443768013111 0.012414037110542033 1739
0.0070880679881581109 0.012611352674930555 1740
0.0070737489137354809 0.012414027161766589 1740
0.0072629721616965254 0.012316007189793943 1740
0.007412415106131845 0.0124078016768536 1740
0.0074113425125231554 0.012607073930472038 1740
0.0072653350170239052 0.012697644314364204 1740
0.0074133428342570288 0.012607019539524348 1741
0.0074144148723099277 0.012407850500071411 1741
0.007593202852931749 0.012314043257010581 1741
0.0077534880505197856 0.01241961694700027 1741
0.0077456588626711176 0.012612437485850043 1741
0.0075951442722205402 0.01269912669573121 1741
0.008096229778573211 0.012614775618869886 1742
0.0079225653828687917 0.012713713845321677 1742
0.0077476593525563917 0.0126124660075229 1742
0.007755485873398452 0.012419711152836166 1742
0.0079295184633260875 0.012328760699452967 1742
0.0080999402657977813 0.01243629281731815 1742
0.0084496983599701321 0.012617856917122349 1743
0.0082580507750686181 0.012719649885129258 1743
0.0080982290589953002 0.012614831018990261 1743
0.0081019401179627908 0.012436320715315027 1743
0.0082671777376811112 0.012336785792068263 1743
0.0084372709613213456 0.012415052918045262 1743
0.0084517019710704019 0.012617854626578572 1744
0.0084392658467052611 0.012414908231637191 1744
0.0085928701473338767 0.012312732439365938 1744
0.0087833763931182297 0.012410800567394681 1744
0.0087804126484024841 0.012601104331302683 1744
0.0085937240368351084 0.012704010651536438 1744
0.0087824119987830618 0.012601161616555346 1745
0.0087853773782456263 0.012410752884607796 1745
0.0089296271406552521 0.012319891405432038 1745
0.0091126807203769315 0.012413058621517583 1745
0.0091189951468545975 0.012613051016764222 1745
0.0089440371792147907 0.012705784688864279 1745
0.0092677404988742509 0.012695297114380126 1746
0.0091209959997795333 0.012613046465388526 1746
0.0091146789158700579 0.012412969903170562 1746
0.0092692696573784053 0.012313381349713385 1746
0.0094407285951595941 0.012388295737889245 1746
0.0094268583327913671 0.012617314782589192 1746
0.009605887226929755 0.012716834665535146 1747
0.0094288573518031688 0.012617391488550003 1747
0.0094427328554689896 0.012388285902086472 1747
0.0095649947146163559 0.012324944613263025 1747
0.0097579047099751997 0.012437357889552816 1747
0.0097457051874961162 0.012635853697609457 1747
0.0097477083603848529 0.01263586347413932 1748
0.009759905753899567 0.012437402306004305 1748
0.009918552341258045 0.012346036668770873 1748
0.010094410831608915 0.012453619016855828 1748
0.01010159683041131 0.012620166522920476 1748
0.0099290747576135652 0.012730358577555835 1748
0.010265717074429461 0.012720494892840802 1749
0.010103597002330751 0.012620127380661431 1749
0.010096409944724086 0.012453555335042084 1749
0.010275946279436005 0.012330609906275542 1749
0.010444355416478512 0.012415252278127694 1749
0.010467456145921627 0.012589028930776916 1749
0.01061501515314984 0.012675731332087591 1750
0.010469458097917668 0.012588911263484152 1750
0.010446345293869404 0.012415043778877873 1750
0.010619786165553827 0.012284489243102912 1750
0.010815183774771284 0.012397901973039215 1750
0.010773614898173627 0.012610937796136914 1750
0.011121182486365505 0.012629218973440106 1751
0.010956220999504584 0.012739269413618361 1751
0.010775598136779602 0.012611216999843992 1751
0.010817184927385246 0.012398089369467683 1751
0.010935677582437355 0.012343681029328341 1751
0.011118156418576011 0.012440752754929826 1751
0.011468951832066861 0.012605843227966432 1752
0.011306711559735687 0.012725162247340462 1752
0.011123181439853788 0.012629137740497969 1752
0.01112015586743874 0.012440702374353079 1752
0.011271839767339815 0.012348052286141869 1752
0.011457116341426054 0.012448543471281676 1752
0.011470946668691074 0.012605699468604667 1753
0.011459109462507179 0.01244837691147012 1753
0.011617141661094758 0.012322437643117136 1753
0.011813085609392921 0.01242373206883911 1753
0.011793453964467694 0.012622434503742067 1753
0.0116459611935528 0.012699864452276602 1753
0.012143546783275019 0.012624069890293273 1754
0.011970263030569637 0.012730017172986042 1754
0.011795452776942605 0.012622545082606502 1754
0.011815092865354865 0.012423757186630963 1754
0.011942896707556704 0.012347946904063958 1754
0.01213771335103256 0.012456640172564643 1754
0.012485363961585434 0.012618694663752881 1755
0.01229802699509339 0.012717226311308725 1755
0.012145547159649104 0.012624045862375201 1755
0.012139710952873424 0.012456536510685783 1755
0.012300732082669168 0.012338894816794952 1755
0.01248358318728161 0.012436574252107511 1755
0.012825982965908729 0.012622891885722368 1756
0.012634993205611933 0.012718781079206832 1756
0.012487364711471305 0.012618761577072157 1756
0.012485582606710035 0.012436505099078246 1756
0.012645665080980376 0.012330433945478161 1756
0.012830616621708034 0.012431707486969043 1756
0.01297483620111343 0.01272628582671737 1757
0.012827980790540735 0.012623005874314256 1757
0.012832617583378423 0.0124316920415193 1757
0.01298349905588861 0.012339513682770305 1757
0.01319098729197115 0.012439851357908883 1757
0.013188916996407866 0.012629426551318214 1757
0.013599 0.012444459727577765 1758
0.013599 0.012639805496780992 1758
0.013310510620859374 0.012727652048855847 1758
0.013190915157675634 0.012629605842839156 1758
0.013192988713872329 0.012439732076018194 1758
0.013307094988196468 0.012354300526861763 1758
9.9999999999999995e-07 0.01294694990248439 1759
9.9999999999999995e-07 0.012588131991986287 1759
0.00026865061133617119 0.012584106048424921 1759
0.00031157308223187473 0.012650696056100193 1759
0.00023024399497365266 0.012925318670146957 1759
0.00055437135430534007 0.012935744687475633 1760
0.00034827874472108823 0.013023280107193266 1760
0.0002321559535098292 0.012925905883565425 1760
0.00031334609161387159 0.012651752456881106 1760
0.00055753166966412656 0.012715608209080038 1760
0.00087386058781059291 0.012943216475791984 1761
0.00070296740332833718 0.013033441343920992 1761
0.00055636961977543662 0.012935879864166519 1761
0.00055953568711029347 0.012715342723301456 1761
0.000658078773660165 0.012641026760633093 1761
0.0008790319256786603 0.012733059819365237 1761
0.001212206563151564 0.01293043319930119 1762
0.0010437556225064864 0.013037780242344378 1762
0.000875860351542329 0.012943250680774745 1762
0.00088103552369694427 0.012732938203772894 1762
0.0010053301011088264 0.012648461632933544 1762
0.001190666600165993 0.012724214426590037 1762
0.001214200622792088 0.012930272158988608 1763
0.0011926541964703188 0.012723991507746868 1763
0.0013431553191418806 0.0126168351746287 1763
0.0015400014736520603 0.012724608996205587 1763
0.001530545939025149 0.012898879526750643 1763
0.0013657857150914943 0.012999542088793649 1763
0.001709793804085512 0.013015324662509061 1764
0.0015325456783494866 0.012898938549062341 1764
0.0015420048135559535 0.012724601657921693 1764
0.0016875516535053319 0.012631897821982705 1764
0.001878677285784329 0.01274314738098478 1764
0.0018630029729001735 0.012951018091208903 1764
0.0018649957502958441 0.012951189173717686 1765
0.0018806783058033824 0.012743209150888321 1765
0.0020418858463870371 0.012653163814053445 1765
0.0021961276765805741 0.012733158698837642 1765
0.0022157237130270863 0.01292797701166561 1765
0.0020133848859976672 0.013048072784964684 1765
0.0023662056454595054 0.013015856065911487 1766
0.0022177269223919182 0.012927908585202758 1766
0.0021981263970533532 0.012733045645065669 1766
0.0023783391358309191 0.012622932126981415 1766
0.0025520950006673476 0.012726903720703819 1766
0.0025454500192920834 0.012921570376954763 1766
0.002703471865131638 0.013021456579396549 1767
0.0025474484780718936 0.012921649652689365 1767
0.0025540948290363671 0.012726942873925418 1767
0.0027149611426707091 0.012635964684833589 1767
0.0029067477955207026 0.012760469912018018 1767
0.0029095324780047138 0.012906787300809986 1767
0.0029115343949143377 0.012906868992171673 1768
0.0029087469608359527 0.012760407024561054 1768
0.0030796441128946601 0.012629676250321549 1768
0.0032425895692732068 0.012698436836015022 1768
0.003267588781897853 0.012924101476955382 1768
0.0030405800740730912 0.013006002115314724 1768
0.0032696116093943938 0.012924197095239299 1769
0.0032445805741950235 0.012698245196055785 1769
0.003395696931166421 0.012599726384475058 1769
0.0035773715630584443 0.012689459845422964 1769
0.0035706626287392573 0.012892587695413914 1769
0.0033550239027180817 0.012980303338864619 1769
0.0035726576974906108 0.012892770019025734 1770
0.0035793736717336625 0.012689429019743013 1770
0.0037233790829781536 0.012603940070715124 1770
0.0038992741564392425 0.012706228271699763 1770
0.0038992558575469674 0.012896305777314212 1770
0.0037117004336368752 0.012993059814911332 1770
0.0040599404219068607 0.012994955488304432 1771
0.0039012558524114797 0.012896359217836086 1771
0.0039012741568465997 0.012706224136602376 1771
0.0040743242461658592 0.012604120858922077 1771
0.0042265309595033796 0.012690010255038263 1771
0.0042209576718076104 0.012903628703144506 1771
0.0042285298904547897 0.012690077316062512 1772
0.0043896459742201162 0.012614258491326073 1772
0.0045468049020585856 0.012705251947455799 1772
0.0045442294907867839 0.012912872541216534 1772
0.0044080768718570296 0.013001391813451797 1772
0.0042229584404506835 0.012903625327316667 1772
0.0045462308426267861 0.012912775964567118 1773
0.0045488045612191658 0.012705291828664806 1773
0.0047257907187665208 0.012613667486750205 1773
0.0048717969160354422 0.012707257502476329 1773
0.0048719137365487736 0.012917748602651668 1773
0.004746413908388385 0.013002658127879098 1773
0.0048739136607392616 0.012917611451549868 1774
0.0048737969666139474 0.012707348081522608 1774
0.0050646526671798359 0.012618572877985873 1774
0.0052079590913073244 0.012722143466836483 1774
0.0051902906119496656 0.012931322823276453 1774
0.0050705497203553159 0.012999245352348816 1774
0.0055356969586287464 0.012925031187518771 1775
0.0053834034897316608 0.013029278526894603 1775
0.0051922955785161078 0.012931348339043842 1775
0.0052099479302512635 0.0127223599195616 1775
0.005403003294799748 0.012643992289334773 1775
0.0055298711738949362 0.012731323019858834 1775
0.0058813561167717606 0.01290056686429512 1776
0.0057319753779389972 0.013023934797008108 1776
0.0055376946849960557 0.012924925520647621 1776
0.0055318750604755372 0.012731422180952258 1776
0.0057410948596704568 0.012636527716334802 1776
0.0058777125841125736 0.01272639896634478 1776
0.005883353281811084 0.012900410430330999 1777
0.0058797141133707636 0.012726451150471187 1777
0.0060646523340309221 0.012629681256891042 1777
0.0062399183906185901 0.012743282827798359 1777
0.0062401948274972505 0.012903320990633401 1777
0.0060958907676613421 0.013008687394334938 1777
0.0062421946949154485 0.012903242507464345 1778
0.0062419183684774022 0.012743268282237824 1778
0.0064157345314651707 0.012625433336625524 1778
0.0065941036357831766 0.012715127334078867 1778
0.006592962220673378 0.01291460802646445 1778
0.0064392673648092577 0.013013917740095067 1778
0.0065949625442286502 0.012914557201850248 1779
0.0065961039584734931 0.012715076660629557 1779
0.0067413671169666168 0.012626674185498251 1779
0.0069270744495162828 0.012721570980184147 1779
0.006937725466699335 0.012913297970764693 1779
0.0067768324631147072 0.013011859039368079 1779
0.0069397238931577553 0.01291321413548879 1780
0.0069290707430529844 0.012721448750578842 1780
0.0070871975289164531 0.012613153322190413 1780
0.0072643959773897159 0.012699411577443472 1780
0.0072652327518910867 0.012898408624180985 1780
0.0070930028234991692 0.012992842195556499 1780
0.0072672328600963615 0.012898430152015274 1781
0.0072663956936846203 0.012699339903338352 1781
0.0074123889943310383 0.012608778324701461 1781
0.0075941573870018193 0.012700868738972871 1781
0.0075881531936722911 0.01291524158668291 1781
0.0074285080642539063 0.012994649967069657 1781
0.0075901524694206354 0.012915295447948451 1782
0.0075961586836160999 0.012700850447534075 1782
0.0077466344101416954 0.0126141836214161 1782
0.0079215554946153195 0.012715440173615811 1782
0.0079194759440003124 0.012918700757948371 1782
0.0077479411579944738 0.013004477407514996 1782
0.0079214754605566925 0.01291875824165245 1783
0.0079235554826438681 0.012715451574426811 1783
0.0080971810647281137 0.012616535460456548 1783
0.0082569986120996242 0.012721351592557845 1783
0.0082575081284102635 0.012917914583380263 1783
0.0080733531900039675 0.013009584393798335 1783
0.0083966004802892551 0.013002964568836066 1784
0.008259508293074572 0.01291797551603182 1784
0.0082589987727358528 0.012721410971243808 1784
0.0084507030581433881 0.012619587886954463 1784
0.0085927308264691117 0.012705747371304267 1784
0.0086033008395756203 0.012896048445184475 1784
0.0085947333884557522 0.012705737996102133 1785
0.0087813623024715817 0.01260286458229639 1785
0.0089429636277283762 0.012707472212694073 1785
0.0089351356112093144 0.012894130943512803 1785
0.0087370164813967161 0.012985725586592296 1785
0.0086053062595524647 0.012896090524847987 1785
0.0089371306143550145 0.012894292012459658 1786
0.0089449617801265965 0.012707558187844541 1786
0.0091200009493395146 0.012614781476149563 1786
0.0092667159606804102 0.012697015597183359 1786
0.0092692009142758044 0.012916301351600505 1786
0.0090796816033941949 0.012998985716988962 1786
0.0092712020735744201 0.012916392322714807 1787
0.009268716434666353 0.012697046092598297 1787
0.0094277896113265022 0.012619085646958928 1787
0.009604847864268802 0.012718544764644185 1787
0.0095908395949492083 0.012897005815225512 1787
0.009400520878948963 0.012996564274541003 1787
0.0099342500269805397 0.01292590857945152 1788
0.0097608120415003663 0.01302489574171233 1788
0.0095928328777107764 0.012897169765068871 1788
0.0096068506291205544 0.012718587915569617 1788
0.0097466958865979839 0.012637591137584395 1788
0.0099281445421872169 0.01273212909906284 1788
0.009936250088991766 0.012925879048030562 1789
0.0099301430237700109 0.012732049407071353 1789
0.010102629043976434 0.012621880379687221 1789
0.010264781292729921 0.012722267812230233 1789
0.010279716443624827 0.012882585648005615 1789
0.010102644385018494 0.013017970709935468 1789
0.010281709815966537 0.012882421546599526 1790
0.010266782497169355 0.012722187782619979 1790
0.010468553947155321 0.012590700720677889 1790
0.010613901953460441 0.012677396098367794 1790
0.010602013386213551 0.012909694915179079 1790
0.010470705516410118 0.012985722104269782 1790
0.010604017948440661 0.012909656915154456 1791
0.010615897653455697 0.012677531263530524 1791
0.010774362699683878 0.012612792756743069 1791
0.010955183330455301 0.012740985377993569 1791
0.010949666359392639 0.012881835983164057 1791
0.010793192850540414 0.012994817693026394 1791
0.010951667864077733 0.012881836721860577 1792
0.010957183045032669 0.01274103181889755 1792
0.011122252861884219 0.01263090910874053 1792
0.011305831243475924 0.012726958866516692 1792
0.011314562981992468 0.01289965572669566 1792
0.011148509257699691 0.013011388551351182 1792
0.011316560598449111 0.012899558056028732 1793
0.011307827006615546 0.012726824540832028 1793
0.011470073630000759 0.012607500850598356 1793
0.011644930446824174 0.012701580980885327 1793
0.011635946440830717 0.012919086087851462 1793
0.01149696660002905 0.012997249147750077 1793
0.011637948945492502 0.012919066736544735 1794
0.011646930776200442 0.012701614293803169 1794
0.011794357117990427 0.012624219218867461 1794
0.011969253669245975 0.012731744364410179 1794
0.011966680541915372 0.012914115599093388 1794
0.011814821470146078 0.013003641884104061 1794
0.011968680786063956 0.012914112403563851 1795
0.011971253708856862 0.012731755665556368 1795
0.012144566636893769 0.012625790544797141 1795
0.012297003921357111 0.012718944990820213 1795
0.012301952741802369 0.012916991993162097 1795
0.012134475828908697 0.013007679871594978 1795
0.012303953248610524 0.012916987290922397 1796
0.012299005209928304 0.012718971573980324 1796
0.012486305058197481 0.012620459449104499 1796
0.01263390643212463 0.012720460577074584 1796
0.012630036784611543 0.012901912840253065 1796
0.012453700343913557 0.013001435598705429 1796
0.012794688978636894 0.013008813845046608 1797
0.012632035983338513 0.012901971736432144 1797
0.012635904737814155 0.012720561348816054 1797
0.012826882194574691 0.012624678332501334 1797
0.012973704165420449 0.012727934767531862 1797
0.012964668391323122 0.012926298998805607 1797
0.013127136787427652 0.013030945533383178 1798
0.012966665270786373 0.012926413032422899 1798
0.012975699141981359 0.012728090575960662 1798
0.013189756307529703 0.012631241991665678 1798
0.013309270348498296 0.012729221446494087 1798
0.013301488413212796 0.01291599854610472 1798
0.013599 0.012641896165088293 1799
0.013599 0.013081834238388584 1799
0.013520125497883661 0.01308415564039048 1799
0.013303486845746658 0.012916077813662268 1799
0.013311259871021714 0.012729514566499164 1799
9.9999999999999995e-07 0.013293324405616782 1800
9.9999999999999995e-07 0.012948958786372932 1800
0.00023068866249193853 0.012927285595656604 1800
0.00034708736247141664 0.013024891181291997 1800
0.00033898236882886094 0.013232743461368688 1800
0.00034096600373855043 0.0132332021227377 1801
0.00034908024824171113 0.013025112604662532 1801
0.00055525665468519631 0.012937541593211362 1801
0.00070188502870886836 0.013035123431060775 1801
0.00069411833317997371 0.0132149697283893 1801
0.00042423278923362732 0.013320547696824243 1801
0.00069610840856342026 0.013215242708767734 1802
0.0007038827347677426 0.013035219714835521 1802
0.00087483047413345813 0.012944966043877536 1802
0.0010428087037321785 0.013039542313393786 1802
0.001048873493887665 0.013204413133910041 1802
0.00083555376101681668 0.013343639517951989 1802
0.0010508741523041611 0.01320439426024044 1803
0.0010448078122522126 0.013039481305916608 1803
0.0012133442758114274 0.01293207976254288 1803
0.0013649229005295097 0.013001346736853435 1803
0.0013872216340079691 0.013200037053149954 1803
0.0012264221948635396 0.01332181014283506 1803
0.0013891974841978151 0.013199709991618142 1804
0.0013669182990846583 0.01300119385879661 1804
0.0015314967010131631 0.012900642383449392 1804
0.0017085035024551264 0.013016870036565155 1804
0.0016275678519741055 0.013266602258267649 1804
0.0016294871470777141 0.013267167277685857 1805
0.0017104998354871134 0.013017197350437102 1805
0.0018638518158434429 0.012952830836767581 1805
0.0020124010480677373 0.013049818975405834 1805
0.002025524392650547 0.013217838957225378 1805
0.0018574159921828412 0.013337260779587358 1805
0.0020144051105437035 0.013049793000746436 1806
0.0022167830384688604 0.012929674019581727 1806
0.0023651807271741357 0.013017573501709453 1806
0.0023665426891846661 0.013210804819309556 1806
0.0021921830953492926 0.013312015378946112 1806
0.0020275212708586788 0.013217721001398884 1806
0.0023685428468333421 0.01321082013779511 1807
0.0023671809836323747 0.013017602839016183 1807
0.0025463805606326544 0.012923340713980075 1807
0.0027024548517938147 0.013023180203638331 1807
0.0027088687020381725 0.013209369422805334 1807
0.0025353735783869499 0.013314580778315373 1807
0.0027108683723041128 0.013209325413066996 1808
0.0027044566302660829 0.013023197393534367 1808
0.0029104557117484542 0.012908562356135789 1808
0.0030393972495645501 0.013007615477711849 1808
0.0030362128067547615 0.013217015377125966 1808
0.0028756166258275548 0.01330227479061522 1808
0.0030382127647086026 0.013217033348553201 1809
0.0030413941485986761 0.013007834594996902 1809
0.0032685384298658205 0.012925885044190184 1809
0.0033539690401904227 0.01298200332001925 1809
0.003375326079676793 0.013185088932616088 1809
0.0031959722547045305 0.013303243749653769 1809
0.0033773234163898252 0.013184958733647459 1810
0.0033559871495704354 0.012982070649823355 1810
0.0035715046537411594 0.012894404315941525 1810
0.003710598263595332 0.012994730806399768 1810
0.0037054305387340769 0.013171576195551692 1810
0.0035402140201802497 0.013272466955434827 1810
0.0037074306549175983 0.013171601435095735 1811
0.003712595680286986 0.012994848425608503 1811
0.0039002099945189307 0.012898064008317228 1811
0.0040589102937999399 0.012996670052251278 1811
0.0040566661749393499 0.013179216160396814 1811
0.0038904044017075536 0.013285311949404506 1811
0.0040586665314633107 0.013179199452203102 1812
0.0040609100171181611 0.012996704851687364 1812
0.0042219597185985001 0.012905359660434683 1812
0.004407109314239376 0.013003142605318299 1812
0.0044010200665459687 0.013187818066758214 1812
0.0042350094436403463 0.013282459317422004 1812
0.0044030192290514299 0.013187876430134826 1813
0.0044091116547820284 0.013003104584787711 1813
0.0045453106607221405 0.012914555154157917 1813
0.0047455011674479297 0.013004440658461579 1813
0.0047420856763312176 0.013197200340109034 1813
0.0045704155486364336 0.01329578545391359 1813
0.0047440853984169612 0.013197233742241883 1814
0.0047475033394421967 0.013004335795387265 1814
0.0048730281815897664 0.012919409346425307 1814
0.0050695801051008366 0.013001008317931726 1814
0.0050562877698575133 0.013240367832553612 1814
0.0049179104613782778 0.013304681742257254 1814
0.0050582880920534068 0.013240417520846324 1815
0.0050715860439456235 0.013000956865354253 1815
0.0051912667912967329 0.0129330684528569 1815
0.0053824934862534736 0.013031059509533106 1815
0.005387103826507077 0.013202336605498875 1815
0.0052112195641760856 0.013315858387917752 1815
0.0053891037445797461 0.013202306649284004 1816
0.0053844914641869631 0.013030957475903999 1816
0.0055367878685270589 0.012926708127170007 1816
0.0057311514263190836 0.013025759633093397 1816
0.0057414071107954028 0.013161048240249339 1816
0.005569076341980235 0.013314133426210229 1816
0.0059408007596749883 0.013279193243850474 1817
0.0057433997247799814 0.013160875109711086 1817
0.0057331424006707953 0.01302556487321902 1817
0.0058824968102812415 0.012902218684820272 1817
0.0060949600321913936 0.013010457815150128 1817
0.0060878959425035972 0.013191138391273945 1817
0.0060969646138287932 0.013010379711271435 1818
0.0062412663828583037 0.01290501498024655 1818
0.0064382946505906983 0.013015665276798889 1818
0.0064355612054663733 0.013196493261344028 1818
0.0062670985844274054 0.013294709979026025 1818
0.0060898967129719298 0.013191157766936591 1818
0.0064375609501377993 0.013196525267727634 1819
0.0064402953413256097 0.013015634697417797 1819
0.006594006918623131 0.012916314179256655 1819
0.0067758632088017043 0.013013608725308752 1819
0.0067749025483345238 0.013213414489413584 1819
0.0065990169906430555 0.01329792269895059 1819
0.0067769021912687339 0.013213493562725449 1820
0.0067778634040190971 0.013013572930394957 1820
0.0069387975314225631 0.012914986669847609 1820
0.0070920552613575813 0.012994603716351808 1820
0.0071063124928354643 0.013207972489821952 1820
0.0069154209573518664 0.013300431884458758 1820
0.0071083172196096537 0.013207976483829551 1821
0.0070940558465531264 0.012994545728932163 1821
0.0072662142812777676 0.012900151357493585 1821
0.0074274254695478308 0.012996332979467475 1821
0.0074138520216396895 0.013197052057211155 1821
0.0072403415879661983 0.013283406692166454 1821
0.0074158486323766563 0.013197169723336189 1822
0.0074294235892130578 0.01299642833212503 1822
0.0075891060725224039 0.012917001371703972 1822
0.0077469016728762118 0.013006187237799479 1822
0.0077429151637105403 0.013223794742963983 1822
0.0075856159983649623 0.01330622027764442 1822
0.0077449151828583411 0.013223812015948491 1823
0.0077489011614954393 0.013006233470205389 1823
0.007920426733904232 0.012920461427934481 1823
0.0080723104313958054 0.01301129114909935 1823
0.0080727420599066742 0.013221939400059696 1823
0.0079170884691891746 0.01331584225932473 1823
0.0080747419496817237 0.01322188355778134 1824
0.0080743105396464294 0.013011341929753834 1824
0.0082584564764794366 0.012919676600195868 1824
0.0083956013990547119 0.013004698345806592 1824
0.0084131565031893858 0.013214118878464983 1824
0.0082505478185353684 0.013309443655275819 1824
0.0084151542438934863 0.013214008246295017 1825
0.0083976081387592619 0.013004695065632527 1825
0.0086042652776982757 0.012897801297781465 1825
0.0087359270761891167 0.012987403405133836 1825
0.0087377544255161713 0.013179814827545006 1825
0.0085591737260525633 0.013282892388422748 1825
0.0087397545663264482 0.013179820157335641 1826
0.0087379281549688995 0.012987507498770043 1826
0.0089359929977367702 0.012895937953733784 1826
0.0090785185875006339 0.013000613004276589 1826
0.0090657238942086858 0.013187911287137376 1826
0.0089009481910871414 0.013276699487372663 1826
0.0090677216500638265 0.013188012370953774 1827
0.0090805100414431128 0.013000806340200437 1827
0.0092701273635748486 0.012918079214008447 1827
0.009399518170294276 0.01299829580349068 1827
0.009412984147894864 0.013185019502123068 1827
0.0092441450514535277 0.013302926652610353 1827
0.0094149793162142149 0.013184880480834566 1828
0.00940152344625045 0.012998296938037024 1828
0.0095916937578951807 0.01289881611117567 1828
0.0097596838957843997 0.01302655043217304 1828
0.0097449591098748879 0.013177701837724133 1828
0.0095911804348893844 0.013275045781569027 1828
0.0097469594796014587 0.013177795229866516 1829
0.009761678393753373 0.013026704098496603 1829
0.0099352760186060575 0.012927625824427583 1829
0.010101799206927159 0.013019788822345077 1829
0.010119668987294028 0.013171412693353306 1829
0.0099413590785131754 0.013311388342363586 1829
0.010121661702188168 0.013171233430180573 1830
0.010103792070033701 0.013019610816744513 1830
0.010280854358931765 0.012884233224499995 1830
0.010469671840460461 0.012987436371947419 1830
0.010454203628210266 0.013183619696419013 1830
0.010299235903836822 0.013272166638554937 1830
0.010641600533746619 0.013296657416510559 1831
0.010456204180062737 0.013183691420818553 1831
0.010471675264146186 0.012987471672887989 1831
0.010603041530788134 0.012911410672057816 1831
0.010792352911938552 0.012996632888640643 1831
0.01080626446555695 0.013199224735847259 1831
0.010794345233416111 0.012996452480353917 1832
0.010950672823854141 0.012883576130894478 1832
0.011147495068548419 0.013013115357453519 1832
0.011141542597481742 0.013172590881730855 1832
0.010959766678910724 0.013275054332285957 1832
0.010808262887877625 0.013199133173214377 1832
0.011143540671517181 0.013172679793480961 1833
0.011149495713139267 0.013013135400213389 1833
0.011315646330641719 0.012901337378874968 1833
0.011495941822926238 0.012998968629052126 1833
0.011484803243655013 0.013197713646332107 1833
0.011306404698102056 0.013286472473794948 1833
0.011486799452366608 0.013197837294700221 1834
0.011497943521388507 0.012998994324120654 1834
0.011636959922964036 0.012920810702233042 1834
0.011813876846522166 0.013005407080019684 1834
0.011816098605534706 0.013226926796248751 1834
0.011646807556835856 0.01330527351823765 1834
0.011818099123642546 0.013226968424642547 1835
0.011815876291493624 0.013005341711720839 1835
0.011967683418234161 0.01291584605013882 1835
0.012133465949401458 0.013009406457126629 1835
0.01213350935494624 0.013214604122124532 1835
0.011959759280388971 0.013304887930566757 1835
0.012135509359228752 0.013214624155970654 1836
0.012135465951913001 0.01300941811878625 1836
0.01230295791496974 0.012918722090768237 1836
0.012452728749113505 0.013003183785822154 1836
0.012462112041453123 0.01319462889282891 1836
0.012285462573553906 0.013298295806629154 1836
0.012464112493367084 0.013194589129558473 1837
0.012454729556342494 0.013003151271960642 1837
0.012630984969295173 0.012903674244865293 1837
0.012793566801603744 0.013010469608543566 1837
0.012776469665310314 0.01320729767553667 1837
0.012625675827956555 0.013287122783622558 1837
0.012778469438327058 0.013207386988714013 1838
0.012795561849737066 0.013010613316191126 1838
0.012965568282411615 0.01292808535336061 1838
0.01312617136767852 0.013032703559234591 1838
0.01313524992700877 0.013187393938975663 1838
0.012963663627024037 0.013317154491702026 1838
0.01330162406121891 0.013282356509749883 1839
0.013137246271920847 0.013187273021472771 1839
0.013128172162780062 0.013032658468905684 1839
0.013302418919432612 0.012917780620018086 1839
0.01351824335042835 0.013085226738052813 1839
9.9999999999999995e-07 0.013524749060642612 1840
9.9999999999999995e-07 0.013295356279650053 1840
0.00033959747097496711 0.013234665082701651 1840
0.00042298227120399494 0.013322134452424434 1840
0.00042728853845563626 0.013490353100399768 1840
0.00034599590660760131 0.013581933784284118 1840
0.00042498970333491236 0.013322399183778038 1841
0.00069487164641575578 0.013216822623984917 1841
0.00083445737406922171 0.013345348686152225 1841
0.00083654478773002633 0.013451234958107714 1841
0.00069653303664901677 0.013583296034001274 1841
0.00042928029568148931 0.013490005512270399 1841
0.00083854237985735841 0.013451093104395007 1842
0.00083645949689562166 0.013345436656955216 1842
0.0010498868527518909 0.01320614003112692 1842
0.0012254719834024861 0.01332358072021269 1842
0.0012289333457587135 0.013456643813032968 1842
0.0010467699158609265 0.013579368598319815 1842
0.0012309340358311999 0.013456644332537102 1843
0.0012274711980183016 0.013323524519614233 1843
0.0013884867189751762 0.013201587791610075 1843
0.0016269199671095824 0.013268497703949864 1843
0.001534267756024841 0.01352742873024133 1843
0.0013925824937474254 0.013572876371623662 1843
0.0015362412193628829 0.013527849942363239 1844
0.0016288424293787877 0.013269061446497555 1844
0.0018566769684563982 0.013339125947068767 1844
0.0018787223228498803 0.013524829672627234 1844
0.0017030350523722954 0.013645047109948273 1844
0.0018807154014561396 0.01352465307161446 1845
0.0018586562364625973 0.013338833009532767 1845
0.0020266233755168186 0.013219511537274534 1845
0.002191205679831497 0.013313760377214512 1845
0.0021975119794215552 0.013502294363953171 1845
0.0020448662330768367 0.013604611362917478 1845
0.002199509483516042 0.013502186306235427 1846
0.002193205922280457 0.013313734185713019 1846
0.0023675289823697379 0.013212544832829739 1846
0.0025343635674572071 0.013316307870061557 1846
0.0025333298469615473 0.013485800741813105 1846
0.0023752541540746543 0.013589636503164002 1846
0.0025353299832664789 0.013485784491567124 1847
0.002536363533953063 0.013316319462378358 1847
0.0027099065050228514 0.013211079091114684 1847
0.00287459060583706 0.013303992274322366 1847
0.0028705228838596069 0.013513203416428466 1847
0.0027123625397699742 0.013594251582837308 1847
0.0028725223147568757 0.013513252127834236 1848
0.0028765904021128609 0.013304022193573595 1848
0.003037196849200167 0.0132187573298502 1848
0.0031950822457115788 0.013305036534743183 1848
0.0032160752965908939 0.013499284770293189 1848
0.0030259567996795988 0.013602531708932582 1848
0.0032180801731640615 0.013499222133541447 1849
0.0031970800989627036 0.013304908911347887 1849
0.0033764363308610248 0.013186752508674059 1849
0.0035392567900861828 0.013274223047341395 1849
0.0035427396931843672 0.013463601012410835 1849
0.003341148525726742 0.013567848050988532 1849
0.0037049590364059207 0.01357195804348137 1850
0.0035447412303006372 0.013463666201224819 1850
0.0035412562252165993 0.013274173943626342 1850
0.0037064096829434534 0.013173321692330653 1850
0.0038894027304096968 0.01328704420120075 1850
0.0038869095559686986 0.013446622938823491 1850
0.0038914029264173955 0.013287047278005538 1851
0.0040576818731275716 0.013180940530172474 1851
0.0042339886135977708 0.013284179214582201 1851
0.0042289726349727047 0.013489056330048377 1851
0.004080341212082712 0.013569018423669222 1851
0.0038889099712135864 0.013446611983078793 1851
0.0042309729754188277 0.013489066903759173 1852
0.004235988623931479 0.013284203271699647 1852
0.0044019692531451536 0.01318957912018571 1852
0.0045693772864578604 0.013297495695008156 1852
0.0045667004177186799 0.013475506579488988 1852
0.0043913715075763271 0.013573817437593548 1852
0.0045686998772073361 0.013475557560133182 1853
0.0045713768503299187 0.013297539734190679 1853
0.0047430566348255565 0.01319894907476893 1853
0.0049167565962788574 0.013306319744699638 1853
0.0048878704036124133 0.013499357977862244 1853
0.0047288979476700901 0.013578874954924521 1853
0.0048898632423255385 0.013499554646024108 1854
0.0049187525135734583 0.013306495839574625 1854
0.0050572401225745193 0.013242130665267858 1854
0.0052103692720331498 0.013317669046274239 1854
0.0052369899991236901 0.013506176944444954 1854
0.0050815684394876787 0.013633332125499319 1854
0.0052389663552857993 0.013505868995658251 1855
0.0052123651576664294 0.013317499390463169 1855
0.0053881287669262992 0.013204055481706816 1855
0.0055682380440562054 0.013315967185193156 1855
0.0055798112494585871 0.013428286420956953 1855
0.0054142338321234024 0.013572292766963678 1855
0.0055818038936272527 0.013428112265349469 1856
0.0055702297557822201 0.013315783980126821 1856
0.0057425571242701789 0.013162701814750863 1856
0.0059397375332384582 0.013280887710231995 1856
0.0059200873299648342 0.013462891033611252 1856
0.0057584576044980382 0.013538849364649486 1856
0.0059220780727722681 0.013463084428575023 1857
0.0059417412186551612 0.013280961228680124 1857
0.0060888801638894017 0.013192880178833893 1857
0.0062660903866660336 0.013296437271220429 1857
0.0062635781388602129 0.013486542349697364 1857
0.006080919773218992 0.01357700417042226 1857
0.0062655770854373677 0.013486635278053868 1858
0.0062680904353501167 0.013296446801703686 1858
0.0064365333144284793 0.013198241593937416 1858
0.0065979250639139333 0.013299598649190305 1858
0.0065878723010230778 0.013504313229116752 1858
0.0064143150335236659 0.01358535305091902 1858
0.0065898691374698063 0.013504426728421913 1859
0.006599922169767073 0.013299706662300181 1859
0.0067758352709910725 0.013215185218847618 1859
0.0069143736541619023 0.013302135852823737 1859
0.0069198514310853535 0.013499707264357048 1859
0.0067444167179090972 0.013600838998644808 1859
0.0069218515291463696 0.013499683080974805 1860
0.0069163759675473935 0.013302191571341396 1860
0.0071073167819838178 0.013209708308165135 1860
0.0072393296361897121 0.013285131938059032 1860
0.0072467466595789072 0.013492801738215069 1860
0.0070845759200710437 0.013591613272082735 1860
0.0072487453148369421 0.013492728382600594 1861
0.0072413314862948327 0.013285148035210336 1861
0.0074147483008244197 0.013198839993689364 1861
0.007584511664801309 0.013307887977294087 1861
0.007566015413846632 0.013502155670183673 1861
0.0074241244645631083 0.013582455606167831 1861
0.0075680176645621065 0.01350222702605449 1862
0.0075865090675280361 0.013308010252001989 1862
0.0077438994955896599 0.013225536895210419 1862
0.0079161208068133076 0.013317592808902115 1862
0.0079169121406223036 0.013509768255163319 1862
0.0077585707612613354 0.013613163849453082 1862
0.0079189119448109645 0.013509716584622354 1863
0.0079181206693830792 0.013317555316216255 1863
0.0080737892695685997 0.013223643402023822 1863
0.0082495933067705789 0.013311202587264351 1863
0.0082519518444901917 0.013526668466831506 1863
0.0081108837573915446 0.013615698268976618 1863
0.0082539507525522127 0.013526557766170372 1864
0.0082515928439723558 0.013311149362109942 1864
0.0084142532174101507 0.013215794284200565 1864
0.0085582982998029227 0.013284690670853206 1864
0.008586570919159665 0.013495158464797369 1864
0.0084424859460809319 0.013608684240179197 1864
0.0085885471974448072 0.013494848143290772 1865
0.0085602977507183362 0.013284552851664551 1865
0.0087387496682510626 0.013181549624280635 1865
0.008899908258165912 0.013278407897948968 1865
0.0088952936194643638 0.013481521634312715 1865
0.0087804222837348546 0.013561532822904045 1865
0.0088972971556323423 0.013481388706112023 1866
0.0089019077194696389 0.013278454325263724 1866
0.0090666356646814938 0.013189691859033922 1866
0.0092431711845581115 0.01330467916963838 1866
0.0092449705663272611 0.01345058734186733 1866
0.0090980673289068753 0.013564090659960533 1866
0.0092451709722215815 0.013304649619885065 1867
0.0094141020669647121 0.01318667822327326 1867
0.0095902370751973394 0.013276809694098024 1867
0.0095915276866430366 0.013470852675023811 1867
0.0094461358077364607 0.013566256051745976 1867
0.0092469695697365763 0.013450494198555384 1867
0.009593527157700555 0.013470766497617399 1868
0.0095922366837588348 0.013276744190366362 1868
0.0097458843911849991 0.013179483150726116 1868
0.009940405494896774 0.013313159762389407 1868
0.0099422748980732608 0.013452112077214409 1868
0.0097765842589813239 0.013561097477750252 1868
0.0099442748492350672 0.013452094994132191 1869
0.0099424050051840369 0.013313109909202387 1869
0.010120817234055493 0.013173053937560649 1869
0.010298217909768049 0.013273888513761512 1869
0.010291844777143304 0.013467898705059711 1869
0.010112632946851649 0.01356002638824258 1869
0.010293842754111012 0.013467993130598934 1870
0.010300218323562782 0.013273908757684751 1870
0.010455142631271884 0.0131853866233782 1870
0.01064055973507088 0.013298365262562744 1870
0.010629606988282215 0.013486317377863592 1870
0.010453401341970044 0.013573404717873796 1870
0.010631602949431253 0.013486444910390237 1871
0.010642560323300783 0.013298413393122637 1871
0.010807344080379132 0.013200909811097115 1871
0.010958845903651458 0.013276829984089883 1871
0.01097800242916575 0.01349962823251632 1871
0.010789862441871093 0.013592928097807756 1871
0.010980007003155412 0.013499595606728027 1872
0.010960845713958301 0.013276741954716715 1872
0.011142464011485533 0.013174367351992244 1872
0.011305289532002692 0.013288133128214853 1872
0.011295058305636783 0.01347402819860331 1872
0.011106869281588919 0.013567500221511958 1872
0.011297054029391521 0.013474160891367255 1873
0.01130728511926412 0.013288268300977972 1873
0.011485694232828423 0.013199504215600648 1873
0.011645661795247125 0.0133069132174869 1873
0.011625853516785172 0.013502647159133116 1873
0.011449551722310863 0.013579698386929736 1873
0.011627842353900795 0.013502858406522853 1874
0.011647654594910418 0.013307085309274349 1874
0.011817066139450369 0.013228682822646763 1874
0.011958774604685937 0.013306628900429234 1874
0.011968820293758047 0.013510209277717695 1874
0.011789334395586992 0.013620258719853824 1874
0.011970819216032397 0.013510138122051995 1875
0.011960776271865262 0.013306613371489242 1875
0.012134492597512928 0.013216347099615545 1875
0.012284516039736133 0.013300057936390717 1875
0.012299307620301557 0.013507586123312798 1875
0.012134069391867484 0.013597744363929895 1875
0.012301307955875947 0.013507519646722857 1876
0.012286516709333017 0.013299996146188525 1876
0.012463146593874633 0.013196340724900927 1876
0.012624626896952646 0.013288826823564047 1876
0.012614586684496606 0.013485996553771709 1876
0.012434887275573889 0.013575092641872564 1876
0.012785166170556538 0.013598883754363682 1877
0.012616583164397874 0.013486116570189076 1877
0.01262662665877232 0.013288882389655348 1877
0.012777391174307314 0.013209072803539007 1877
0.012962755385203801 0.013318941081353827 1877
0.012968636523804644 0.013456353461420316 1877
0.012964752817613195 0.013318838310175565 1878
0.013136353336890864 0.013189067004240405 1878
0.013300857272478109 0.01328422346119084 1878
0.013332448367264334 0.013454131689965381 1878
0.013185807870100709 0.013594906926356466 1878
0.012970634625431514 0.013456266326460133 1878
0.013599 0.013083835104419565 1879
0.013599 0.01352465111517728 1879
0.013334398074245888 0.013453676845466618 1879
0.013302841262831093 0.013283953004949436 1879
0.013520195458395419 0.013086154447372369 1879
9.9999999999999995e-07 0.01383574109142909 1880
9.9999999999999995e-07 0.013526776349127275 1880
0.00034541606951799181 0.013583864961994449 1880
0.00035512451694310357 0.013791281454129686 1880
0.00025500872416608575 0.013873024373090266 1880
0.00035711640077491346 0.013791061275020366 1881
0.00034739510279380403 0.013583370236695579 1881
0.00042860135608982947 0.013491886863067846 1881
0.00069583352294918935 0.013585170202948018 1881
0.00071173983503730739 0.013779581851128007 1881
0.00056122806093834886 0.013877174994686171 1881
0.0007137348691600864 0.013779439475486346 1882
0.00069781302759038043 0.013584838021391942 1882
0.00083768167576308672 0.013452911922197754 1882
0.0010457992645253047 0.013581119684750613 1882
0.0010474053977202334 0.013755871358654215 1882
0.00087240139736788412 0.013854698749137776 1882
0.0010494055571988318 0.013755879519608973 1883
0.001047799046805229 0.013581086805460456 1883
0.0012299286809486424 0.013458384788611279 1883
0.0013913034697960931 0.013574420048128711 1883
0.001347241120013251 0.013799765742127384 1883
0.0012178333567460181 0.013855819214734411 1883
0.0013492409357934118 0.013799960382476146 1884
0.0013932759880972063 0.013574754294499183 1884
0.0015348749959621232 0.013529334320494135 1884
0.0017020325795351207 0.01364678707628043 1884
0.0017033993762594201 0.013786269889211477 1884
0.0015332779295720632 0.01390462619486737 1884
0.001704032683312024 0.013646787868007021 1885
0.0018798715643585367 0.013526466688200723 1885
0.0020439830728580717 0.013606405825110518 1885
0.0020553848456459681 0.013791506744082565 1885
0.00188742387687934 0.013906124133054578 1885
0.0017053992434180472 0.013786246533834003 1885
0.0020573810468475736 0.013791383533593504 1886
0.0020459787071272308 0.013606273410814411 1886
0.0021986043925667719 0.013503969858484968 1886
0.0023743473734011617 0.013591419214610148 1886
0.0023820445495934552 0.013784579595834659 1886
0.0022250122144253787 0.013877677103701622 1886
0.0023840437703376662 0.013784520207614892 1887
0.0023763447291774934 0.013591313025083316 1887
0.002534345208228754 0.013487526669721056 1887
0.0027112659590325917 0.013595925258116578 1887
0.0026928103212234713 0.013795975778639334 1887
0.0025445841619111571 0.01386925638320047 1887
0.002694807899566793 0.013796094087691793 1888
0.0027132641558150834 0.013596036863576385 1888
0.0028714806273225819 0.013514959935063301 1888
0.003024958280150535 0.013604264634455606 1888
0.0030313779466436151 0.013803113664777563 1888
0.0028643469221150894 0.013899069942622652 1888
0.0030333778837649287 0.013803079441396681 1889
0.0030269592755111131 0.013604263190012972 1889
0.0032171351462532086 0.013500985093582604 1889
0.0033402066364207859 0.013569612760634765 1889
0.0033692913585827997 0.013785020742495189 1889
0.0032047228162535983 0.013897147455022033 1889
0.0033712779916974171 0.013784787332621366 1890
0.0033422159911282241 0.013569547631978375 1890
0.0035436828839920166 0.013465364858410604 1890
0.0037039836276753944 0.013573712758500818 1890
0.0037090137791110605 0.013711124529272058 1890
0.0035297656493429976 0.013848163061817706 1890
0.0037110127413408516 0.013711059585705284 1891
0.0037059837947851018 0.01357368072938701 1891
0.0038879219591337233 0.013448354135515816 1891
0.0040792173254897363 0.013570673694177041 1891
0.0040520618546776143 0.013762520598132025 1891
0.0038976407741772765 0.01383671360822346 1891
0.0040540546203490487 0.013762712552555494 1892
0.0040812167727147398 0.013570818445023199 1892
0.0042299623557009837 0.013490794934508627 1892
0.0043904203270855339 0.013575576874529554 1892
0.0044026535825105939 0.013784680514491767 1892
0.0042328208305961144 0.013883842196721792 1892
0.004404652082202561 0.013784596416314077 1893
0.0043924205465225661 0.013575522172039313 1893
0.004567655604758511 0.013477263938806753 1893
0.0047278079262347067 0.013580551828460534 1893
0.0047184206663590071 0.013770327469694634 1893
0.0045676337914396549 0.013865326925221577 1893
0.0047204236486713272 0.013770316613200939 1894
0.0047298051484365913 0.013580657420074822 1894
0.0048886979421730167 0.013501180289524073 1894
0.0050806087929899406 0.01363510128011943 1894
0.0050790470007817615 0.013743426400427779 1894
0.0049128468305527665 0.013874444935901901 1894
0.005081047455139394 0.013743409303298825 1895
0.0050826095320975952 0.01363506443287236 1895
0.0052382448509938366 0.01350773436876123 1895
0.0054135687272382615 0.013574179514604412 1895
0.0054529028813400573 0.013767571598354626 1895
0.0052670051794712312 0.013876972647559892 1895
0.0054549049138794712 0.013767380261956792 1896
0.0054155348876249948 0.013573811807555833 1896
0.0055809561201085418 0.013429941298972759 1896
0.0057573361696536011 0.013540506851005234 1896
0.0057380327853904685 0.013747820134606788 1896
0.0055768010382692976 0.013824708402613003 1896
0.0057400306277027415 0.013747936218803334 1897
0.0057593316354771157 0.013540648458067668 1897
0.0059209153724452393 0.013464711739450016 1897
0.006079789149970264 0.013578654486669698 1897
0.006067244121324142 0.013760363456048827 1897
0.0059082453512846259 0.013846158719751811 1897
0.0062458437621324865 0.0138734039067781 1898
0.0060692422828632761 0.01376045904236442 1898
0.0060817832880916967 0.013578808350339954 1898
0.0062644972408826705 0.013488318999998458 1898
0.0064132011736961507 0.013587014196836311 1898
0.0064030148856733327 0.013781696085847643 1898
0.0064151968785644458 0.013587148573016938 1899
0.0065887727863617358 0.013506100047422313 1899
0.0067434070332279342 0.01360256638324071 1899
0.0067469265000208141 0.013785407639748143 1899
0.0065921579621194973 0.013890347994716759 1899
0.0064050158701706933 0.013781729556953001 1899
0.006748925128466198 0.013785317138580484 1900
0.0067454075947691039 0.013602576309121699 1900
0.0069208725793426162 0.013501427124473924 1900
0.0070836049307076553 0.013593361812785993 1900
0.0070868196913633358 0.013782194867602758 1900
0.0069310046712123333 0.013879814295428528 1900
0.007088819066968499 0.013782141167915769 1901
0.0070856046528748736 0.013593328469939962 1901
0.0072478094961399295 0.013494496156463294 1901
0.0074231199826687369 0.013584188250666122 1901
0.0074136649520292995 0.013790736311533222 1901
0.0072691300051146816 0.013879729209707935 1901
0.0074156680796216533 0.013790713740776941 1902
0.0074251220374537651 0.013584189115716823 1902
0.007566954465432295 0.013503922298526131 1902
0.0077575927456984117 0.013614908714371552 1902
0.0077550311766583259 0.013796824680426839 1902
0.0076108366717011948 0.013890702769053402 1902
0.0077570320419692515 0.013796777308655821 1903
0.0077595932808325798 0.013614884790894398 1903
0.0079179575644559835 0.013511474240313138 1903
0.0081098874908972322 0.013617432800628836 1903
0.0081006023779631592 0.013801113524521352 1903
0.007941300091365476 0.013895379815711505 1903
0.0081026021162224991 0.01380116922038189 1904
0.0081118902855682861 0.013617428033690449 1904
0.0082530439023365508 0.013528344252720505 1904
0.0084417059101569072 0.013610525967400484 1904
0.0084620995054382493 0.013791651877457723 1904
0.0082820416037509264 0.013915253322626782 1904
0.0084640952061796667 0.013791501454679608 1905
0.0084436909665797574 0.013610281007005978 1905
0.0085878268355141646 0.013496715130346721 1905
0.0087795980299601936 0.013563363703165377 1905
0.0087867262277784054 0.013786032863594129 1905
0.0086185331221538854 0.013873755316132186 1905
0.008788726794382978 0.013786018558761375 1906
0.0087815923783445965 0.013563155154864706 1906
0.0088964055595840297 0.013483184472548017 1906
0.0090972758728580239 0.013565927676416284 1906
0.0091137843693766575 0.013762006851753196 1906
0.0089331214439547606 0.013862966914080605 1906
0.0091157860577050463 0.013761942860483822 1907
0.0090992632789824671 0.013565694048695287 1907
0.0092460557228684556 0.013452276334119049 1907
0.0094451392026104163 0.013567990085535966 1907
0.0094368168456501686 0.013738539137035086 1907
0.009255064951626861 0.013837274832810841 1907
0.0094388138606047636 0.013738649077633084 1908
0.0094471416767714558 0.013567988151278651 1908
0.0095926016905190335 0.013472540065773895 1908
0.0097756691871712636 0.013562876175585336 1908
0.0097802971469926215 0.013768942672601141 1908
0.009598923488675349 0.013851561375984303 1908
0.0097822991830544652 0.013769010875408808 1909
0.0097776675051952193 0.013562778827465047 1909
0.009943289173134074 0.013453838793696967 1909
0.010111566260288876 0.013561718253435323 1909
0.010107366525367053 0.013758156452414048 1909
0.0099176822804197245 0.013851736346033022 1909
0.010109365040075568 0.013758247302344815 1910
0.010113565054864529 0.013561796012874003 1910
0.010292761833635257 0.013469676067248127 1910
0.010452293775845915 0.013575070051207951 1910
0.010439835778578686 0.013766168362806308 1910
0.010264016370065155 0.013858003537932075 1910
0.010617998095338711 0.013882324689765939 1911
0.010441832796460979 0.013766279229171502 1911
0.01045428977403335 0.013575196559089332 1911
0.010630494501062966 0.013488109673422526 1911
0.010788764082180108 0.013594599648897426 1911
0.010781021374198724 0.013782746125453717 1911
0.010790761032131318 0.013594714899705242 1912
0.010979039633345228 0.013501346294853545 1912
0.011105904740227508 0.013569252423599916 1912
0.011125543039691151 0.013786580224224189 1912
0.01097432365456691 0.013893607089980102 1912
0.010783022552471953 0.013782758628761368 1912
0.011127531786290636 0.01378636550928497 1913
0.011107909651469346 0.01356921659513593 1913
0.011295941034371013 0.013475822871357122 1913
0.011448399663762028 0.013581333332628993 1913
0.011431686726040965 0.013796238986860132 1913
0.011320196275374776 0.01386423664696943 1913
0.011433696457816117 0.013796191500952843 1914
0.011450391655053618 0.013581513965218337 1914
0.011626665023127977 0.013504475160942556 1914
0.01178827848268757 0.013621963741758607 1914
0.011785857671383312 0.013764872455360082 1914
0.011626432498645036 0.013879384166260592 1914
0.011787858077715735 0.013764865406525981 1915
0.011790277709123465 0.013622026346224015 1915
0.011969881436754251 0.013511904658488413 1915
0.012133060842709114 0.013599472922561922 1915
0.012128717999146887 0.013808574701111182 1915
0.01197095586733928 0.013888117363347833 1915
0.012130717370860895 0.013808625718995963 1916
0.012135061093686648 0.013599481605150883 1916
0.012300368378309633 0.013509285685695451 1916
0.012433942906069334 0.013576856256775172 1916
0.012457831758363751 0.013813176461318881 1916
0.012289151856291496 0.013899871458151759 1916
0.012459832301012342 0.013813080999596886 1917
0.012435947349180342 0.013576799380334096 1917
0.012615480967557092 0.013487785492220312 1917
0.012784246105986965 0.01360067450684414 1917
0.012793639696855449 0.013736535320419501 1917
0.012588634838578694 0.013871460053544529 1917
0.012795642460909733 0.01373650623847531 1918
0.012786244265041517 0.013600578822147203 1918
0.012969711649996487 0.013458050835144189 1918
0.013184940989091331 0.013596727577846451 1918
0.013187100361717113 0.013707596526376415 1918
0.012944754150317797 0.013841708953180359 1918
0.013599 0.013526721813152204 1919
0.013599 0.013762919633528827 1919
0.013310994415428847 0.013826986822556155 1919
0.013189103749579193 0.013707750994862489 1919
0.013186938761033631 0.013596593707435507 1919
0.013333815824851443 0.013455591366477062 1919
9.9999999999999995e-07 0.01417396434294687 1920
9.9999999999999995e-07 0.013837762520855034 1920
0.0002544293049701904 0.013874960755637796 1920
0.00030202753656409064 0.014169738971737844 1920
0.000304008671218121 0.014169461705387146 1921
0.00025637882248105871 0.013874487682746659 1921
0.00035631301253795519 0.013792893039457901 1921
0.00056034220342474083 0.013878971965735789 1921
0.00056520718248222798 0.014097335138873528 1921
0.00056721241751574289 0.01409754783529569 1922
0.00056233971128068 0.013878837830034954 1922
0.00071286096392859184 0.013781238540503199 1922
0.00087149754298472082 0.013856483608566176 1922
0.00089260705444254131 0.014087463183772738 1922
0.00068731110034468495 0.014177399763741601 1922
0.0008946166536150051 0.014087477016393027 1923
0.00087349617004103559 0.013856377384654971 1923
0.0010483983796084929 0.013757607476958237 1923
0.0012166899880488985 0.013857466360615932 1923
0.0011899451476416305 0.014075064835825313 1923
0.001009592394602761 0.014152426676927172 1923
0.0011919343090751892 0.01407527546781834 1924
0.0012186849361830265 0.01385762991148224 1924
0.0013480610211222435 0.013801590160465378 1924
0.0015323501975900871 0.013906399394597486 1924
0.0015380522077697298 0.014082517119303171 1924
0.0013496560483937251 0.014183183014100811 1924
0.0015400543117801131 0.01408254973812537 1925
0.0015343486012003656 0.013906317719332787 1925
0.0017044198832821833 0.013787996314023099 1925
0.0018864363099506637 0.013907868508422355 1925
0.0018871017138328476 0.014048909640962627 1925
0.0016954576399496794 0.014182737391444209 1925
0.0018891016918757273 0.014048900269087379 1926
0.0018884362664774697 0.013907854575931399 1926
0.0020564896661203766 0.013793174111676017 1926
0.0022240552670026465 0.013879433929205067 1926
0.0022271189067494057 0.014088012048014853 1926
0.0020707326457032257 0.014173229451497182 1926
0.0022291186264551685 0.014087978277657197 1927
0.0022260547507113241 0.01387938409174033 1927
0.0023830958617017863 0.013786281381077447 1927
0.0025435435234311943 0.013870968612143373 1927
0.002534188098258696 0.014092711066261279 1927
0.0023874965469786211 0.014167063824820232 1927
0.0025361884392857436 0.014092745154974367 1928
0.0025455434211441533 0.0138710132082949 1928
0.0026937052852128831 0.013797764390257426 1928
0.0028633205663933388 0.013900786563715571 1928
0.0028591356148850392 0.014095058469818744 1928
0.0027037522342352655 0.014180031398814781 1928
0.0028611355097246448 0.014095084890750627 1929
0.0028653203692875057 0.013900817252896571 1929
0.0030324079121731864 0.013804828506285888 1929
0.0032038021927352292 0.013898923611901478 1929
0.0032107507339814529 0.014074951013731992 1929
0.0030230297453054215 0.01418750547946249 1929
0.0032127522342324803 0.014074949560755815 1930
0.0032058001931497006 0.013898833497562586 1930
0.0033704881091490154 0.01378662545128263 1930
0.003529055114858958 0.013850032910025066 1930
0.0035743430683530582 0.014062264579396029 1930
0.0033659717217406171 0.014175289127296408 1930
0.0035763540885919085 0.01406210520938566 1931
0.0035310317925107645 0.013849712601309887 1931
0.0037100690524513734 0.013712835282673414 1931
0.0038964772618522215 0.013838341301172553 1931
0.0038680106287326092 0.014033765932744803 1931
0.003687334528567223 0.014116987721651928 1931
0.0040492256293371779 0.014160021428600534 1932
0.0038700001377195369 0.014033982854914516 1932
0.0038984703117602828 0.013838533914770027 1932
0.0040528919588434398 0.013764340632458735 1932
0.0042317548586876105 0.013885535792230445 1932
0.0042232243715971266 0.014059296104889164 1932
0.0042337534466093639 0.013885613619188787 1933
0.0044037266517903224 0.013786369929324653 1933
0.0045667267738538769 0.013867109558745479 1933
0.0045777209292544516 0.014062080110865585 1933
0.0043986090849908342 0.014171844402817982 1933
0.0042252234913160705 0.014059363099494678 1933
0.0045797205728514328 0.014062017446362008 1934
0.0045687239934977062 0.013867003907812555 1934
0.0047194320795285035 0.013772054091231431 1934
0.0049119774406963792 0.013876248530312142 1934
0.0049195213082723491 0.014034089193852347 1934
0.0047435003853127621 0.014154160211502816 1934
0.0049215198055426526 0.014034009985241687 1935
0.0049139728169341982 0.013876104020205483 1935
0.0050800680099977596 0.013745168240088682 1935
0.0052659184908494744 0.013878654557176467 1935
0.0052551964430494411 0.014050798436619084 1935
0.0050934318581871661 0.014134300486715235 1935
0.0052571937465610242 0.014050903954186502 1936
0.0052679159684611791 0.013878757279543687 1936
0.0054540772117279319 0.013769201135868976 1936
0.0055758526800308477 0.013826472531578156 1936
0.0055943820328518204 0.01406189499753256 1936
0.0054215621047312926 0.014156872454830978 1936
0.005596381284564811 0.014061806904961817 1937
0.0055778548590323541 0.013826421631319936 1937
0.005738928591524345 0.013749608717401074 1937
0.0059072012248406851 0.013847865032505808 1937
0.0058985842381942795 0.014049625833611764 1937
0.0057475071326732897 0.014134057914439179 1937
0.005900585256655138 0.014049644676518537 1938
0.0059092008838510192 0.013847915706009286 1938
0.0060681607840833056 0.013762141416338747 1938
0.0062447885622116854 0.013875103100096724 1938
0.0062352645218091852 0.014044198667715864 1938
0.0060770535778732395 0.014145224175953611 1938
0.0062372655973367778 0.01404423585096919 1939
0.0062467880490413071 0.013875168490053684 1939
0.0064039866345934268 0.013783444645306921 1939
0.0065911889601492496 0.013892098043031998 1939
0.0065882074043584118 0.014059666084371661 1939
0.0064305664936513251 0.014166774064237152 1939
0.0065902082692564654 0.014059635267462071 1940
0.0065931898697590419 0.013892064713253636 1940
0.006748004879828645 0.013787092847967084 1940
0.0069300566476452894 0.013881575589951005 1940
0.0069319204841300922 0.014092137141534461 1940
0.0067850990387063421 0.014173964187507613 1940
0.0069339201912641197 0.014092095204277422 1941
0.0069320561950037612 0.01388151560251131 1941
0.0070878659666137886 0.013783899462940846 1941
0.0072681530522840532 0.013881474595275379 1941
0.0072652834914026373 0.014068507379975304 1941
0.0070939048615843957 0.014170421216286193 1941
0.0072672834262955573 0.014068526965189723 1942
0.0072701537016801182 0.013881447610467945 1942
0.0074146847110722362 0.013792457136700246 1942
0.0076098724660541572 0.013892455982539907 1942
0.0076026158151795663 0.014078781858963874 1942
0.0074381473914216867 0.014173364215054936 1942
0.0076046154567814125 0.014078829992658344 1943
0.0076118756620463515 0.013892412851695402 1943
0.0077560733893634343 0.013798532665145665 1943
0.0079403199095306395 0.013897123651832172 1943
0.0079387064000939755 0.014096906630014294 1943
0.0077807625821747885 0.014187990932247034 1943
0.0081137128920432764 0.014190774016289062 1944
0.0079407065632403802 0.014096894505583695 1944
0.0079423201647912719 0.013897100121918306 1944
0.0081015552177657844 0.013802873615871448 1944
0.0082810779267216018 0.013917010628665532 1944
0.008285435013057901 0.014073311958313484 1944
0.0082830775178822508 0.013916968091630221 1945
0.0084632259792957239 0.013793304481385807 1945
0.0086175446856158536 0.013875494851601089 1945
0.0086235144383593598 0.014091568047656149 1945
0.0084582393184713528 0.014176918865599747 1945
0.0082874342598001915 0.014073257065992306 1945
0.0086255150075083102 0.014091561024699981 1946
0.0086195451262480027 0.013875483177022457 1946
0.0087877408036893655 0.013787759383132864 1946
0.0089321749839401457 0.013864728804473187 1946
0.0089464975524516394 0.014064075320988944 1946
0.008772134886926684 0.014170167584586146 1946
0.0089484961199998575 0.01406398362850772 1947
0.0089341758280458358 0.01386466879791487 1947
0.0091148427951450832 0.013763706476972436 1947
0.0092541097102326678 0.013839031970290442 1947
0.0092693957862177781 0.014042604308670999 1947
0.0091086195144230823 0.01414741510657991 1947
0.0092713908966171876 0.014042464207795794 1948
0.0092561116111984192 0.013838982302792057 1948
0.0094377196693759581 0.013740324745031784 1948
0.0095977607379866599 0.013853188693972149 1948
0.0095763938821921551 0.014058715772309003 1948
0.0094466240806142712 0.014125437527292119 1948
0.0095783958086076097 0.014058800924057001 1949
0.0095997514247845254 0.013853381959229531 1949
0.009781243206486807 0.013770709448689368 1949
0.0099166512992133991 0.013853450192660625 1949
0.0099241359675994577 0.014056211130693486 1949
0.0097605184215152942 0.014158909860960684 1949
0.0099261346177480659 0.014056137661797427 1950
0.0099186540233503744 0.013853487088801582 1950
0.010108287513414712 0.013759932234882415 1950
0.010262952402377052 0.013859697216544346 1950
0.010259120511627981 0.014049993203830467 1950
0.010098950081349855 0.014147692524703159 1950
0.010261120967767469 0.014049990685868612 1951
0.010264951310299622 0.013859771584769006 1951
0.010440738434631646 0.013767953272533905 1951
0.010616953177100107 0.013884031303131036 1951
0.010609448587755695 0.014049662936009981 1951
0.010440089086958251 0.014153263207380435 1951
0.010611447826329732 0.01404972502690721 1952
0.010618952790043726 0.013884085131424913 1952
0.010782012043427124 0.013784484593003136 1952
0.01097337569871114 0.013895369300352581 1952
0.010972826499073654 0.014066652810550717 1952
0.010782797823410689 0.014165866298909251 1952
0.01097482620033729 0.014066749186341378 1953
0.010975375890783791 0.013895312603408897 1953
0.011126722587239568 0.013788195631924951 1953
0.011319256604346566 0.013866014035442648 1953
0.011309266440419283 0.014085877426549919 1953
0.011120722858376588 0.014171942248234601 1953
0.011311262505855662 0.014086009432994175 1954
0.011321262533304455 0.013865928965640291 1954
0.011432722918481171 0.013797949642374388 1954
0.011625618577911811 0.013881211205522175 1954
0.011644952166242183 0.014077619180694301 1954
0.011461732132257891 0.014184641927150082 1954
0.011646952098185113 0.014077520290750652 1955
0.011627607700216105 0.013881002501549142 1955
0.01178686754168776 0.013766609544581155 1955
0.011969815584655503 0.013889760699703581 1955
0.011947066846926967 0.014074181123462945 1955
0.011794862053094638 0.014153918785207898 1955
0.011949064941588546 0.01407431945664221 1956
0.011971810304365921 0.013889926393078851 1956
0.012129673750085499 0.013810332649012944 1956
0.012288106611495103 0.013901577452861026 1956
0.012281771554692976 0.014106247181190796 1956
0.012131718276379261 0.014190651108778934 1956
0.012283772042930463 0.014106262352640503 1957
0.012290105949507505 0.013901629785186024 1957
0.01245892257958507 0.013814864515405149 1957
0.012587855514242834 0.013873302671129651 1957
0.012633768792811641 0.014081270923266852 1957
0.012463538373916809 0.014205593424255644 1957
0.012635745855356092 0.014080948881867972 1958
0.01258984904376572 0.013873055218364592 1958
0.012794658056336847 0.013738259381841275 1958
0.012943722468160472 0.013843428740809774 1958
0.012955613892759118 0.014029222173405855 1958
0.012788503680381003 0.01413861046121217 1958
0.013136779546562271 0.01411961055408666 1959
0.012957610489733103 0.014029105065949734 1959
0.012945728285519792 0.013843455694061207 1959
0.013187944772762205 0.013709415055553009 1959
0.013309626688690636 0.013828446680000557 1959
0.013283759897008375 0.014027866006638382 1959
0.013599 0.013764968520580994 1960
0.013599 0.014212034153461379 1960
0.013285767479793901 0.014027936716867988 1960
0.013311584053558959 0.013828904543896393 1960
9.9999999999999995e-07 0.014528415093597731 1961
9.9999999999999995e-07 0.014175964539960329 1961
0.00030238713382595096 0.014171734121266497 1961
0.00033924322522254507 0.01435017414649384 1961
7.9908738317237732e-05 0.01453051689912984 1961
0.00034126547393550092 0.014350077475405504 1962
0.00030436804634602485 0.014171437319588585 1962
0.00056605060507027342 0.014099177089674049 1962
0.00068621616584634427 0.014179073484328272 1962
0.00068773490538921798 0.01438250204172006 1962
0.00050004793513560566 0.014484214115566095 1962
0.00068973518291133985 0.014382531748990898 1963
0.00068821706439276399 0.014179186375103243 1963
0.00089361189375363641 0.01408920647960467 1963
0.0010085625601217044 0.014154141975515714 1963
0.001020612455727302 0.014377694597542102 1963
0.00085880367269729977 0.014485862925160263 1963
0.0010226071714189277 0.01437754269901975 1964
0.0010105677571428764 0.014154184529192707 1964
0.0011907565891601138 0.014076893001583796 1964
0.001348575472212893 0.014184867010118356 1964
0.0013424073034791373 0.014381345146816884 1964
0.001210123760600772 0.014460365980753563 1964
0.0013444092891130488 0.014381313283240053 1965
0.001350573526196664 0.014184960383597626 1965
0.0015390243047363672 0.014084265304091521 1965
0.0016945310855475629 0.014184519652747692 1965
0.0017083383116698774 0.014327447184887637 1965
0.0015236836224395789 0.014470428636540021 1965
0.0016965314379682741 0.014184426922230894 1966
0.0018881098514814145 0.014050645023308604 1966
0.0020696108759424166 0.014174885267067991 1966
0.0020493912643083476 0.014350554431996385 1966
0.0018822338416654278 0.014435773672304855 1966
0.0017103349482319394 0.014327315989113455 1966
0.0020513842517261393 0.014350730079523996 1967
0.0020716073686172904 0.014175030460717676 1967
0.0022281478619840945 0.014089729013548847 1967
0.0023864952817886182 0.014168799330267906 1967
0.0023847802746520077 0.014398736293545237 1967
0.002225597687662118 0.014474993272017995 1967
0.0023867801369496133 0.014398762214276778 1968
0.0023884953337909528 0.014168799816627567 1968
0.002535156277573696 0.014094462571926359 1968
0.0027027474499337909 0.014181763077029692 1968
0.0026971322378080481 0.014393334623782927 1968
0.0025410563572354863 0.0144786057707618 1968
0.0026991327350006484 0.014393342426235852 1969
0.0027047480676060057 0.014181766340017733 1969
0.0028601124460671604 0.014096803802555317 1969
0.0030220747370800533 0.01418926324208283 1969
0.0030331522129110502 0.014383168912105572 1969
0.0028748230153592172 0.014486242958104837 1969
0.0030351485522617321 0.014383047752638102 1970
0.0030240749973238041 0.01418921071588608 1970
0.0032117499205473864 0.014076683870255098 1970
0.0033649365449491199 0.014177001915578611 1970
0.0033695148231709872 0.014365702858323259 1970
0.0032091676610945946 0.014467615030151273 1970
0.0033715138022704753 0.014365636521786724 1971
0.0033669380633327395 0.014177040239634193 1971
0.0035754983397458815 0.014063913212647048 1971
0.0036863823202000776 0.0141187480233467 1971
0.0037111502217478881 0.014354226101597745 1971
0.0035438468685852899 0.01445774038546793 1971
0.0037131453739023129 0.014354075119206208 1972
0.0036883887337781276 0.014118704107691856 1972
0.0038688175295342364 0.014035596230449449 1972
0.0040481330124384641 0.014161698089627408 1972
0.0040352208801702049 0.01433108754125678 1972
0.0038806592260807117 0.014431037663378624 1972
0.0040372238347023614 0.014331124898925796 1973
0.0040501303896730871 0.014161808613784441 1973
0.004224166721405161 0.014061061530078151 1973
0.0043975996199359432 0.014173573521717282 1973
0.0043994771287339052 0.01435138473060368 1973
0.004238579192515011 0.014454614581286006 1973
0.0044014767030015403 0.014351333852518824 1974
0.004399599830764849 0.014173582929756966 1974
0.0045787746345979071 0.014063780054579712 1974
0.0047425938602263813 0.014155944993626749 1974
0.0047551898837740946 0.014324221752773609 1974
0.0045753310310730029 0.01444728972652868 1974
0.00475718810282746 0.014324123211728825 1975
0.0047445913724347604 0.014155837009476115 1975
0.0049205885702125231 0.014035782175735362 1975
0.0050923674561280229 0.014135994990055347 1975
0.0050796831836782651 0.014347751459816245 1975
0.0049225395941426362 0.014420725778357497 1975
0.0050816801531583175 0.014347861899212616 1976
0.0050943666254607027 0.014136068704205704 1976
0.0052561037360312644 0.014052580836198201 1976
0.0054205144426833956 0.014158576638965647 1976
0.0054182457738592106 0.014339710880710238 1976
0.0052377056103537125 0.0144415891653952 1976
0.0054202453357884706 0.014339758381298542 1977
0.0054225139124492259 0.014158631498033463 1977
0.0055954614020300797 0.014063583936185862 1977
0.0057465610575785789 0.014135822423391732 1977
0.0057529077893835965 0.014354981092063722 1977
0.0055824329287214852 0.014444371934873591 1977
0.0057549083178655234 0.014354970387586149 1978
0.0057485601052254124 0.014135760584273934 1978
0.0058995670554105647 0.01405136771098207 1978
0.006076107442631061 0.014146986243102374 1978
0.0060799554967488015 0.014334404640705215 1978
0.0059022199881309662 0.01443437998467508 1978
0.0062322651577745788 0.014425507797525543 1979
0.0060819560789170763 0.014334412465320277 1979
0.0060781066013158918 0.014146924737355166 1979
0.0062362361038788136 0.014045951233459829 1979
0.006429557029324246 0.01416850214368864 1979
0.0064214013435615639 0.014328132236688954 1979
0.0064315588384978332 0.014168517790845055 1980
0.006589237215525472 0.014061384354758276 1980
0.0067840183992621088 0.01417564898845366 1980
0.0067615997212477795 0.014370471597048557 1980
0.0065738313415859458 0.014445063652422404 1980
0.0064233959986235208 0.01432828791026842 1980
0.0067635819286269959 0.014370740912159426 1981
0.0067860211337142382 0.014175739919366799 1981
0.0069329556944138027 0.014093849831589043 1981
0.0070930093172538533 0.014172209601681515 1981
0.0071137102582404452 0.01438675443251301 1981
0.0069135641839474108 0.01448924316969393 1981
0.0071157156085466565 0.014386713618974164 1982
0.0070950073102859145 0.014172092537254431 1982
0.0072662667144570122 0.014070249600933232 1982
0.0074371156953617007 0.014175077656908052 1982
0.0074321860748140164 0.014358493914206273 1982
0.0072444439504640813 0.014457655346371294 1982
0.0074341845601754936 0.014358577141151331 1983
0.0074391154232431034 0.01417511465344805 1983
0.0076035743880425053 0.014080537737006491 1983
0.0077797118709780691 0.014189692701023611 1983
0.0077697773058869758 0.014363812276207363 1983
0.0075889304885736206 0.014460897801545365 1983
0.0077717734477129588 0.014363936906678384 1984
0.0077817117224690448 0.014189752313520846 1984
0.0079397166015421176 0.014098632798054258 1984
0.0081128073963617642 0.014192558143084752 1984
0.0081225008490607362 0.014357607402723689 1984
0.0079382092507106709 0.014483529312400297 1984
0.0081244999477548367 0.01435753337618902 1985
0.0081148045176456397 0.014192450447422733 1985
0.0082864822114860574 0.014075018778702082 1985
0.0084571755913014947 0.01417861280027501 1985
0.0084484115227446283 0.014383950339450795 1985
0.0083010695191159164 0.014465522842779275 1985
0.0084504128857389293 0.014383961067065165 1986
0.008459174245359833 0.014178686996841111 1986
0.0086245226850869567 0.014093298315314386 1986
0.0087712213445070193 0.014171947111116615 1986
0.0087889700559036239 0.01435908229576564 1986
0.0086186851589318807 0.014471785250845481 1986
0.0087909665455686795 0.014358950652230409 1987
0.0087732209114554476 0.014171847913204019 1987
0.0089475767524171343 0.014065759802063213 1987
0.0091077109315659561 0.014149196899461678 1987
0.0091185653261074955 0.014333616448125626 1987
0.0089464796266647047 0.014440343686006642 1987
0.0091205649917638406 0.014333551961335688 1988
0.0091097082654408475 0.014149092794977568 1988
0.009270514817025002 0.014044262257533347 1988
0.0094455907682938801 0.01412716112696779 1988
0.0094268522857829593 0.014362859287699942 1988
0.009283769811458625 0.014426521230994017 1988
0.0094288501323243588 0.014362965751339465 1989
0.0094475950066908003 0.01412718719196299 1989
0.0095773168675186652 0.014060490085942403 1989
0.0097595631224112571 0.014160666986222339 1989
0.0097630966805453585 0.014347756573610419 1989
0.0095927020978379858 0.014452888925077914 1989
0.0097650963102043943 0.01434771808004682 1990
0.0097615625132102483 0.014160615845851821 1990
0.0099251989185270215 0.014057905278105768 1990
0.010097994183744139 0.014149449440231021 1990
0.010100974831593784 0.014341773433498614 1990
0.0099351829004847587 0.014443742805053372 1990
0.010102974505155444 0.014341736873193227 1991
0.010099993637374577 0.014149398689033863 1991
0.010260123428650032 0.014051724156775119 1991
0.010439100107674657 0.014155001617689716 1991
0.010437867514923966 0.014338760497629664 1991
0.010276788152057424 0.01443942310916008 1991
0.010439867710019278 0.014338738119782512 1992
0.010441100236001347 0.014154989193923046 1992
0.010610395758961378 0.014051428058953479 1992
0.010781702606995635 0.014167540084470225 1992
0.010771141826767149 0.014366231550638967 1992
0.010621431660406602 0.014442171390301977 1992
0.010937740359976446 0.014461249305866869 1993
0.010773140892523509 0.014366302241750664 1993
0.010783699496677478 0.014167651716442997 1993
0.010973740305254448 0.014068431893520918 1993
0.011119594849374763 0.014173594590824942 1993
0.01111439705264923 0.014357421923211336 1993
0.011121591415885897 0.014173744290728547 1994
0.011310150945020392 0.014087672189646723 1994
0.01146071349356001 0.014186365594050048 1994
0.011464399085693066 0.014355729975153938 1994
0.011290232580975477 0.014469426967970614 1994
0.011116396544923428 0.01435746814942246 1994
0.01146639871105109 0.014355691000451818 1995
0.011462714375856033 0.014186384379544543 1995
0.011646039767330042 0.014079300091522239 1995
0.011793872723720442 0.014155658814681197 1995
0.011796431049428048 0.01436529274220872 1995
0.011637264256277426 0.014458526631550532 1995
0.011798430712286883 0.014365252912917218 1996
0.011795872730201089 0.014155647142394869 1996
0.011947946332563726 0.014075978209766596 1996
0.012130629859653011 0.01419232909133583 1996
0.012112145224043767 0.014376376494974188 1996
0.011969022794822471 0.014454624089516184 1996
0.012114145120542487 0.014376477707614277 1997
0.01213262945895819 0.014192433263065891 1997
0.012282757958035391 0.014107987024320373 1997
0.012462642060068974 0.014207383171104279 1997
0.012470913120842565 0.014372976666210851 1997
0.012292348883283689 0.014486159061358245 1997
0.012472913825446541 0.014372940856099303 1998
0.012464638720979053 0.014207266402887881 1998
0.012635039039866144 0.014082819820714933 1998
0.012787722490008568 0.014140453325731765 1998
0.012822913770789526 0.014379367593163394 1998
0.01263440300379378 0.014474945970468663 1998
0.012824919851512347 0.014379262369012567 1999
0.012789708546356034 0.014140212155719851 1999
0.012956713607119634 0.014030892698865925 1999
0.013135854536359381 0.014121383978627501 1999
0.013144173012688744 0.014339257669700223 1999
0.012944687666226078 0.014436729646722646 1999
0.013598064648813952 0.014213804270301413 2000
0.013272839831063973 0.014415245779759571 2000
0.013146175745382122 0.014339291076777543 2000
0.013137852723279534 0.014121298324911439 2000
0.013284706324071534 0.014029632894090789 2000
0.00033150791803216101 0.014727712884494834 2001
8.1891182917555918e-05 0.014531574349058206 2001
0.00034029696013070332 0.014351877426694465 2001
0.00049887637792269887 0.014485842539342729 2001
0.00048348564100793084 0.014638635709106748 2001
0.00050086604828308639 0.014486045562932953 2002
0.00068870937219176018 0.014384248757288606 2002
0.00085784085140014658 0.014487618431294641 2002
0.00086144845978507157 0.014641683863329187 2002
0.00067902257817780884 0.014778169172460009 2002
0.00048548249471235943 0.014638767419288677 2002
0.00086344742293481482 0.014641616171045454 2003
0.00085984039696104504 0.014487575611285462 2003
0.0010217404405667111 0.014379346276448397 2003
0.0012091614863850265 0.014462127358103007 2003
0.0011985799565919517 0.014686293693850832 2003
0.0010545743098336095 0.014762188280608015 2003
0.0012005810202846184 0.014686318337514994 2004
0.0012111662845930629 0.014462072887249457 2004
0.0013434335978877124 0.01438306174820915 2004
0.0015228951560122596 0.014472270168953366 2004
0.0015504993013839834 0.014642422974247662 2004
0.0013732179662563951 0.014775625795695357 2004
0.001552487257649819 0.014642187558419846 2005
0.0015248823307823364 0.014472029935961538 2005
0.0017094453123759693 0.014329119495183951 2005
0.0018811496743267036 0.014437454440913197 2005
0.0018699828503845749 0.014635157412835897 2005
0.0017176062529574501 0.014722652256641728 2005
0.0018719842264264706 0.014635189488565122 2006
0.0018831473012814231 0.014437552892335323 2006
0.0020502368137294328 0.014352368273613662 2006
0.0022244234553208636 0.014476612354201763 2006
0.0021976017724131751 0.014669236687455844 2006
0.0020553789317120218 0.014738578151083702 2006
0.0021995965970769962 0.014669412429992829 2007
0.0022264138463256758 0.014476819937791131 2007
0.0023857583687711768 0.014400485383568496 2007
0.0025400826887410385 0.014480353833389824 2007
0.0025450348528057881 0.014700119355953098 2007
0.0023745167217294424 0.014783898500694457 2007
0.0025470358848164966 0.014700142623194318 2008
0.0025420825277125249 0.014480324156325322 2008
0.0026981243580206115 0.014395071612509833 2008
0.0028738866311670665 0.014488010212325842 2008
0.0028773155303056064 0.014674268211097149 2008
0.0026885548717231781 0.014779624311302572 2008
0.0028793163254882416 0.014674292997617138 2009
0.0028758856343280006 0.014487937656123761 2009
0.0030342552518096725 0.014384837296306378 2009
0.0032082615868304605 0.014469398366187996 2009
0.0032176579296235202 0.014670640649998994 2009
0.0030338179781838402 0.014772316723620895 2009
0.0032196593167271824 0.014670623691446019 2010
0.0032102587677181236 0.014469291322744299 2010
0.0033705718475894081 0.014367400812612683 2010
0.0035429097039442513 0.014459507236343471 2010
0.0035518209125114685 0.014659434919706903 2010
0.0033689894368378018 0.014757296945590075 2010
0.0035538225931632844 0.014659428075976696 2011
0.0035449084878677525 0.014459435402979504 2011
0.0037122803984352159 0.014355878701127044 2011
0.0038797718774591758 0.014432830966180062 2011
0.0038894412276021888 0.01462994820917928 2011
0.0036962256359604762 0.014741838214623994 2011
0.0040549318052630068 0.0147321689109227 2012
0.0038914430938053863 0.014629937228858868 2012
0.0038817679764542668 0.014432702416825038 2012
0.0040361944161027286 0.014332839733595934 2012
0.0042375602971207113 0.014456335869756523 2012
0.0042283460232396194 0.014625836253071013 2012
0.0042395619209855528 0.014456360319362873 2013
0.004400521388584014 0.014353090991013681 2013
0.0045744414076142152 0.014449083122006207 2013
0.0045907000605584433 0.014621080766816541 2013
0.0044194191273346358 0.014748574510354958 2013
0.0042303460162063707 0.014625890703723025 2013
0.0045926920243826632 0.014620901435302635 2014
0.0045764382585574389 0.014448955490529282 2014
0.004756272308300535 0.014325904488136686 2014
0.0049214388868141562 0.014422399023981418 2014
0.0049033314145830254 0.014645119829804402 2014
0.004778235916922868 0.014713985203191882 2014
0.0049053373027825673 0.014645128572618312 2015
0.0049234360899186487 0.014422514592935571 2015
0.005080585622223889 0.014349537514691783 2015
0.0052367085788469119 0.01444332335051403 2015
0.0052430033129054233 0.014631937290079349 2015
0.0050938637743109787 0.014734368370315026 2015
0.0052450006266477082 0.014631823435327148 2016
0.0052387095506159359 0.014443319104019754 2016
0.0054192039655316269 0.014341466635129821 2016
0.0055813566343331546 0.014446057662089645 2016
0.0055728978118878168 0.014638209294841886 2016
0.0054300146378368453 0.014724406926347787 2016
0.005574899755622505 0.014638209141023789 2017
0.0055833546428310302 0.014446146901586443 2017
0.0057539189672220813 0.014356709147237244 2017
0.0059012656239831682 0.014436137604091445 2017
0.0059138698982458991 0.014644910956948439 2017
0.0057573888375134731 0.014737624447268283 2017
0.0059158677959983341 0.014644815817871581 2018
0.0059032661625616602 0.01443608620685158 2018
0.006080948773858382 0.014336140617363047 2018
0.0062312318805435151 0.014427220209044267 2018
0.0062336220802088381 0.014634247692576742 2018
0.0060706839792504233 0.014719935985672616 2018
0.0062356222448847675 0.014634250411065145 2019
0.0062332324649991121 0.014427259286808112 2019
0.0064222613354775939 0.014329938976574729 2019
0.0065726105486280106 0.014446647860286271 2019
0.0065494205698458487 0.014644234595192774 2019
0.0063919327301028422 0.014719450183101912 2019
0.0065514147040402213 0.014644401538567244 2020
0.0065745931517374821 0.014446913052539586 2020
0.0067623576514308009 0.01437232253850527 2020
0.0069124225208470639 0.014490890070140639 2020
0.0069040523914484699 0.014650466877448115 2020
0.0067213841482176512 0.014755743820831812 2020
0.0069060491995355557 0.01465058014739336 2021
0.0069144166930777805 0.014491053592778986 2021
0.007114753671921578 0.01438846709916493 2021
0.0072434880749427059 0.014459412166814565 2021
0.0072631365157648222 0.014667253453832522 2021
0.0070769265107469212 0.014778030333644077 2021
0.0072651363030364277 0.014667156878076387 2022
0.0072454923837386208 0.014459363419760993 2022
0.0074331129042513192 0.014360266216179184 2022
0.0075878725635397564 0.014462595955673254 2022
0.0075862902555400265 0.014646707423411261 2022
0.0074129498523305215 0.014745075534581823 2022
0.0075882901187898323 0.01464673192928964 2023
0.0075898720672180602 0.014462662299952854 2023
0.0077706669884003692 0.014365604634453473 2023
0.0079372039613155032 0.014485269735794917 2023
0.0079396409779676318 0.014621188172299713 2023
0.0077475246550751326 0.014743131504500342 2023
0.0080919390164008315 0.014732177492509626 2024
0.0079416418736999572 0.014621220200950929 2024
0.0079392043178449952 0.014485271691772685 2024
0.0081235623862459874 0.014359304364747572 2024
0.0082999921100689097 0.01446720830096624 2024
0.0082846147967595169 0.014635776339237138 2024
0.0083019922269466952 0.014467298053925376 2025
0.0084494006529395576 0.014385688777386354 2025
0.008617798688396178 0.014473578598647802 2025
0.0086342517134813807 0.014654960986246586 2025
0.0084525656808495074 0.014776141220054582 2025
0.008286603278937198 0.014635993633238894 2025
0.0086362475852832157 0.014654824952698587 2026
0.0086197951420131039 0.01447344897917926 2026
0.0087900817132267398 0.014360744916003441 2026
0.0089455648208244323 0.014442122262134977 2026
0.0089598314275522936 0.014637444845416221 2026
0.0087892442041473326 0.014733473387690215 2026
0.008961832708016166 0.014637389432014484 2027
0.0089475630565968717 0.014442025164189239 2027
0.0091196203148504757 0.014335315565482041 2027
0.0092826492596628177 0.014428184648397097 2027
0.009257922220507895 0.014655777680769382 2027
0.0091129301669180506 0.014720182260664577 2027
0.0092599190285920941 0.014655915386974529 2028
0.009284646292283618 0.014428320287918647 2028
0.0094277555474409653 0.014364646428980249 2028
0.0095917603231805166 0.014454653466103867 2028
0.0096010125585345059 0.014642079560614859 2028
0.009430618885867768 0.014753682838192303 2028
0.0096030106339758982 0.014641991239414341 2029
0.009593759457197034 0.014454586588867412 2029
0.0097641298410496534 0.014349469167936219 2029
0.0099342175092747547 0.014445494501511311 2029
0.009938461547959113 0.014636714899423779 2029
0.0097734072485517864 0.014734371614252501 2029
0.0099404613351223789 0.014636683118047594 2030
0.0099362171188330933 0.014445454717925967 2030
0.010102006377089554 0.014343486990293771 2030
0.010275818350659043 0.014441172285819204 2030
0.010276804422160481 0.014623660777298065 2030
0.010099391724697206 0.014725324204032145 2030
0.010278804586437597 0.014623685776004772 2031
0.01027781819365484 0.014441137826218236 2031
0.010438887513714122 0.014340481490694801 2031
0.010620340482923585 0.014443851537506215 2031
0.010597880190348316 0.014654712142576663 2031
0.010442484689634598 0.014727178310033418 2031
0.010599875391721547 0.014654863409628004 2032
0.010622341020498742 0.014443952707491228 2032
0.010772079155800401 0.014367998680702817 2032
0.010936772838296315 0.014463000091542402 2032
0.010946100534492974 0.014654210225138558 2032
0.010775436055070359 0.014764598468254895 2032
0.010948098454735338 0.014654118838361358 2033
0.010938773359930667 0.014462962031170767 2033
0.011115357037358345 0.014359177562155687 2033
0.011289238841398961 0.014471165857503033 2033
0.011290018581955295 0.01463538621830604 2033
0.011111126192741006 0.014740194671875166 2033
0.011292018775787869 0.014635422293077483 2034
0.011291238829096493 0.014471158518384375 2034
0.011465432514628558 0.014357443781760569 2034
0.011636250436796357 0.014460250750865005 2034
0.011633976317550298 0.01464712496617499 2034
0.011446426325739976 0.014738860606896836 2034
0.011635975238573361 0.014647225799177509 2035
0.011638250388953683 0.014460266851105011 2035
0.011797465113142407 0.014367004885573352 2035
0.011967999481723095 0.014456345826513199 2035
0.011956625770909387 0.014665809391758674 2035
0.01177491635087234 0.014741060632797584 2035
0.01195861930110252 0.014665982802007959 2036
0.011970001193117497 0.014456368567942626 2036
0.012113057814273505 0.014378156951848161 2036
0.012291357472367892 0.014487897327534166 2036
0.012291611527775179 0.014664889251362901 2036
0.01209766708659135 0.014760509175133002 2036
0.012293611665924051 0.014664984059668176 2037
0.012293357460606367 0.014487887698267294 2037
0.012471941890059223 0.014374692504549735 2037
0.012633327759632147 0.014476632363628018 2037
0.012625958982883708 0.014670623364357597 2037
0.012437809145127555 0.014764083956419054 2037
0.012627956045561061 0.014670738664001724 2038
0.012635325856087419 0.014476720447952675 2038
0.012824020183279213 0.014381049002299343 2038
0.01294376027327249 0.014438502977068111 2038
0.012970668723262375 0.014675956315225218 2038
0.012795720432901274 0.014784590718078796 2038
0.013160456314332832 0.014756596673113648 2039
0.012972661884832948 0.014675783010064274 2039
0.012945764730961469 0.014438429354387031 2039
0.013145148408171546 0.014341007054712985 2039
0.013271968218190893 0.014417055138511983 2039
0.013311815726342355 0.014591654264947372 2039
0.013599 0.014215577491249754 2040
0.013599 0.014675408046071346 2040
0.013313752151653148 0.014591150374832371 2040
0.013273982139876159 0.014416890812899576 2040
9.9999999999999995e-07 0.014907674017324743 2041
9.9999999999999995e-07 0.014530415802943288 2041
7.9852658532696426e-05 0.014532516114739673 2041
0.00033027003675735922 0.014729283762511022 2041
0.00027600731203469034 0.014907757910982216 2041
0.00027784076237619913 0.014908603023063143 2042
0.00033226880414973994 0.014729585134482453 2042
0.00048437358484692205 0.014640433488029051 2042
0.00067803859060886439 0.014779925219394198 2042
0.00067922872440911368 0.014907388018375356 2042
0.00052064051734239207 0.015033232926175111 2042
0.00032117323965154731 0.014975138201928206 2042
0.00068122811998929278 0.014907313948378666 2043
0.00068003850665162267 0.014779906890707521 2043
0.00086250850736379172 0.014643388573049514 2043
0.0010534552105469855 0.014763847013985691 2043
0.0010282774948402473 0.014957094344510176 2043
0.00087376937575306629 0.015029278901767928 2043
0.0010302681942196115 0.014957295469125139 2044
0.0010554540875557816 0.014763985372578663 2044
0.0011995561954181201 0.014688039948400931 2044
0.001372390128414034 0.01477744931066863 2044
0.0013941032269959611 0.01494948943216786 2044
0.001196863863757013 0.015073629907201376 2044
0.0015356404653215222 0.015031671598689532 2045
0.0013961058205625521 0.014949384270985166 2045
0.0013743812650742889 0.014777253372596095 2045
0.0015516949111684046 0.014644026273849821 2045
0.0017166604706583546 0.014724416200742439 2045
0.0017220259916748378 0.014934103063117401 2045
0.0017186595266412029 0.014724353724078942 2046
0.001870955244273348 0.014636905321558374 2046
0.0020542729973396772 0.014740250602306411 2046
0.0020281044324700764 0.014958778707227852 2046
0.001875448655692378 0.015024230513307606 2046
0.0017240271555471181 0.014934122963676895 2046
0.002030097128250277 0.014958959026159567 2047
0.0020562733320793904 0.014740367129916209 2047
0.0021984464163079791 0.014671049925307617 2047
0.0023733976002483803 0.014785556324463982 2047
0.0023557623163184111 0.014986691027001618 2047
0.0021915090033772784 0.015059867521327035 2047
0.0023577551441832907 0.014986860338053347 2048
0.0023753929978389239 0.014785696327169499 2048
0.0025460178894148615 0.014701864728748924 2048
0.0026876022043542005 0.014781383107215339 2048
0.0027044420266215618 0.014977844228205701 2048
0.002522209940458459 0.015096028263228322 2048
0.0027064387282315487 0.0149777201887354 2049
0.0026896048741181342 0.014781328694977206 2049
0.002878293640071322 0.014676012721390897 2049
0.0030327884725849653 0.014774032120323482 2049
0.0030346393047739183 0.014959662095486825 2049
0.0028648191914307157 0.015059127302007196 2049
0.0030366394106560307 0.014959662744678635 2050
0.0030347889022395986 0.014774065242413341 2050
0.0032186739374247971 0.014672364234395011 2050
0.0033679841841793637 0.014759025953770063 2050
0.0033730522415391095 0.014959327186900524 2050
0.0032050171289940443 0.015060822172927009 2050
0.0033750515551877855 0.014959274762595178 2051
0.0033699849911217267 0.014759032547850997 2051
0.0035528289800529087 0.01466116382414555 2051
0.0036952823285335079 0.014743603075220942 2051
0.0037150040717952438 0.014938615730139226 2051
0.0035454189097049926 0.015050152290638479 2051
0.0037169990310200419 0.014938465012596791 2052
0.0036972856947474811 0.014743535487717119 2052
0.003890450099945961 0.014631675124038703 2052
0.0040539254942990512 0.01473389847873862 2052
0.0040535708496619426 0.014904940500934237 2052
0.0038805289494386035 0.015018699891600588 2052
0.0040555708793733594 0.014904928244810132 2053
0.0040559254837114304 0.014733905658489697 2053
0.0042293009732180835 0.014627596747832405 2053
0.0044184715451669864 0.01475034379383456 2053
0.0044222081069727427 0.014902333132309036 2053
0.0042394062718851804 0.015020297852406626 2053
0.0044242082993792486 0.014902316378030703 2054
0.004420470704208714 0.014750285006147657 2054
0.0045918511755752827 0.014622717170938862 2054
0.0047772089518263354 0.014715707567899956 2054
0.0047604755992332612 0.014933177564481774 2054
0.0045847918249791626 0.015006132160943233 2054
0.0047624672610640188 0.014933362761010054 2055
0.004779213116151166 0.014715730279515076 2055
0.0049043188877676723 0.014646859250289832 2055
0.0050929826273245077 0.014736164024384758 2055
0.0051015592374043699 0.014935746292919192 2055
0.0049071922799785277 0.015031132017028192 2055
0.0051035627223459589 0.014935784436374475 2056
0.0050949786677439044 0.014736028929857523 2056
0.0052441009824948284 0.014633609679193766 2056
0.0054290448239210131 0.014726158056324505 2056
0.0054240722792786638 0.014935128939899026 2056
0.0052350937098124212 0.015017200765127098 2056
0.0054260697061275518 0.014935260868443847 2057
0.0054310462881320739 0.014726120314971707 2057
0.0055738986352697247 0.014639941280525483 2057
0.0057563958777749457 0.014739361032460412 2057
0.005751742052419467 0.014942551447801222 2057
0.0055590172732235526 0.015022691592480344 2057
0.0057537390351480137 0.014942706085487025 2058
0.0057583966082057235 0.014739352041923252 2058
0.005914952046707841 0.014646594483505979 2058
0.0060697222292968762 0.014721692330788223 2058
0.0060772172687354039 0.014952777755616181 2058
0.0058851187677571781 0.015032684942201953 2058
0.0060792206275316826 0.014952848887753575 2059
0.006071721903186905 0.014721649850698064 2059
0.0062346206264537107 0.014635982266123771 2059
0.0063908833170982062 0.014721155986889773 2059
0.0063837562924418962 0.014941519319073213 2059
0.0062079170728268473 0.015027464763492732 2059
0.0065471635158132445 0.0150348659212493 2060
0.0063857551432921315 0.014941587183795509 2060
0.0063928825202480008 0.014721212958720756 2060
0.0065502723941646196 0.014646044158914361 2060
0.0067203391530271791 0.014757450189337856 2060
0.0067166804231196028 0.014930609575752934 2060
0.0067223385008950056 0.014757502180177757 2061
0.0069049519672303786 0.01465225680628867 2061
0.0070758447018786259 0.014779718496231071 2061
0.0070703314601108843 0.014925096972388521 2061
0.006900420380413573 0.015042655666281973 2061
0.0067186805481919774 0.014930624783264687 2061
0.0070723321396503397 0.014925116963381588 2062
0.0070778425739482387 0.014779812517296579 2062
0.0072642211728916606 0.014668935340462734 2062
0.0074120055045051141 0.01474683859511609 2062
0.0074251108218670271 0.014950959073245495 2062
0.007270113809796243 0.015058618251325777 2062
0.0074271039179062527 0.014950787403531833 2063
0.0074140056042256266 0.014746776010496156 2063
0.0075872689150545724 0.014648451648109609 2063
0.0077465757273354535 0.014744894978748212 2063
0.0077587591415925628 0.014919115828559431 2063
0.0076094679219145117 0.015030903735803279 2063
0.0077607512182202177 0.014918932680044168 2064
0.0077485762690928731 0.014744832880216985 2064
0.007940608237773308 0.014622943090753116 2064
0.0080908326973229919 0.014733846723769454 2064
0.0080888452147028118 0.014914977207850146 2064
0.0079487399791903224 0.015006721432556295 2064
0.0080908460827139247 0.014914909073435496 2065
0.0080928314944335167 0.014733967322187902 2065
0.0082854183012127988 0.014637610684918667 2065
0.0084514653736916245 0.014777829772118988 2065
0.0084450571553447117 0.014879677080676697 2065
0.0082659698038918868 0.015003142018860213 2065
0.0084470535008084342 0.014879798020782936 2066
0.0084534619217083041 0.014777947493003835 2066
0.0086353670828941496 0.014656621105696753 2066
0.008788295808051268 0.014735234639696186 2066
0.0087991240951554271 0.014951423786265591 2066
0.0086144469489990577 0.015027126826739293 2066
0.0088011303254962696 0.014951498120673918 2067
0.0087902954154732618 0.014735176746065136 2067
0.0089608815521923738 0.014639148815518416 2067
0.0091118414294237907 0.01472186625722454 2067
0.0090962698316670188 0.014944224247272157 2067
0.0089247510527401541 0.01502579010319801 2067
0.0090982673704346935 0.014944329336727053 2068
0.0091138392817603671 0.014721966869004649 2068
0.0092587969806412606 0.014657577549260217 2068
0.0094296775088495519 0.014755448478810503 2068
0.0094368180727781772 0.014928694438327993 2068
0.009271844384296726 0.01504667025706842 2068
0.0094388151589251262 0.014928582542925579 2069
0.0094316764250940346 0.014755380985643829 2069
0.0096020879426068975 0.014643766020171622 2069
0.0097724343023463528 0.014736119149394378 2069
0.0097743204209369237 0.014938973317390879 2069
0.0096240189050982757 0.015028138960249954 2069
0.0097763200531961816 0.014938924468758835 2070
0.0097744340983462689 0.014736087911253701 2070
0.0099394889908961531 0.014638430845483778 2070
0.010098426794957257 0.014727076066788941 2070
0.010108391036647511 0.014929992935219799 2070
0.0099415951931894966 0.015023292379390577 2070
0.010110391227094919 0.01492994773810986 2071
0.010100427233366856 0.014727035919306759 2071
0.010277782190241069 0.014625405579867051 2071
0.010441356246321094 0.014728831061855486 2071
0.010421268803317956 0.014931934566727463 2071
0.010262890279682937 0.01501132899228946 2071
0.010602639018316772 0.015044785418816381 2072
0.010423265750591701 0.01493206409455684 2072
0.010443351173245461 0.014728981017373946 2072
0.010598745205537129 0.014656515534691958 2072
0.010774444116196569 0.014766337005482298 2072
0.010774125478161294 0.014924213754482012 2072
0.010776444137776033 0.014766328331693316 2073
0.010947178601047649 0.014655894822015576 2073
0.011110183323979207 0.014741958503967251 2073
0.011121868096083671 0.014959450693977822 2073
0.010967516260838781 0.015045034512842512 2073
0.010776125543707609 0.014924183296278884 2073
0.011123866446003501 0.014959366294230154 2074
0.011112182723970026 0.01474189364950788 2074
0.011290985740558807 0.014637137557063298 2074
0.011445337039538405 0.014740538188102571 2074
0.011441147333749652 0.014940250504612581 2074
0.011272524992381345 0.015027943902552555 2074
0.011443146776584595 0.014940298039610904 2075
0.011447335292641747 0.01474064243449448 2075
0.011634888476860592 0.014648905232281547 2075
0.011773776423906882 0.014742704160383389 2075
0.011763188562371728 0.014963384268869249 2075
0.011603478233941252 0.015034197239589786 2075
0.011765185980276661 0.014963486037565015 2076
0.011775770693703998 0.01474287154429069 2076
0.011957474218783242 0.014667622744528026 2076
0.012096581800079829 0.014762189767569324 2076
0.012094770111663102 0.014957648215513621 2076
0.011914836482839227 0.015049534923274545 2076
0.012096769631916202 0.014957709242903603 2077
0.012098580971113052 0.014762288471402433 2077
0.012292529002941524 0.014666666777346137 2077
0.012436719357814889 0.014765761777892275 2077
0.012433855639617387 0.014954385448107876 2077
0.012253228039562237 0.015054503091139372 2077
0.012435855134572075 0.014954433895080058 2078
0.012438718011355014 0.014765865646065867 2078
0.012626857484232775 0.014672410202601309 2078
0.012794682348445855 0.014786303298858485 2078
0.012790400959592128 0.014950602156050288 2078
0.01260587903800648 0.015061930462840279 2078
0.012792400069039719 0.014950662385236244 2079
0.01279668186436452 0.014786347929663874 2079
0.012971817714522644 0.014677597061273497 2079
0.013159854031729142 0.014758514815970691 2079
0.013197449604983664 0.014919625316052095 2079
0.012966392284365564 0.015071629994712872 2079
0.013599 0.014677493473366207 2080
0.013599 0.01485913753685192 2080
0.013268889518430724 0.014961929056785705 2080
0.013199460734471442 0.014919442750237063 2080
0.013161806968520838 0.014758082873605327 2080
0.013313222469925137 0.014593079342581056 2080
9.9999999999999995e-07 0.015258865623532392 2081
9.9999999999999995e-07 0.014909674017417803 2081
0.0002762061886012288 0.014909757971744509 2081
0.00031941017277711678 0.014976095854911449 2081
0.00020335731785954582 0.015251981198651976 2081
0.00020520446463002514 0.015252748098719324 2082
0.00032111377947416104 0.014977203984003519 2082
0.0005199801025282505 0.015035123680575154 2082
0.0005534906564066401 0.015225653256693419 2082
0.00035092622419362628 0.015408048579950928 2082
0.00055546646879131372 0.01522534119259617 2083
0.00052194521731460674 0.015034750793583712 2083
0.0006802983107317695 0.014909092456122942 2083
0.0008726231789864074 0.015030920339187397 2083
0.00084302429253815521 0.015259673739965991 2083
0.00074741407320869536 0.01531548637473114 2083
0.00084504510566625959 0.015259641741846894 2084
0.0008746179014652983 0.015031089981246436 2084
0.0010290987117620319 0.014958918182366429 2084
0.0011958465028131531 0.01507535884751848 2084
0.0011994492324443834 0.015240069654296874 2084
0.0010496556449003649 0.015339330187705232 2084
0.0012014483511534591 0.015240007492695462 2085
0.0011978473146616595 0.015075374093435861 2085
0.0013951920710743131 0.014951167284996909 2085
0.0015346460565668872 0.015033407045765494 2085
0.0015464073238790174 0.015224452735694196 2085
0.0013728799885081135 0.015336671524703296 2085
0.0015484056539171503 0.015224364105079756 2086
0.0015366494626719237 0.015033400868910326 2086
0.0017230103632921833 0.014935845224342976 2086
0.0018743220778547392 0.015025887443027734 2086
0.0018537562078257046 0.015253106189387432 2086
0.0017334077962006533 0.015326153703298796 2086
0.0018557684596491688 0.015253061153770621 2087
0.0018763169609565314 0.015026034302971813 2087
0.002028942118500349 0.014960595625017312 2087
0.0021903787877985787 0.015061519620546851 2087
0.002169086150650556 0.015297331941007825 2087
0.0020745459869396139 0.015345175040606354 2087
0.0021710924669065615 0.015297352101096496 2088
0.0021923731625054627 0.015061672031252894 2088
0.0023566119479575412 0.014988502009069206 2088
0.0025212206599743896 0.015097772106163468 2088
0.0025257520707172715 0.015238614571760557 2088
0.0023629289757931726 0.015382994060591045 2088
0.0025277481477187671 0.015238460474292873 2089
0.0025232211835174998 0.015097756213312373 2089
0.0027055477062512359 0.014979510932791188 2089
0.0028638805016310068 0.015060893544937693 2089
0.0028749872369485206 0.015284074856296423 2089
0.002741402191149842 0.015360514926559694 2089
0.0028769842588895326 0.015283965279737998 2090
0.0028658795189346734 0.01506082406365848 2090
0.0030356385516604706 0.014961394632619028 2090
0.0032040215174354795 0.015062557213468185 2090
0.0032049631530545243 0.015239380957338277 2090
0.0030299624950703226 0.01534964998100685 2090
0.0032069631180971672 0.015239369067678808 2091
0.0032060215181849371 0.015062552028963679 2091
0.0033740972879092819 0.014961032485570697 2091
0.0035445023427632021 0.015051930123766068 2091
0.0035543930718932165 0.015245981014813994 2091
0.0033984622192501034 0.01535670415673333 2091
0.0035563870244446185 0.015245811430352444 2092
0.0035465000904488634 0.015051834997837861 2092
0.0037161322785020656 0.014940267508252022 2092
0.0038796583529519179 0.015020500501237852 2092
0.0038995578681191839 0.015230536590105259 2092
0.0037479305884709694 0.015330044973817123 2092
0.0040765472897883537 0.015305901728649009 2093
0.0039015499543035709 0.0152303585294392 2093
0.0038816534406378644 0.015020354120923949 2093
0.0040545822835242667 0.014906669055225965 2093
0.0042384083676473908 0.015022032821155433 2093
0.0042365810133116267 0.015210063301657995 2093
0.0042404084759661677 0.015022031393571823 2094
0.0044232210954133688 0.014904059714167911 2094
0.004583654919272811 0.015007778716272244 2094
0.0045679187390914701 0.015255119176669437 2094
0.0044238213031794109 0.015311392217991951 2094
0.0042385812979811172 0.015210043727998973 2094
0.0045699154054893486 0.015255235131340392 2095
0.0045856485762732439 0.015007941972495499 2095
0.0047613119094116994 0.014934995864429446 2095
0.0049061075092124672 0.01503281280149673 2095
0.0049042198862075887 0.015228400849022869 2095
0.0046984716387215705 0.015322774854203873 2095
0.0049062187809472083 0.015228525022531799 2096
0.004908106653244591 0.015032911144300005 2096
0.0051025303683220214 0.014937497566332683 2096
0.0052340151969461979 0.015018885323236567 2096
0.0052351985780779682 0.015239443604114888 2096
0.0050527494020760604 0.015330068800610967 2096
0.0052371987613537268 0.015239472397654278 2097
0.0052360157380201208 0.015018980803108577 2097
0.0054249591411154978 0.014936924250343682 2097
0.0055578996649095578 0.015024350342471512 2097
0.005552965986239891 0.015256049260077136 2097
0.0053912190578500269 0.015325264375451486 2097
0.0055549646452936014 0.015256133525625252 2098
0.0055598971071017175 0.015024491755135042 2098
0.0057526096593020267 0.014944356694769418 2098
0.0058839853268178258 0.015034332767398509 2098
0.0058777314708113194 0.015238490684796335 2098
0.0057021305651257861 0.015337865824614485 2098
0.0058797317258607647 0.0152385129839366 2099
0.0058859813795182556 0.015034492252751974 2099
0.0060781659725909131 0.014954549254449723 2099
0.0062068983919829537 0.01502918598732084 2099
0.0062149010917578488 0.015241961298912386 2099
0.0060573485418464988 0.015339747943608369 2099
0.0062168991531324326 0.015241872157109933 2100
0.0062089007131086804 0.015029210103531608 2100
0.0063846970093481368 0.014943285638894639 2100
0.0065461943690083013 0.015036615802478632 2100
0.0065510343442566977 0.015222426501415968 2100
0.0064027104772519296 0.015333818377347555 2100
0.0065530308081268801 0.015222264702968303 2101
0.0065481941163391443 0.015036580058832658 2101
0.0067176680806421748 0.014932350124156677 2101
0.0068994576413887064 0.015044411661601729 2101
0.0069010916001221436 0.015203918345657923 2101
0.0067467837314431232 0.015310304318547182 2101
0.0069030912082779262 0.015203869850356112 2102
0.0069014573222298606 0.015044370261829631 2102
0.0070713187580010049 0.014926845915755821 2102
0.0072690904408320564 0.015060340462330119 2102
0.0072602287444535002 0.015212313344359565 2102
0.0070900798066723955 0.015315944219389345 2102
0.0072622273866630111 0.015212394891222362 2103
0.007271091881657284 0.01506037401457901 2103
0.0074262554510099226 0.014952599147687515 2103
0.0076086592395395976 0.015032732958133749 2103
0.0076294571276651095 0.015255029091475464 2103
0.0074281256715631608 0.015328225372642612 2103
0.0076314747130875448 0.015255123695962453 2104
0.00761064792865245 0.015032518707324976 2104
0.0077599144856928355 0.014920749267239864 2104
0.0079478283413100363 0.015008503039748648 2104
0.0079499424880362518 0.015209958775880739 2104
0.007706667591610321 0.015302879427723548 2104
0.0079519445619139952 0.015210145900350618 2105
0.0079498273703816884 0.015008400026526142 2105
0.0080899045227679593 0.014916674191315808 2105
0.0082651064341840476 0.015004946531489375 2105
0.0082836020995801993 0.015198206930177623 2105
0.0080665570280372672 0.01529764892172503 2105
0.0083952939578611965 0.015266275579138648 2106
0.0082856135636786097 0.015198231232843669 2106
0.008267100741737473 0.015004791566167353 2106
0.0084459497901781186 0.014881490916898879 2106
0.0086131593193164938 0.015028657849289372 2106
0.0085791815496995254 0.015200253058786839 2106
0.0086151286385192528 0.015029008901457577 2107
0.0088000732418541342 0.01495319622466974 2107
0.0089237102493809166 0.015027497991107253 2107
0.0089285925083517226 0.015218574286280852 2107
0.0087408395573394786 0.01533872719056207 2107
0.0085811463823560093 0.015200626769000487 2107
0.0089305922754794511 0.015218539625201286 2108
0.0089257121716174621 0.015027547674223899 2108
0.0090971763169032469 0.014946007799358112 2108
0.0092709127573017917 0.01504844271750547 2108
0.0092752110210289722 0.015202006186442024 2108
0.0091077570958920002 0.015325532100855322 2108
0.0092772095810852787 0.015201926757109751 2109
0.0092729113931239934 0.015048365995050765 2109
0.0094379145777653429 0.014930369083046038 2109
0.0096230202968103414 0.015029872805811683 2109
0.0096156102325478943 0.015225923638321953 2109
0.0094601038562975165 0.015312323581875171 2109
0.0096176100867815025 0.015225965278076122 2110
0.0096250218526551072 0.015029869425405205 2110
0.0097753619478874957 0.014940680895508533 2110
0.0099406350719933902 0.015025047777091323 2110
0.0099469711493468064 0.015234751684342006 2110
0.0097841924680350644 0.015324001560303706 2110
0.0099489711601369914 0.015234721833957082 2111
0.0099426346193471713 0.015025002588442884 2111
0.010109431517931304 0.014931702554073462 2111
0.010261877479294716 0.015013055476074134 2111
0.010262432904433783 0.015225575979478973 2111
0.010104090050344787 0.015316698410670104 2111
0.01026443284078201 0.015225549011101326 2112
0.010263877527526421 0.015013071317305331 2112
0.010422154419187299 0.014933727839384592 2112
0.010601678979007233 0.015046544238264223 2112
0.010604197643081429 0.01520242015101856 2112
0.010441126021970896 0.015318603457316494 2112
0.010606196806130621 0.015202352196450353 2113
0.010603678515890093 0.015046499419637451 2113
0.010775154225528829 0.014925935313743583 2113
0.010966413965513585 0.01504670382646596 2113
0.010941661279380788 0.01524992814986742 2113
0.010794697910661346 0.015313227448242192 2113
0.010943651518718707 0.015250129638193699 2114
0.010968414168102672 0.015046823514580048 2114
0.011122941726415994 0.014961142262139432 2114
0.011271598936776676 0.015029719254144347 2114
0.011291023568801049 0.015284394740529915 2114
0.011107998520176085 0.015359953456460969 2114
0.01129302955874205 0.015284397112893809 2115
0.01127359868664763 0.015029639813227367 2115
0.011442105984206412 0.014942006244741117 2115
0.011602370243305692 0.015035866089607084 2115
0.011584222809010015 0.015272732762380848 2115
0.011417359825767408 0.015345612109535797 2115
0.011586220739115366 0.015272836281825342 2116
0.011604366522190572 0.015035991161359914 2116
0.01176409928630358 0.014965168243021425 2116
0.011913821437739683 0.01505125832675986 2116
0.011919066719205704 0.015279351322089563 2116
0.011753679797005548 0.015362958366436459 2116
0.011921066830319458 0.015279333160710749 2117
0.011915822399085972 0.01505127713805577 2117
0.012095717477768593 0.014959410116695805 2117
0.012252205067187959 0.015056222018394993 2117
0.012253989192092802 0.015263436618580529 2117
0.012077483057006079 0.015357293459774468 2117
0.012255989326148594 0.015263443578421436 2118
0.012254205365528905 0.015056248058896762 2118
0.01243481322314962 0.014956141358633721 2118
0.012604861592981484 0.015063653395123331 2118
0.012603095048615395 0.015253158178510218 2118
0.012418378711633947 0.015353687999748409 2118
0.012764423403615907 0.015352274753790354 2119
0.012605094718335551 0.015253202930740313 2119
0.012606861492151783 0.015063673533253158 2119
0.012791347832981496 0.014952366693534823 2119
0.012965395975019164 0.015073373185904123 2119
0.01297175086115805 0.015244925463685968 2119
0.012967396970482386 0.015073363028028291 2120
0.013198601341637278 0.014921261609867842 2120
0.013267900334450343 0.014963668491916857 2120
0.013340574173893891 0.015216741941768815 2120
0.013291403395482487 0.015287436216006738 2120
0.013103118973543394 0.015334649816059953 2120
0.012973754441003732 0.015244985072079399 2120
0.013599 0.014861232254728692 2121
0.013599 0.015200332535393574 2121
0.013342406366729117 0.015215876106751153 2121
0.013269985213676684 0.014963682591373833 2121
9.9999999999999995e-07 0.015642893450321129 2122
9.9999999999999995e-07 0.015260866780635044 2122
0.00020361188022682421 0.015253973695254906 2122
0.00034952496058267973 0.015409478073359534 2122
0.00015260475351944774 0.015639658793230544 2122
0.00035232007742339445 0.01540948481281872 2123
0.00055474731113778857 0.015227213027362159 2123
0.00074637232969428069 0.015317206712106618 2123
0.00071974834913041445 0.015508192017029498 2123
0.00054932080130077492 0.015606229582755054 2123
0.00072174347000452191 0.01550836574963551 2124
0.00074838790324354809 0.015317233728845232 2124
0.00084404003035446818 0.015261396630338481 2124
0.001048867755262115 0.0153411696622052 2124
0.0010897064283477576 0.015629553122162052 2124
0.00092580544286113169 0.015660011992982368 2124
0.0010916598693326053 0.015629083434890792 2125
0.0010508544831982817 0.015340935031694296 2125
0.0012005031242608656 0.015241770546890545 2125
0.0013719597696994314 0.015338448680042492 2125
0.0013879629558171016 0.015544164833225058 2125
0.0014833949366969889 0.015611174734526084 2126
0.0013899841035751137 0.015544359006085008 2126
0.0013739585851497249 0.015338355777791163 2126
0.0015474827334873893 0.015226139049811873 2126
0.0017323812477046188 0.015327871631073702 2126
0.0017194376404137456 0.015481144893743125 2126
0.0017343860096102443 0.015327899540292168 2127
0.0018547890883399913 0.01525481884525247 2127
0.0020734452495122157 0.015346881632210541 2127
0.0020181587064401945 0.015626086066378903 2127
0.0018814713418533868 0.015637311181583145 2127
0.0017214252509952688 0.015481375902402516 2127
0.0020942350976961388 0.015687331194176358 2128
0.0020200904270197616 0.015626626997260244 2128
0.0020754708364003269 0.015346948525684074 2128
0.0021700591619845562 0.015299081053234787 2128
0.0023622304646356419 0.015384872475384712 2128
0.002385034347267577 0.015499192476528941 2128
0.0022731619594126809 0.01567347114523349 2128
0.0023869663306714988 0.015498653968606764 2129
0.0023642030214208855 0.01538453736918469 2129
0.0025268934245252558 0.015240275541654727 2129
0.0027402790034411696 0.015362176627812373 2129
0.0026894154693056635 0.015613233144154907 2129
0.0026913394631533391 0.015613808862315587 2130
0.0027422926853842441 0.015362309655916787 2130
0.0028760802603388373 0.015285753694366312 2130
0.0030291538073701075 0.015351479319526681 2130
0.0030715154821750008 0.015607057095186958 2130
0.0029737409985405483 0.015672567557964676 2130
0.0030734853353745336 0.015606710586921464 2131
0.0030311460871478885 0.015351268115991487 2131
0.0032059734802029416 0.015241108267652842 2131
0.0033974887888672516 0.015358453287353404 2131
0.00339464454798067 0.015472936756381664 2131
0.0031969172446237866 0.015636153660451148 2131
0.0033966446616279389 0.015472957022254452 2132
0.0033994900531262701 0.015358427239981345 2132
0.0035555362970773568 0.015247622161178113 2132
0.0037470438376727873 0.015331839862913785 2132
0.0037542149280277871 0.015580484410614819 2132
0.0036147324269669759 0.015653539697842719 2132
0.0037562129354324143 0.015580386486249884 2133
0.0037490408821485455 0.015331708550737323 2133
0.0039007085112298459 0.015232173686916607 2133
0.0040756515299300482 0.015307693438548384 2133
0.0040877307429138853 0.015567485398384524 2133
0.0039140231184004656 0.015641217311369079 2133
0.0040897335652813503 0.015567499629439272 2134
0.0040776481229113266 0.015307573691963344 2134
0.004237597964564915 0.015211785498799719 2134
0.0044226532869943401 0.015313032945177781 2134
0.0043779290159857856 0.015597098776179279 2134
0.0042277236775946515 0.01563592746192748 2134
0.0043799081801221542 0.01559738759454064 2135
0.0044246490958331861 0.0153132160448514 2135
0.0045688150422009931 0.015256916248773096 2135
0.0046975240447737748 0.015324536232224992 2135
0.0047361765490740197 0.015595226078978834 2135
0.0044979812375382051 0.015667228089779096 2135
0.0047382080409150229 0.015595304549480471 2136
0.0046995372220703562 0.015324486442958916 2136
0.0049051125847033982 0.015230191737777839 2136
0.005051647289133104 0.015331738345530374 2136
0.0050464806065727988 0.015483423247114502 2136
0.0048128360110076939 0.015637193975897246 2136
0.0050484787067159751 0.015483513075708321 2137
0.0050536443943986946 0.015331857382016655 2137
0.0052361752413933108 0.01524119161833401 2137
0.0053901141219204352 0.015326938246023613 2137
0.0053690576092247158 0.015595386579162275 2137
0.0052337412481235652 0.015634806437072032 2137
0.0053710561523422811 0.015595483470459309 2138
0.0053921108577383485 0.015327058178485432 2138
0.0055538949233735818 0.015257827171256138 2138
0.0057011817207308982 0.015339626602622463 2138
0.0057154285299358181 0.01551522275406428 2138
0.0055218688128503609 0.015652499672004973 2138
0.0057174206549291994 0.015515044691404406 2139
0.0057031835366436103 0.015339567983419301 2139
0.005878712010988385 0.015240233833564085 2139
0.0060563595483290643 0.015341486303262208 2139
0.0060522585387773513 0.015563892859505938 2139
0.0059364798342545853 0.015615617422947748 2139
0.0062125037746112062 0.015644253594052686 2140
0.00605425803605551 0.01556393856087163 2140
0.006058360115039612 0.01534147400701249 2140
0.0062159771087323705 0.015243647364606797 2140
0.0064018555478445047 0.01533562679579065 2140
0.0064112837515041821 0.015491564991323632 2140
0.0064038493733906193 0.015335464267132184 2141
0.0065521737129837854 0.015224072036284633 2141
0.006745912325822603 0.015312105149309077 2141
0.0067564966038925036 0.015561276147496091 2141
0.0066052628484681132 0.015606644103577962 2141
0.006413280346003314 0.015491448259887278 2141
0.0067585043766932021 0.015561416672951512 2142
0.0067479079013832398 0.015311958532036271 2142
0.0069021348332342176 0.015205628360210612 2142
0.0070890614275567867 0.015317665566190615 2142
0.0070830447831067506 0.015470607243250381 2142
0.0068443739091008484 0.015610545219422917 2142
0.0070850411084087189 0.015470739977465089 2143
0.0070910621039633245 0.015317687696357614 2143
0.0072611592490913592 0.015214088366149845 2143
0.007426903936190706 0.015329811605308835 2143
0.0073902956052018121 0.015591924297595648 2143
0.007258269224570393 0.01561493866917679 2143
0.0073922507238059453 0.015592384636600183 2144
0.0074288862937161729 0.015330076915837243 2144
0.0076304039720355814 0.015256812931520015 2144
0.0077056545977678536 0.015304605339098037 2144
0.0077456924749022323 0.015513352532869189 2144
0.0075743479674374231 0.015673061492247769 2144
0.0074953585471791706 0.015681787244108569 2144
0.0080685601123627812 0.015453291243914348 2145
0.0079066333306710979 0.01557797025869981 2145
0.0077476587255806946 0.015512986504045966 2145
0.007707695359288203 0.015304627790640481 2145
0.0079507859016309385 0.015211777554207695 2145
0.0080654375363913757 0.015299310479607479 2145
0.0082569979856892371 0.015572720378294226 2146
0.0080705591140985116 0.015453221740495548 2146
0.0080674406551998357 0.015299443997672069 2146
0.0082845940667688779 0.015199952368748042 2146
0.0083941750953390806 0.01526793506985849 2146
0.0083932021767953568 0.015519713400289337 2146
0.0087358736114104222 0.015436023562554937 2147
0.0085263435984934775 0.01558913198550034 2147
0.0083952018683482055 0.015519797086466308 2147
0.0083961745331494961 0.015268084421189642 2147
0.0085798404044456177 0.015202141506801803 2147
0.00873973134268392 0.015340412951256913 2147
0.0089103601943797458 0.015591866219112011 2148
0.0087378714233194588 0.015436118124492077 2148
0.0087417281250439967 0.015340533029695428 2148
0.00892962188796847 0.015220290012528524 2148
0.0091068234764648537 0.015327304692976409 2148
0.0091093737398247245 0.015458604014931199 2148
0.0091113747847219474 0.015458638389612868 2149
0.0091088224323664785 0.015327231516528395 2149
0.0092762808639892287 0.015203702277810956 2149
0.0094590459041873701 0.015314021095021529 2149
0.00944747796770979 0.015492675288977454 2149
0.0092679182019657184 0.015582008311257995 2149
0.0094494720011610439 0.015492832118538507 2150
0.0094610457454432639 0.015314088229358321 2150
0.0096165739635496444 0.015227676150385502 2150
0.0097831628392232358 0.015325716254678724 2150
0.0097794049364720338 0.01550369539800674 2150
0.0095990978276931736 0.015602620674104785 2150
0.0097814036745291141 0.015503776277192991 2151
0.0097851625605587401 0.015325750564524883 2151
0.0099479979212238473 0.015236469611856965 2151
0.010103130855841492 0.015318453610700455 2151
0.010109346570817249 0.015501625771138316 2151
0.0099414329169548454 0.015613959291689629 2151
0.010111345247989376 0.015501552864487664 2152
0.010105130432953534 0.015318407224560997 2152
0.010263455796970541 0.015227294858477576 2152
0.010440228274792261 0.015320391065807721 2152
0.010445998599395958 0.015467117332872904 2152
0.010288426110185295 0.01560154293275042 2152
0.010447992563190718 0.015466924533917613 2153
0.010442225293925288 0.015320275957174716 2153
0.01060525804569888 0.015204120344034237 2153
0.010793458390452499 0.015314818690676904 2153
0.010715095987709634 0.015596309699009386 2153
0.010927519989019266 0.015671940491944682 2154
0.010716951513192116 0.015597101865143126 2154
0.010795462930828422 0.01531507557010244 2154
0.010942480829970702 0.015251752784667349 2154
0.011106830322586149 0.015361578267634849 2154
0.011081822772609357 0.015604605632888211 2154
0.011108820339761514 0.015361777911504173 2155
0.011292039649940652 0.015286138998060819 2155
0.011416362197843439 0.015347350194131365 2155
0.011428440781924018 0.015616021054908925 2155
0.011261020310676891 0.015698291068086408 2155
0.01108382160631915 0.015604719596267627 2155
0.011430440378568753 0.015615967148732472 2156
0.011418364468159303 0.015347355759952564 2156
0.011585128423241409 0.015274519664497586 2156
0.011752647847898702 0.015364674236923708 2156
0.011745508973239636 0.015610788311864536 2156
0.011592928197190495 0.015688152954786559 2156
0.011747510042968617 0.015610780433018586 2157
0.011754647648106582 0.015364710125061565 2157
0.011920084136898216 0.015281078023617313 2157
0.012076526013548507 0.015359051107024966 2157
0.01208809749834568 0.015609826578186199 2157
0.011928098433771649 0.015694189520897326 2157
0.012090095935040063 0.015609746580188663 2158
0.012078525971089197 0.015359004068578992 2158
0.012254983845449022 0.015265172889945612 2158
0.012417391805022899 0.01535542763342428 2158
0.012424840748462255 0.015594934036237578 2158
0.012254270916738808 0.015681198242132637 2158
0.012426840752804355 0.015594903082137995 2159
0.012419392328223821 0.015355413362228834 2159
0.012604056032663541 0.015254912185668733 2159
0.012763387843128129 0.015353985951982785 2159
0.012767513167005137 0.015591670926778831 2159
0.012580538585976969 0.015669362689291012 2159
0.012769514644737476 0.015591738712958006 2160
0.012765388857767922 0.015354027056586396 2160
0.012972698802625983 0.015246686834138682 2160
0.013101867688506103 0.01533621597211275 2160
0.013075055151983159 0.015600261140291099 2160
0.012887889517052303 0.015657340383939667 2160
0.013212190426552212 0.015705343868987528 2161
0.01307703376315358 0.015600573058578574 2161
0.013103846147117177 0.015336529392777971 2161
0.013291472452402305 0.01528948081995414 2161
0.013415269573246499 0.0155389425577394 2161
0.013289535962361572 0.015687257399956491 2161
0.013599 0.015202336201558546 2162
0.013599 0.015539311275255863 2162
0.013417079965720292 0.015538091511405401 2162
0.013293168998856507 0.015288400364198557 2162
0.013342210730789946 0.015217891623877279 2162
0.00053517116146832436 0.01570510727947079 2163
0.00035557159409337183 0.01585004184537089 2163
0.00015442285815617951 0.015640610183880656 2163
0.00035092500168599551 0.015410918139938379 2163
0.00054809942645976618 0.015607836385089557 2163
0.00079141769690120785 0.015918765264641969 2164
0.00053717347510244919 0.015705222199997659 2164
0.00055008211834397863 0.015608098937581317 2164
0.00072060123209174347 0.015510008699034784 2164
0.00092428100355833169 0.015661370913935838 2164
0.0012729132868571234 0.015998999999999996 2165
0.00080220182401250905 0.015998999999999996 2165
0.00079276202211086655 0.015920521233207394 2165
0.00092622321933123015 0.015661968596912931 2165
0.0010902713177621129 0.015631482387061361 2165
0.0015028893637610231 0.015712458585304286 2166
0.0012747243832121327 0.015998150315457271 2166
0.0010922608310203548 0.015630991718328137 2166
0.0013888343882821714 0.015545995601438132 2166
0.0014824250366603099 0.015612939949729076 2166
0.0017381426152066099 0.015849548818818369 2167
0.0015048533892919988 0.015712080136286589 2167
0.0014844535223773984 0.015612874972526955 2167
0.001720222196457544 0.015482996087606888 2167
0.001879804778680395 0.015638479763452156 2167
0.0020628039961727556 0.015998999999999999 2168
0.0017661073680578072 0.015998999999999999 2168
0.0017395032559653347 0.015851110375476221 2168
0.0018816614207892894 0.015639302304596814 2168
0.0020186721563377201 0.015628050633343962 2168
0.0020928652941035139 0.015688794511544153 2168
0.0023983238077697239 0.015831476531355828 2169
0.0022749606089318155 0.015674371496657978 2169
0.0023864977119633563 0.015500615146228492 2169
0.0026888288970325943 0.015615149636503985 2169
0.0026417488654083172 0.015724178831627644 2169
0.0029508446322954636 0.015998999999999999 2170
0.0027426944047046977 0.015998999999999999 2170
0.0026435865172844426 0.015724968167001432 2170
0.002690756603320181 0.015615730421465626 2170
0.0029728918519443732 0.015674433711385986 2170
0.0032681773017151062 0.015998999999999999 2171
0.0029528492412318934 0.015998999999999999 2171
0.0029749130363552669 0.015674189696933627 2171
0.0030728007142471468 0.015608603392198862 2171
0.0031965087766368744 0.015638112338461695 2171
0.0033020804150149193 0.015828616408017075 2171
0.0033036006570363484 0.015827233562853496 2172
0.0031984472017370026 0.015637484104854167 2172
0.0033956319232260378 0.015474715082949521 2172
0.003613432329094252 0.01565505981698239 2172
0.0035871843151178439 0.015729633219314559 2172
0.0039130721828219729 0.015642994197759635 2173
0.0039294140030669113 0.015998999999999999 2173
0.0036785292671464897 0.015998999999999999 2173
0.0035890240494777506 0.015730430252454887 2173
0.0036154196774290954 0.015655437463103467 2173
0.0037552953725364653 0.015582176236752104 2173
0.0041845156615862205 0.015998999999999999 2174
0.0039314161090656663 0.015998999999999999 2174
0.0039150720214501658 0.015642944803196262 2174
0.0040887295517129706 0.015569234153210021 2174
0.0042265386572036615 0.015637572226335553 2174
0.0045146066327405865 0.015998999999999999 2175
0.004186529134781217 0.015998999999999999 2175
0.0042285273382905945 0.015637785456170544 2175
0.0043786630377801918 0.015598974772359241 2175
0.0044968803063372351 0.015668900568831745 2175
0.0047609228281809048 0.015998999999999999 2176
0.0045166095143504221 0.015998999999999999 2176
0.0044988908107038714 0.015669042519714675 2176
0.0047371696970892919 0.015597015245792375 2176
0.0048120605349460319 0.015639052222515649 2176
0.0048450058497505177 0.015731847228344264 2176
0.0048140820120434061 0.015638768216262311 2177
0.0050473987179789617 0.015485213284584454 2177
0.0052322794055443909 0.015636194807673188 2177
0.0051414220692837798 0.01582978144253953 2177
0.0048468396927468724 0.015731034724864507 2177
0.0054522844311655997 0.015998999999999999 2178
0.0051813763249799819 0.015998999999999999 2178
0.0051430004780360491 0.01583112571010644 2178
0.0052342293904951908 0.01563674737047711 2178
0.0053699594301953599 0.015597207001259919 2178
0.0055211767493602414 0.015654376187969134 2178
0.0055413267208127394 0.015731203226533898 2178
0.0058575298492931386 0.015882127023566117 2179
0.0055432195439646271 0.015730536671366056 2179
0.0055231558993570897 0.015654038776485812 2179
0.0057165787946022372 0.015516858895680878 2179
0.0059352711664347581 0.015617263221446288 2179
0.0061021421106620035 0.015998999999999999 2180
0.0058924601708490549 0.015998999999999999 2180
0.0058591987591281227 0.015883542495248357 2180
0.0059373036859340974 0.015617439879049599 2180
0.0060532192335871326 0.015565654180434423 2180
0.0062117515796820278 0.015646114676578532 2180
0.0062307145690093779 0.015723245546380934 2180
0.0065136282269599331 0.015871178542943936 2181
0.0062326337083257015 0.015722674402397392 2181
0.0062137401253242143 0.015645825838838546 2181
0.0064123832272119912 0.015493242373727572 2181
0.0066039184264585007 0.015608169820710458 2181
0.006753773878448362 0.015998999999999999 2182
0.0065553232844825279 0.015998999999999999 2182
0.0065152475020704426 0.015872621304739581 2182
0.0066059062050614365 0.01560853915888737 2182
0.0067574047817455145 0.015563091760228371 2182
0.0068435535962047519 0.015612380092375389 2182
0.0068801928949028387 0.015721197213349084 2182
0.0071382683268762272 0.015828044197529586 2183
0.0068820701311446434 0.015720504942739005 2183
0.0068455872108489349 0.015612152258807879 2183
0.0070839224790569758 0.015472411055686681 2183
0.0072567068084656797 0.01561624033006247 2183
0.0074248563933153071 0.015998999999999999 2184
0.0071821505487721787 0.015998999999999999 2184
0.0071397713646829744 0.015829454128230915 2184
0.0072586256379796651 0.015616906699292292 2184
0.007390888973293124 0.01559385102260929 2184
0.0074939299732978831 0.015683195688991697 2184
0.0078360087745400955 0.01591526298922092 2185
0.0075762553341866346 0.015674017728499856 2185
0.0077469925413795396 0.015514874829252942 2185
0.0079059144386761301 0.015579837038639606 2185
0.0079420141187782085 0.015756924251286039 2185
0.007943907282787821 0.015756198389021505 2186
0.0079078920174987886 0.015579525273782745 2186
0.0080696228042925842 0.015454997169492238 2186
0.0082557211271702124 0.015574277531418655 2186
0.0081979140751915949 0.015777051491732624 2186
0.0083093553955345002 0.015918337096165986 2187
0.0081997516584036458 0.015777900725864012 2187
0.0082577121408671673 0.01557458856638589 2187
0.008394136236719368 0.015521496007416537 2187
0.0085255683738382614 0.015590984445207241 2187
0.0085549723837337419 0.015707263042661696 2187
0.0087258776398070718 0.015814965609110433 2188
0.0085569659930372736 0.015706988813331654 2188
0.0085275638032336256 0.015590717413457602 2188
0.0087367867364154979 0.015437833380771621 2188
0.0089092499484687976 0.015593558396981209 2188
0.0089054748216083109 0.015683723920825492 2188
0.0092547553226358017 0.015712157453446479 2189
0.0090749468723698018 0.015824890317422503 2189
0.0089074734498320388 0.01568379853499088 2189
0.0089112466248817482 0.015593679628398803 2189
0.0091103363271979997 0.015460366428530707 2189
0.0092667504058553032 0.015583634420043227 2189
0.009595215940208162 0.015724884048903962 2190
0.0094275506950877441 0.015862704998028481 2190
0.0092567480783848164 0.015712328200872219 2190
0.0092687405617060022 0.01558383302445104 2190
0.0094483384694394445 0.015494481026097701 2190
0.0095980082848426893 0.015604301858676126 2190
0.0099410994991102706 0.015721176575065068 2191
0.0097967050263140856 0.015871218105194693 2191
0.0095972168592951702 0.015724867513933104 2191
0.0096000064698458735 0.015604403390011044 2191
0.0097803331171055705 0.015505467394149238 2191
0.0099404281801606324 0.015615695727334169 2191
0.010182351204175908 0.015871723664739993 2192
0.0099430985606873638 0.015721022761261153 2192
0.0099424282460039218 0.015615699708643467 2192
0.010110409226818917 0.015503321146647112 2192
0.010287596679571237 0.015603371402085814 2192
0.010298903005883514 0.015723283611876727 2192
0.010564503242290857 0.01582134358245341 2193
0.010300872841401104 0.01572286961481581 2193
0.01028958759478687 0.01560318097129252 2193
0.010447168906582876 0.015468747844838931 2193
0.010714266602706817 0.015598130235090468 2193
0.010919682931012299 0.015998999999999999 2194
0.01060259300864271 0.015998999999999999 2194
0.010565958083267974 0.01582276488747035 2194
0.010716135503987693 0.015598934407945344 2194
0.010926542612456052 0.015673715682802385 2194
0.011253849707590137 0.015998999999999999 2195
0.010921683375677728 0.015998999999999999 2195
0.010928543897915763 0.015673675812555448 2195
0.011082716505920256 0.015606397759698482 2195
0.011259991522233627 0.015700009528775823 2195
0.011594965862918055 0.015998999999999999 2196
0.011255850129512851 0.015998999999999999 2196
0.011261991269576044 0.015700042368106341 2196
0.011429490511790718 0.015617733647066616 2196
0.011591962832903112 0.01568991256829565 2196
0.011926369813555115 0.015998999999999999 2197
0.011596965957312492 0.015998999999999999 2197
0.011593962522558832 0.015689870910486861 2197
0.011746511640119429 0.015612522319702761 2197
0.011927126136055288 0.015695943464864408 2197
0.012264329401018835 0.015998999999999999 2198
0.011928369819783364 0.015998999999999999 2198
0.011929126229343126 0.015695908580305049 2198
0.012089167156066481 0.015611523564876715 2198
0.01225332536677457 0.015682967927808728 2198
0.012581779749674981 0.015998999999999999 2199
0.012266330613039361 0.015998999999999999 2199
0.012255324445346206 0.015682906655891626 2199
0.012425869589662119 0.015596654935437779 2199
0.012579511493232561 0.015671087447243253 2199
0.012897120498336334 0.015998999999999999 2200
0.012583779797522896 0.015998999999999999 2200
0.012581511794528799 0.015671124087230412 2200
0.012768462528436397 0.015593442233684557 2200
0.012886793385748928 0.015659019512177831 2200
0.013141320561452452 0.015998999999999999 2201
0.012899121420800901 0.015998999999999999 2201
0.012888798397705107 0.015659154142970418 2201
0.013075779370396255 0.015602131215113882 2201
0.013210832258643503 0.015706821581048715 2201
0.013599 0.015541311320211647 2202
0.013599 0.015917765629719111 2202
0.01329153562254673 0.015687991469517239 2202
0.013416918396526029 0.0155400904730486 2202
0.00033628375271675936 0.015998999999999999 2203
9.9999999999999995e-07 0.015998999999999999 2203
9.9999999999999995e-07 0.015644893905499318 2203
0.0001526563162812712 0.015641658148259505 2203
0.00035443509388084375 0.01585174579533943 2203
0.00080018740754071846 0.015998999999999999 2204
0.00033829888978074014 0.015998999999999999 2204
0.00035642874001627747 0.015851920142213417 2204
0.00053609713791561927 0.015706930030955836 2204
0.00079078681969347241 0.015920847243293415 2204
0.0017640752646999036 0.015998999999999999 2205
0.0012766053427459255 0.015998999999999999 2205
0.0015042031845049822 0.015714018400129561 2205
0.0017375444337476679 0.015851517738077785 2205
0.0023777748844356059 0.015998999999999999 2206
0.0020648133653282555 0.015998999999999999 2206
0.0020948265135359362 0.01568929137326984 2206
0.0022732787841940726 0.015675468087142985 2206
0.0023969760945572725 0.015832998618287651 2206
0.0027405676212116834 0.015998999999999999 2207
0.0023797882192934041 0.015998999999999999 2207
0.0023989443095260412 0.015833388695989738 2207
0.0026419350583515413 0.015726282432332553 2207
0.0036764211244983145 0.015998999999999999 2208
0.0032702165108512431 0.015998999999999999 2208
0.00330400135265218 0.015829210793630855 2208
0.0035873376042024024 0.01573169559943588 2208
0.0051793247330395803 0.015998999999999999 2209
0.0047630195491975436 0.015998999999999999 2209
0.004846708262928749 0.015733100042883391 2209
0.0051410990349577369 0.015831782532967922 2209
0.0058903788326726582 0.015998999999999999 2210
0.0054543920894951012 0.015998999999999999 2210
0.00554295942121945 0.015732631673620778 2210
0.0058573201946609532 0.015884246366349594 2210
0.0065532251348969705 0.015998999999999999 2211
0.0061043488237268254 0.015998999999999999 2211
0.0062322318677621663 0.015724724160614309 2211
0.0065133650800311815 0.015873301600024953 2211
0.0071800890167968093 0.015998999999999996 2212
0.0067559712281421548 0.015998999999999999 2212
0.0068817746527821601 0.015722549961743236 2212
0.0071378563550613151 0.01583004031837891 2212
0.0078333043014622641 0.015998999999999999 2213
0.0074269036740787974 0.015998999999999999 2213
0.0074958572561929938 0.015683744319077982 2213
0.0075744421444979629 0.015675063254789675 2213
0.0078351773882535912 0.015917220362597004 2213
0.008309861847181705 0.015998999999999999 2214
0.0078353048259900433 0.015998999999999999 2214
0.0078371804894052065 0.015917107866281286 2214
0.0079435813445292349 0.01575817835912656 2214
0.0081981319785756866 0.01577907610940606 2214
0.0083082192039021559 0.015920131977993895 2214
0.0087349423799793786 0.015998999999999999 2215
0.0083118622809297514 0.015998999999999999 2215
0.0083102216729103676 0.015920229696680277 2215
0.0085561814804923225 0.015708861037020041 2215
0.0087249449397844743 0.015816743103931295 2215
0.0090662585429602642 0.015998999999999999 2216
0.0087369453866327999 0.015998999999999999 2216
0.0087269435938840435 0.015816663755324107 2216
0.0089064099164656869 0.015685517693177251 2216
0.0090738395969217275 0.01582657262410023 2216
0.0094227405004206777 0.015998999999999999 2217
0.0090682604750932268 0.015998999999999999 2217
0.0090758362230996537 0.015826693305460351 2217
0.0092556042155228242 0.015713985806969016 2217
0.0094265156990090831 0.015864458451826623 2217
0.0097966544051215129 0.015998999999999999 2218
0.0094247412876138185 0.015998999999999999 2218
0.0094285152904856478 0.015864501065097354 2218
0.0095962399236154041 0.015726631298987496 2218
0.009795822251168625 0.01587305096928307 2218
0.010183295419211456 0.015998999999999999 2219
0.0097986544487743965 0.015998999999999999 2219
0.0097978215758733785 0.015872942154297555 2219
0.0099422580241472699 0.015722857007090484 2219
0.010181588496000085 0.015873606933245271 2219
0.010600550253506352 0.015998999999999999 2220
0.010185295604505217 0.015998999999999999 2220
0.010183585727299443 0.015873389928511266 2220
0.010300271065517598 0.015724779803916854 2220
0.010564026677403922 0.015823300541667393 2220
0.013599 0.015920262416940358 2221
0.013599 0.015998999999999999 2221
0.013143376382847363 0.015998999999999999 2221
0.013212784009908716 0.015707259018878379 2221
0.013289859540581941 0.01568923568780976 2221
